  0
SECTION
  2
HEADER
  9
$ACADVER
  1
AC1027
  9
$ACADMAINTVER
 70
   125
  9
$DWGCODEPAGE
  3
ANSI_1251
  9
$AUTHOR
  1
admin
  9
$LASTSAVEDBY
  1
user
  9
$CUSTOMPROPERTYTAG
  1
Нач. отд.
  9
$CUSTOMPROPERTY
  1

  9
$CUSTOMPROPERTYTAG
  1
Компания
  9
$CUSTOMPROPERTY
  1

  9
$CUSTOMPROPERTYTAG
  1
Категория
  9
$CUSTOMPROPERTY
  1

  9
$CUSTOMPROPERTYTAG
  1
Обозначение
  9
$CUSTOMPROPERTY
  1
GBK 0001 на лазер 07.09.26
  9
$CUSTOMPROPERTYTAG
  1
Описание
  9
$CUSTOMPROPERTY
  1

  9
$CUSTOMPROPERTYTAG
  1
Проект
  9
$CUSTOMPROPERTY
  1
GBK КОС Губкинский 
  9
$CUSTOMPROPERTYTAG
  1
Разработал
  9
$CUSTOMPROPERTY
  1
admin
  9
$CUSTOMPROPERTYTAG
  1
Т. контр.
  9
$CUSTOMPROPERTY
  1

  9
$CUSTOMPROPERTYTAG
  1
Нач. отдела
  9
$CUSTOMPROPERTY
  1

  9
$CUSTOMPROPERTYTAG
  1
Сметчик
  9
$CUSTOMPROPERTY
  1

  9
$CUSTOMPROPERTYTAG
  1
Сметная стоимость
  9
$CUSTOMPROPERTY
  1

  9
$CUSTOMPROPERTYTAG
  1
Поставщик
  9
$CUSTOMPROPERTY
  1

  9
$CUSTOMPROPERTYTAG
  1
Статус
  9
$CUSTOMPROPERTY
  1

  9
$CUSTOMPROPERTYTAG
  1
Стадия
  9
$CUSTOMPROPERTY
  1
В работе
  9
$CUSTOMPROPERTYTAG
  1
Проверил
  9
$CUSTOMPROPERTY
  1

  9
$CUSTOMPROPERTYTAG
  1
Дата проверки
  9
$CUSTOMPROPERTY
  1
08/13/2026
  9
$CUSTOMPROPERTYTAG
  1
Нормоконтроль
  9
$CUSTOMPROPERTY
  1

  9
$CUSTOMPROPERTYTAG
  1
Утвердил
  9
$CUSTOMPROPERTY
  1

  9
$CUSTOMPROPERTYTAG
  1
Дата создания
  9
$CUSTOMPROPERTY
  1
05/28/2026
  9
$CUSTOMPROPERTYTAG
  1
Инвентарный номер
  9
$CUSTOMPROPERTY
  1

  9
$REQUIREDVERSIONS
160
                 0
  9
$INSBASE
 10
0.0
 20
0.0
 30
0.0
  9
$EXTMIN
 10
854.0102822898836
 20
5387.066575605726
 30
0.0
  9
$EXTMAX
 10
4516.423455415179
 20
9319.224638110744
 30
0.0
  9
$LIMMIN
 10
0.0
 20
0.0
  9
$LIMMAX
 10
12000.0
 20
12000.0
  9
$ORTHOMODE
 70
     0
  9
$REGENMODE
 70
     1
  9
$FILLMODE
 70
     1
  9
$QTEXTMODE
 70
     0
  9
$MIRRTEXT
 70
     0
  9
$LTSCALE
 40
1.0
  9
$ATTMODE
 70
     1
  9
$TEXTSIZE
 40
0.2
  9
$TRACEWID
 40
0.05
  9
$TEXTSTYLE
  7
Standard
  9
$CLAYER
  8
0
  9
$CELTYPE
  6
ByLayer
  9
$CECOLOR
 62
   256
  9
$CELTSCALE
 40
1.0
  9
$DISPSILH
 70
     0
  9
$DIMSCALE
 40
1.0
  9
$DIMASZ
 40
0.18
  9
$DIMEXO
 40
0.0625
  9
$DIMDLI
 40
0.38
  9
$DIMRND
 40
0.0
  9
$DIMDLE
 40
0.0
  9
$DIMEXE
 40
0.18
  9
$DIMTP
 40
0.0
  9
$DIMTM
 40
0.0
  9
$DIMTXT
 40
0.18
  9
$DIMCEN
 40
0.09
  9
$DIMTSZ
 40
0.0
  9
$DIMTOL
 70
     0
  9
$DIMLIM
 70
     0
  9
$DIMTIH
 70
     1
  9
$DIMTOH
 70
     1
  9
$DIMSE1
 70
     0
  9
$DIMSE2
 70
     0
  9
$DIMTAD
 70
     0
  9
$DIMZIN
 70
     0
  9
$DIMBLK
  1

  9
$DIMASO
 70
     1
  9
$DIMSHO
 70
     1
  9
$DIMPOST
  1

  9
$DIMAPOST
  1

  9
$DIMALT
 70
     0
  9
$DIMALTD
 70
     2
  9
$DIMALTF
 40
25.4
  9
$DIMLFAC
 40
1.0
  9
$DIMTOFL
 70
     0
  9
$DIMTVP
 40
0.0
  9
$DIMTIX
 70
     0
  9
$DIMSOXD
 70
     0
  9
$DIMSAH
 70
     0
  9
$DIMBLK1
  1

  9
$DIMBLK2
  1

  9
$DIMSTYLE
  2
Standard
  9
$DIMCLRD
 70
     0
  9
$DIMCLRE
 70
     0
  9
$DIMCLRT
 70
     0
  9
$DIMTFAC
 40
1.0
  9
$DIMGAP
 40
0.09
  9
$DIMJUST
 70
     0
  9
$DIMSD1
 70
     0
  9
$DIMSD2
 70
     0
  9
$DIMTOLJ
 70
     1
  9
$DIMTZIN
 70
     0
  9
$DIMALTZ
 70
     0
  9
$DIMALTTZ
 70
     0
  9
$DIMUPT
 70
     0
  9
$DIMDEC
 70
     4
  9
$DIMTDEC
 70
     4
  9
$DIMALTU
 70
     2
  9
$DIMALTTD
 70
     2
  9
$DIMTXSTY
  7
Standard
  9
$DIMAUNIT
 70
     0
  9
$DIMADEC
 70
     0
  9
$DIMALTRND
 40
0.0
  9
$DIMAZIN
 70
     0
  9
$DIMDSEP
 70
    46
  9
$DIMATFIT
 70
     3
  9
$DIMFRAC
 70
     0
  9
$DIMLDRBLK
  1

  9
$DIMLUNIT
 70
     2
  9
$DIMLWD
 70
    -2
  9
$DIMLWE
 70
    -2
  9
$DIMTMOVE
 70
     0
  9
$DIMFXL
 40
1.0
  9
$DIMFXLON
 70
     0
  9
$DIMJOGANG
 40
0.7853981633974483
  9
$DIMTFILL
 70
     0
  9
$DIMTFILLCLR
 70
     0
  9
$DIMARCSYM
 70
     0
  9
$DIMLTYPE
  6

  9
$DIMLTEX1
  6

  9
$DIMLTEX2
  6

  9
$DIMTXTDIRECTION
 70
     0
  9
$LUNITS
 70
     2
  9
$LUPREC
 70
     4
  9
$SKETCHINC
 40
0.1
  9
$FILLETRAD
 40
0.0
  9
$AUNITS
 70
     0
  9
$AUPREC
 70
     0
  9
$MENU
  1
.
  9
$ELEVATION
 40
0.0
  9
$PELEVATION
 40
0.0
  9
$THICKNESS
 40
0.0
  9
$LIMCHECK
 70
     0
  9
$CHAMFERA
 40
0.0
  9
$CHAMFERB
 40
0.0
  9
$CHAMFERC
 40
0.0
  9
$CHAMFERD
 40
0.0
  9
$SKPOLY
 70
     0
  9
$TDCREATE
 40
2461291.681377315
  9
$TDUCREATE
 40
2461291.556377315
  9
$TDUPDATE
 40
2461292.364259259
  9
$TDUUPDATE
 40
2461292.239259259
  9
$TDINDWG
 40
0.5991898148
  9
$TDUSRTIMER
 40
0.5991898148
  9
$USRTIMER
 70
     1
  9
$ANGBASE
 50
0.0
  9
$ANGDIR
 70
     0
  9
$PDMODE
 70
     0
  9
$PDSIZE
 40
0.0
  9
$PLINEWID
 40
0.0
  9
$SPLFRAME
 70
     0
  9
$SPLINETYPE
 70
     6
  9
$SPLINESEGS
 70
     8
  9
$HANDSEED
  5
DE3
  9
$SURFTAB1
 70
     6
  9
$SURFTAB2
 70
     6
  9
$SURFTYPE
 70
     6
  9
$SURFU
 70
     6
  9
$SURFV
 70
     6
  9
$UCSBASE
  2

  9
$UCSNAME
  2

  9
$UCSORG
 10
0.0
 20
0.0
 30
0.0
  9
$UCSXDIR
 10
1.0
 20
0.0
 30
0.0
  9
$UCSYDIR
 10
0.0
 20
1.0
 30
0.0
  9
$UCSORTHOREF
  2

  9
$UCSORTHOVIEW
 70
     0
  9
$UCSORGTOP
 10
0.0
 20
0.0
 30
0.0
  9
$UCSORGBOTTOM
 10
0.0
 20
0.0
 30
0.0
  9
$UCSORGLEFT
 10
0.0
 20
0.0
 30
0.0
  9
$UCSORGRIGHT
 10
0.0
 20
0.0
 30
0.0
  9
$UCSORGFRONT
 10
0.0
 20
0.0
 30
0.0
  9
$UCSORGBACK
 10
0.0
 20
0.0
 30
0.0
  9
$PUCSBASE
  2

  9
$PUCSNAME
  2

  9
$PUCSORG
 10
0.0
 20
0.0
 30
0.0
  9
$PUCSXDIR
 10
1.0
 20
0.0
 30
0.0
  9
$PUCSYDIR
 10
0.0
 20
1.0
 30
0.0
  9
$PUCSORTHOREF
  2

  9
$PUCSORTHOVIEW
 70
     0
  9
$PUCSORGTOP
 10
0.0
 20
0.0
 30
0.0
  9
$PUCSORGBOTTOM
 10
0.0
 20
0.0
 30
0.0
  9
$PUCSORGLEFT
 10
0.0
 20
0.0
 30
0.0
  9
$PUCSORGRIGHT
 10
0.0
 20
0.0
 30
0.0
  9
$PUCSORGFRONT
 10
0.0
 20
0.0
 30
0.0
  9
$PUCSORGBACK
 10
0.0
 20
0.0
 30
0.0
  9
$USERI1
 70
     0
  9
$USERI2
 70
     0
  9
$USERI3
 70
     0
  9
$USERI4
 70
     0
  9
$USERI5
 70
     0
  9
$USERR1
 40
0.0
  9
$USERR2
 40
0.0
  9
$USERR3
 40
0.0
  9
$USERR4
 40
0.0
  9
$USERR5
 40
0.0
  9
$WORLDVIEW
 70
     1
  9
$SHADEDGE
 70
     3
  9
$SHADEDIF
 70
    70
  9
$TILEMODE
 70
     1
  9
$MAXACTVP
 70
    64
  9
$PINSBASE
 10
0.0
 20
0.0
 30
0.0
  9
$PLIMCHECK
 70
     0
  9
$PEXTMIN
 10
0.0
 20
0.0
 30
0.0
  9
$PEXTMAX
 10
12000.0
 20
12000.0
 30
0.0
  9
$PLIMMIN
 10
0.0
 20
0.0
  9
$PLIMMAX
 10
12000.0
 20
12000.0
  9
$UNITMODE
 70
     0
  9
$VISRETAIN
 70
     1
  9
$PLINEGEN
 70
     0
  9
$PSLTSCALE
 70
     1
  9
$TREEDEPTH
 70
  3020
  9
$CMLSTYLE
  2
Standard
  9
$CMLJUST
 70
     0
  9
$CMLSCALE
 40
1.0
  9
$PROXYGRAPHICS
 70
     1
  9
$MEASUREMENT
 70
     1
  9
$CELWEIGHT
370
    -1
  9
$ENDCAPS
280
     0
  9
$JOINSTYLE
280
     0
  9
$LWDISPLAY
290
     0
  9
$INSUNITS
 70
     4
  9
$HYPERLINKBASE
  1

  9
$STYLESHEET
  1

  9
$XEDIT
290
     1
  9
$CEPSNTYPE
380
     0
  9
$PSTYLEMODE
290
     1
  9
$FINGERPRINTGUID
  2
{A1F279B6-E498-D444-86D5-2A8F3E4C95A3}
  9
$VERSIONGUID
  2
{57AEE82F-55A9-9B4B-94EF-AFCED39F7B58}
  9
$EXTNAMES
290
     1
  9
$PSVPSCALE
 40
0.0
  9
$OLESTARTUP
290
     0
  9
$SORTENTS
280
   127
  9
$INDEXCTL
280
     0
  9
$HIDETEXT
280
     1
  9
$XCLIPFRAME
280
     2
  9
$HALOGAP
280
     0
  9
$OBSCOLOR
 70
   257
  9
$OBSLTYPE
280
     0
  9
$INTERSECTIONDISPLAY
280
     0
  9
$INTERSECTIONCOLOR
 70
   257
  9
$DIMASSOC
280
     1
  9
$PROJECTNAME
  1

  9
$CAMERADISPLAY
290
     0
  9
$LENSLENGTH
 40
50.0
  9
$CAMERAHEIGHT
 40
0.0
  9
$STEPSPERSEC
 40
2.0
  9
$STEPSIZE
 40
6.0
  9
$3DDWFPREC
 40
2.0
  9
$PSOLWIDTH
 40
0.25
  9
$PSOLHEIGHT
 40
4.0
  9
$LOFTANG1
 40
1.570796326794896
  9
$LOFTANG2
 40
1.570796326794896
  9
$LOFTMAG1
 40
0.0
  9
$LOFTMAG2
 40
0.0
  9
$LOFTPARAM
 70
     7
  9
$LOFTNORMALS
280
     1
  9
$LATITUDE
 40
37.795
  9
$LONGITUDE
 40
-122.394
  9
$NORTHDIRECTION
 40
0.0
  9
$TIMEZONE
 70
 -8000
  9
$LIGHTGLYPHDISPLAY
280
     1
  9
$TILEMODELIGHTSYNCH
280
     1
  9
$CMATERIAL
347
11
  9
$SOLIDHIST
280
     0
  9
$SHOWHIST
280
     1
  9
$DWFFRAME
280
     2
  9
$DGNFRAME
280
     0
  9
$REALWORLDSCALE
290
     1
  9
$INTERFERECOLOR
 62
     1
  9
$INTERFEREOBJVS
345
33
  9
$INTERFEREVPVS
346
30
  9
$CSHADOW
280
     0
  9
$SHADOWPLANELOCATION
 40
0.0
  0
ENDSEC
  0
SECTION
  2
CLASSES
  0
CLASS
  1
ACDBDICTIONARYWDFLT
  2
AcDbDictionaryWithDefault
  3
ObjectDBX Classes
 90
        0
 91
        1
280
     0
281
     0
  0
CLASS
  1
MATERIAL
  2
AcDbMaterial
  3
ObjectDBX Classes
 90
     1153
 91
        3
280
     0
281
     0
  0
CLASS
  1
VISUALSTYLE
  2
AcDbVisualStyle
  3
ObjectDBX Classes
 90
     4095
 91
       24
280
     0
281
     0
  0
CLASS
  1
SCALE
  2
AcDbScale
  3
ObjectDBX Classes
 90
     1153
 91
       17
280
     0
281
     0
  0
CLASS
  1
TABLESTYLE
  2
AcDbTableStyle
  3
ObjectDBX Classes
 90
     4095
 91
        1
280
     0
281
     0
  0
CLASS
  1
MLEADERSTYLE
  2
AcDbMLeaderStyle
  3
ACDB_MLEADERSTYLE_CLASS
 90
     4095
 91
        1
280
     0
281
     0
  0
CLASS
  1
ACDBSECTIONVIEWSTYLE
  2
AcDbSectionViewStyle
  3
ObjectDBX Classes
 90
     1025
 91
        2
280
     0
281
     0
  0
CLASS
  1
ACDBDETAILVIEWSTYLE
  2
AcDbDetailViewStyle
  3
ObjectDBX Classes
 90
     1025
 91
        2
280
     0
281
     0
  0
CLASS
  1
DICTIONARYVAR
  2
AcDbDictionaryVar
  3
ObjectDBX Classes
 90
        0
 91
        5
280
     0
281
     0
  0
CLASS
  1
SORTENTSTABLE
  2
AcDbSortentsTable
  3
ObjectDBX Classes
 90
        0
 91
        1
280
     0
281
     0
  0
CLASS
  1
CELLSTYLEMAP
  2
AcDbCellStyleMap
  3
ObjectDBX Classes
 90
     1152
 91
        3
280
     0
281
     0
  0
ENDSEC
  0
SECTION
  2
TABLES
  0
TABLE
  2
VPORT
  5
8
330
0
100
AcDbSymbolTable
 70
     1
1001
ACAD
1000
DbSaveVer
1071
      209
  0
VPORT
  5
57
330
8
100
AcDbSymbolTableRecord
100
AcDbViewportTableRecord
  2
*Active
 70
     0
 10
0.0
 20
0.0
 11
1.0
 21
1.0
 12
4263.440346438323
 22
7502.079891296685
 13
0.0
 23
0.0
 14
1.0
 24
1.0
 15
0.0
 25
0.0
 16
0.0
 26
0.0
 36
1.0
 17
0.0
 27
0.0
 37
0.0
 40
7136.132722218521
 41
2.118266978922716
 42
50.0
 43
0.0
 44
0.0
 50
0.0
 51
0.0
 71
     0
 72
   100
 73
     1
 74
     1
 75
     0
 76
     0
 77
     0
 78
     0
281
     0
 65
     1
110
0.0
120
0.0
130
0.0
111
1.0
121
0.0
131
0.0
112
0.0
122
1.0
132
0.0
 79
     0
146
0.0
348
2F
 60
     3
 61
     5
292
     1
282
     1
141
0.0
142
0.0
 63
   250
421
  3355443
1001
ACAD_NAV_VCDISPLAY
1070
     3
  0
ENDTAB
  0
TABLE
  2
LTYPE
  5
5
330
0
100
AcDbSymbolTable
 70
    60
  0
LTYPE
  5
5B
330
5
100
AcDbSymbolTableRecord
100
AcDbLinetypeTableRecord
  2
ByBlock
 70
     0
  3

 72
    65
 73
     0
 40
0.0
  0
LTYPE
  5
5C
330
5
100
AcDbSymbolTableRecord
100
AcDbLinetypeTableRecord
  2
ByLayer
 70
     0
  3

 72
    65
 73
     0
 40
0.0
  0
LTYPE
  5
5D
330
5
100
AcDbSymbolTableRecord
100
AcDbLinetypeTableRecord
  2
Continuous
 70
     0
  3
Solid line
 72
    65
 73
     0
 40
0.0
  0
LTYPE
  5
82
330
5
100
AcDbSymbolTableRecord
100
AcDbLinetypeTableRecord
  2
Section_View_Lines
 70
     0
  3
Section View Lines
 72
    65
 73
     4
 40
0.8406
 49
0.6614
 74
     0
 49
-0.0827
 74
     0
 49
0.0138
 74
     0
 49
-0.0827
 74
     0
  0
LTYPE
  5
83
330
5
100
AcDbSymbolTableRecord
100
AcDbLinetypeTableRecord
  2
CHAIN
 70
     0
  3
Chain ____ _ ____ _ ____ _ ____ _ ____ _ ____
 72
    65
 73
     4
 40
0.3543
 49
0.2362
 74
     0
 49
-0.0295
 74
     0
 49
0.0591
 74
     0
 49
-0.0295
 74
     0
  0
LTYPE
  5
84
330
5
100
AcDbSymbolTableRecord
100
AcDbLinetypeTableRecord
  2
DASH_DOT
 70
     0
  3
Dash dot _._._._._._._._._._._._._._._.
 72
    65
 73
     4
 40
0.37
 49
0.24
 74
     0
 49
-0.06
 74
     0
 49
0.01
 74
     0
 49
-0.06
 74
     0
  0
LTYPE
  5
85
330
5
100
AcDbSymbolTableRecord
100
AcDbLinetypeTableRecord
  2
DASH_DOUBLE_DOT
 70
     0
  3
Dash Double Dot __ __ . __ __ . __ __ . __ _
 72
    65
 73
     6
 40
0.4398
 49
0.24
 74
     0
 49
-0.06
 74
     0
 49
0.0098
 74
     0
 49
-0.06
 74
     0
 49
0.01
 74
     0
 49
-0.06
 74
     0
  0
LTYPE
  5
86
330
5
100
AcDbSymbolTableRecord
100
AcDbLinetypeTableRecord
  2
DASH_TRIPLE_DOT
 70
     0
  3
Dash Triple-Dot _ . . . _ . . . _ . . . _
 72
    65
 73
     8
 40
0.51
 49
0.24
 74
     0
 49
-0.06
 74
     0
 49
0.01
 74
     0
 49
-0.06
 74
     0
 49
0.01
 74
     0
 49
-0.06
 74
     0
 49
0.01
 74
     0
 49
-0.06
 74
     0
  0
LTYPE
  5
87
330
5
100
AcDbSymbolTableRecord
100
AcDbLinetypeTableRecord
  2
DASHED
 70
     0
  3
Dashed __ __ __ __ __ __ __ __ __ __ __ __ __ _
 72
    65
 73
     2
 40
0.2067
 49
0.1654
 74
     0
 49
-0.0413
 74
     0
  0
LTYPE
  5
88
330
5
100
AcDbSymbolTableRecord
100
AcDbLinetypeTableRecord
  2
DASHED_SPACE
 70
     0
  3
Dashed Space _._._._._._._._._._._._._._._.
 72
    65
 73
     2
 40
0.2067
 49
0.1654
 74
     0
 49
-0.0413
 74
     0
  0
LTYPE
  5
89
330
5
100
AcDbSymbolTableRecord
100
AcDbLinetypeTableRecord
  2
DOTTED
 70
     0
  3
Dotted . . . . . . . . . . . . . . . . . . . . 
 72
    65
 73
     2
 40
0.0482
 49
0.0069
 74
     0
 49
-0.0413
 74
     0
  0
LTYPE
  5
8A
330
5
100
AcDbSymbolTableRecord
100
AcDbLinetypeTableRecord
  2
DOUBLE_DASH_CHAIN
 70
     0
  3
Double Dash Chain ___ _ _ ___ _ _ ___ _ _ ___ _
 72
    65
 73
     6
 40
1.240299999999999
 49
0.6614
 74
     0
 49
-0.0827
 74
     0
 49
0.1654
 74
     0
 49
-0.0827
 74
     0
 49
0.1654
 74
     0
 49
-0.0827
 74
     0
  0
LTYPE
  5
8B
330
5
100
AcDbSymbolTableRecord
100
AcDbLinetypeTableRecord
  2
DOUBLE_DASH_DOT
 70
     0
  3
Double Dash Dot __ __ . __ __ . __ __ . __ _
 72
    65
 73
     6
 40
0.67
 49
0.24
 74
     0
 49
-0.06
 74
     0
 49
0.24
 74
     0
 49
-0.06
 74
     0
 49
0.01
 74
     0
 49
-0.06
 74
     0
  0
LTYPE
  5
8C
330
5
100
AcDbSymbolTableRecord
100
AcDbLinetypeTableRecord
  2
DOUBLE_DASH_DOUBLE_DOT
 70
     0
  3
Double-dash double-dot _ _ . . _ _ . . _
 72
    65
 73
     8
 40
0.7400000000000001
 49
0.24
 74
     0
 49
-0.06
 74
     0
 49
0.24
 74
     0
 49
-0.06
 74
     0
 49
0.01
 74
     0
 49
-0.06
 74
     0
 49
0.01
 74
     0
 49
-0.06
 74
     0
  0
LTYPE
  5
8D
330
5
100
AcDbSymbolTableRecord
100
AcDbLinetypeTableRecord
  2
DOUBLE_DASH_TRIPLE_DOT
 70
     0
  3
Double Dash Triple Dot __ __ . . . __ __ . . .
 72
    65
 73
    10
 40
0.8100000000000001
 49
0.24
 74
     0
 49
-0.06
 74
     0
 49
0.24
 74
     0
 49
-0.06
 74
     0
 49
0.01
 74
     0
 49
-0.06
 74
     0
 49
0.01
 74
     0
 49
-0.06
 74
     0
 49
0.01
 74
     0
 49
-0.06
 74
     0
  0
LTYPE
  5
8E
330
5
100
AcDbSymbolTableRecord
100
AcDbLinetypeTableRecord
  2
LONG_DASH_DOTTED
 70
     0
  3
Long-Dash Dot ____ . ____ . ____ . ____ . _
 72
    65
 73
     4
 40
0.3001
 49
0.2362
 74
     0
 49
-0.0295
 74
     0
 49
0.0049
 74
     0
 49
-0.0295
 74
     0
  0
LTYPE
  5
8F
330
5
100
AcDbSymbolTableRecord
100
AcDbLinetypeTableRecord
  2
LONG_DASH_DOUBLE_DOT
 70
     0
  3
Long Dash Double Dot ____ . . ____ . . ____ . .
 72
    65
 73
     6
 40
0.3345
 49
0.2362
 74
     0
 49
-0.0295
 74
     0
 49
0.0049
 74
     0
 49
-0.0295
 74
     0
 49
0.0049
 74
     0
 49
-0.0295
 74
     0
  0
LTYPE
  5
90
330
5
100
AcDbSymbolTableRecord
100
AcDbLinetypeTableRecord
  2
LONG_DASH_TRIPLE_DOT
 70
     0
  3
Long Dash Triple Dot ____ ... ____ ... ____
 72
    65
 73
     8
 40
0.75
 49
0.48
 74
     0
 49
-0.06
 74
     0
 49
0.01
 74
     0
 49
-0.06
 74
     0
 49
0.01
 74
     0
 49
-0.06
 74
     0
 49
0.01
 74
     0
 49
-0.06
 74
     0
  0
LTYPE
  5
91
330
5
100
AcDbSymbolTableRecord
100
AcDbLinetypeTableRecord
  2
BORDER
 70
     0
  3
Border __ __ . __ __ . __ __ . __ __ . __ __ .
 72
    65
 73
     6
 40
44.45
 49
12.7
 74
     0
 49
-6.349999999999999
 74
     0
 49
12.7
 74
     0
 49
-6.349999999999999
 74
     0
 49
0.0
 74
     0
 49
-6.349999999999999
 74
     0
  0
LTYPE
  5
92
330
5
100
AcDbSymbolTableRecord
100
AcDbLinetypeTableRecord
  2
BORDER2
 70
     0
  3
Border (.5x) __.__.__.__.__.__.__.__.__.__.__.
 72
    65
 73
     6
 40
22.225
 49
6.349999999999999
 74
     0
 49
-3.174999999999999
 74
     0
 49
6.349999999999999
 74
     0
 49
-3.174999999999999
 74
     0
 49
0.0
 74
     0
 49
-3.174999999999999
 74
     0
  0
LTYPE
  5
93
330
5
100
AcDbSymbolTableRecord
100
AcDbLinetypeTableRecord
  2
BORDERX2
 70
     0
  3
Border (2x) ____  ____  .  ____  ____  .  ___
 72
    65
 73
     6
 40
88.9
 49
25.4
 74
     0
 49
-12.7
 74
     0
 49
25.4
 74
     0
 49
-12.7
 74
     0
 49
0.0
 74
     0
 49
-12.7
 74
     0
  0
LTYPE
  5
94
330
5
100
AcDbSymbolTableRecord
100
AcDbLinetypeTableRecord
  2
CENTER
 70
     0
  3
Center ____ _ ____ _ ____ _ ____ _ ____ _ ____
 72
    65
 73
     4
 40
50.8
 49
31.75
 74
     0
 49
-6.349999999999999
 74
     0
 49
6.349999999999999
 74
     0
 49
-6.349999999999999
 74
     0
  0
LTYPE
  5
95
330
5
100
AcDbSymbolTableRecord
100
AcDbLinetypeTableRecord
  2
CENTER2
 70
     0
  3
Center (.5x) ___ _ ___ _ ___ _ ___ _ ___ _ ___
 72
    65
 73
     4
 40
28.575
 49
19.05
 74
     0
 49
-3.174999999999999
 74
     0
 49
3.174999999999999
 74
     0
 49
-3.174999999999999
 74
     0
  0
LTYPE
  5
96
330
5
100
AcDbSymbolTableRecord
100
AcDbLinetypeTableRecord
  2
CENTERX2
 70
     0
  3
Center (2x) ________  __  ________  __  _____
 72
    65
 73
     4
 40
101.6
 49
63.5
 74
     0
 49
-12.7
 74
     0
 49
12.7
 74
     0
 49
-12.7
 74
     0
  0
LTYPE
  5
97
330
5
100
AcDbSymbolTableRecord
100
AcDbLinetypeTableRecord
  2
DASHDOT2
 70
     0
  3
Dash dot (.5x) _._._._._._._._._._._._._._._.
 72
    65
 73
     4
 40
12.7
 49
6.349999999999999
 74
     0
 49
-3.174999999999999
 74
     0
 49
0.0
 74
     0
 49
-3.174999999999999
 74
     0
  0
LTYPE
  5
98
330
5
100
AcDbSymbolTableRecord
100
AcDbLinetypeTableRecord
  2
DASHDOTX2
 70
     0
  3
Dash dot (2x) ____  .  ____  .  ____  .  ___
 72
    65
 73
     4
 40
50.8
 49
25.4
 74
     0
 49
-12.7
 74
     0
 49
0.0
 74
     0
 49
-12.7
 74
     0
  0
LTYPE
  5
99
330
5
100
AcDbSymbolTableRecord
100
AcDbLinetypeTableRecord
  2
DASHED2
 70
     0
  3
Dashed (.5x) _ _ _ _ _ _ _ _ _ _ _ _ _ _ _ _ _
 72
    65
 73
     2
 40
9.524999999999998
 49
6.349999999999999
 74
     0
 49
-3.174999999999999
 74
     0
  0
LTYPE
  5
9A
330
5
100
AcDbSymbolTableRecord
100
AcDbLinetypeTableRecord
  2
DASHEDX2
 70
     0
  3
Dashed (2x) ____  ____  ____  ____  ____  ___
 72
    65
 73
     2
 40
38.1
 49
25.4
 74
     0
 49
-12.7
 74
     0
  0
LTYPE
  5
9B
330
5
100
AcDbSymbolTableRecord
100
AcDbLinetypeTableRecord
  2
DIVIDE
 70
     0
  3
Divide ____ . . ____ . . ____ . . ____ . . ____
 72
    65
 73
     6
 40
31.75
 49
12.7
 74
     0
 49
-6.349999999999999
 74
     0
 49
0.0
 74
     0
 49
-6.349999999999999
 74
     0
 49
0.0
 74
     0
 49
-6.349999999999999
 74
     0
  0
LTYPE
  5
9C
330
5
100
AcDbSymbolTableRecord
100
AcDbLinetypeTableRecord
  2
DIVIDE2
 70
     0
  3
Divide (.5x) __..__..__..__..__..__..__..__.._
 72
    65
 73
     6
 40
15.875
 49
6.349999999999999
 74
     0
 49
-3.174999999999999
 74
     0
 49
0.0
 74
     0
 49
-3.174999999999999
 74
     0
 49
0.0
 74
     0
 49
-3.174999999999999
 74
     0
  0
LTYPE
  5
9D
330
5
100
AcDbSymbolTableRecord
100
AcDbLinetypeTableRecord
  2
DIVIDEX2
 70
     0
  3
Divide (2x) ________  .  .  ________  .  .  _
 72
    65
 73
     6
 40
63.49999999999999
 49
25.4
 74
     0
 49
-12.7
 74
     0
 49
0.0
 74
     0
 49
-12.7
 74
     0
 49
0.0
 74
     0
 49
-12.7
 74
     0
  0
LTYPE
  5
9E
330
5
100
AcDbSymbolTableRecord
100
AcDbLinetypeTableRecord
  2
DOT
 70
     0
  3
Dot . . . . . . . . . . . . . . . . . . . . . .
 72
    65
 73
     2
 40
6.349999999999999
 49
0.0
 74
     0
 49
-6.349999999999999
 74
     0
  0
LTYPE
  5
9F
330
5
100
AcDbSymbolTableRecord
100
AcDbLinetypeTableRecord
  2
DOT2
 70
     0
  3
Dot (.5x) .....................................
 72
    65
 73
     2
 40
3.174999999999999
 49
0.0
 74
     0
 49
-3.174999999999999
 74
     0
  0
LTYPE
  5
A0
330
5
100
AcDbSymbolTableRecord
100
AcDbLinetypeTableRecord
  2
DOTX2
 70
     0
  3
Dot (2x) .  .  .  .  .  .  .  .  .  .  .  .  . 
 72
    65
 73
     2
 40
12.7
 49
0.0
 74
     0
 49
-12.7
 74
     0
  0
LTYPE
  5
A1
330
5
100
AcDbSymbolTableRecord
100
AcDbLinetypeTableRecord
  2
HIDDEN
 70
     0
  3
Hidden __ __ __ __ __ __ __ __ __ __ __ __ __ _
 72
    65
 73
     2
 40
9.524999999999998
 49
6.349999999999999
 74
     0
 49
-3.174999999999999
 74
     0
  0
LTYPE
  5
A2
330
5
100
AcDbSymbolTableRecord
100
AcDbLinetypeTableRecord
  2
HIDDEN2
 70
     0
  3
Hidden (.5x) _ _ _ _ _ _ _ _ _ _ _ _ _ _ _ _ _
 72
    65
 73
     2
 40
4.762499999999999
 49
3.174999999999999
 74
     0
 49
-1.587499999999999
 74
     0
  0
LTYPE
  5
A3
330
5
100
AcDbSymbolTableRecord
100
AcDbLinetypeTableRecord
  2
HIDDENX2
 70
     0
  3
Hidden (2x) ____ ____ ____ ____ ____ ____ ____
 72
    65
 73
     2
 40
19.05
 49
12.7
 74
     0
 49
-6.349999999999999
 74
     0
  0
LTYPE
  5
A4
330
5
100
AcDbSymbolTableRecord
100
AcDbLinetypeTableRecord
  2
PHANTOM
 70
     0
  3
Phantom ______  __  __  ______  __  __  ______
 72
    65
 73
     6
 40
63.5
 49
31.75
 74
     0
 49
-6.349999999999999
 74
     0
 49
6.349999999999999
 74
     0
 49
-6.349999999999999
 74
     0
 49
6.349999999999999
 74
     0
 49
-6.349999999999999
 74
     0
  0
LTYPE
  5
A5
330
5
100
AcDbSymbolTableRecord
100
AcDbLinetypeTableRecord
  2
PHANTOM2
 70
     0
  3
Phantom (.5x) ___ _ _ ___ _ _ ___ _ _ ___ _ _
 72
    65
 73
     6
 40
31.75
 49
15.875
 74
     0
 49
-3.174999999999999
 74
     0
 49
3.174999999999999
 74
     0
 49
-3.174999999999999
 74
     0
 49
3.174999999999999
 74
     0
 49
-3.174999999999999
 74
     0
  0
LTYPE
  5
A6
330
5
100
AcDbSymbolTableRecord
100
AcDbLinetypeTableRecord
  2
PHANTOMX2
 70
     0
  3
Phantom (2x) ____________    ____    ____   _
 72
    65
 73
     6
 40
127.0
 49
63.5
 74
     0
 49
-12.7
 74
     0
 49
12.7
 74
     0
 49
-12.7
 74
     0
 49
12.7
 74
     0
 49
-12.7
 74
     0
  0
LTYPE
  5
A7
330
5
100
AcDbSymbolTableRecord
100
AcDbLinetypeTableRecord
  2
ACAD_ISO02W100
 70
     0
  3
ISO dash __ __ __ __ __ __ __ __ __ __ __ __ __
 72
    65
 73
     2
 40
15.0
 49
12.0
 74
     0
 49
-3.0
 74
     0
  0
LTYPE
  5
A8
330
5
100
AcDbSymbolTableRecord
100
AcDbLinetypeTableRecord
  2
ACAD_ISO03W100
 70
     0
  3
ISO dash space __    __    __    __    __    __
 72
    65
 73
     2
 40
30.0
 49
12.0
 74
     0
 49
-18.0
 74
     0
  0
LTYPE
  5
A9
330
5
100
AcDbSymbolTableRecord
100
AcDbLinetypeTableRecord
  2
ACAD_ISO04W100
 70
     0
  3
ISO long-dash dot ____ . ____ . ____ . ____ . _
 72
    65
 73
     4
 40
30.0
 49
24.0
 74
     0
 49
-3.0
 74
     0
 49
0.0
 74
     0
 49
-3.0
 74
     0
  0
LTYPE
  5
AA
330
5
100
AcDbSymbolTableRecord
100
AcDbLinetypeTableRecord
  2
ACAD_ISO05W100
 70
     0
  3
ISO long-dash double-dot ____ .. ____ .. ____ .
 72
    65
 73
     6
 40
33.0
 49
24.0
 74
     0
 49
-3.0
 74
     0
 49
0.0
 74
     0
 49
-3.0
 74
     0
 49
0.0
 74
     0
 49
-3.0
 74
     0
  0
LTYPE
  5
AB
330
5
100
AcDbSymbolTableRecord
100
AcDbLinetypeTableRecord
  2
ACAD_ISO06W100
 70
     0
  3
ISO long-dash triple-dot ____ ... ____ ... ____
 72
    65
 73
     8
 40
36.0
 49
24.0
 74
     0
 49
-3.0
 74
     0
 49
0.0
 74
     0
 49
-3.0
 74
     0
 49
0.0
 74
     0
 49
-3.0
 74
     0
 49
0.0
 74
     0
 49
-3.0
 74
     0
  0
LTYPE
  5
AC
330
5
100
AcDbSymbolTableRecord
100
AcDbLinetypeTableRecord
  2
ACAD_ISO07W100
 70
     0
  3
ISO dot . . . . . . . . . . . . . . . . . . . .
 72
    65
 73
     2
 40
3.0
 49
0.0
 74
     0
 49
-3.0
 74
     0
  0
LTYPE
  5
AD
330
5
100
AcDbSymbolTableRecord
100
AcDbLinetypeTableRecord
  2
ACAD_ISO08W100
 70
     0
  3
ISO long-dash short-dash ____ __ ____ __ ____ _
 72
    65
 73
     4
 40
36.0
 49
24.0
 74
     0
 49
-3.0
 74
     0
 49
6.0
 74
     0
 49
-3.0
 74
     0
  0
LTYPE
  5
AE
330
5
100
AcDbSymbolTableRecord
100
AcDbLinetypeTableRecord
  2
ACAD_ISO09W100
 70
     0
  3
ISO long-dash double-short-dash ____ __ __ ____
 72
    65
 73
     6
 40
45.0
 49
24.0
 74
     0
 49
-3.0
 74
     0
 49
6.0
 74
     0
 49
-3.0
 74
     0
 49
6.0
 74
     0
 49
-3.0
 74
     0
  0
LTYPE
  5
AF
330
5
100
AcDbSymbolTableRecord
100
AcDbLinetypeTableRecord
  2
ACAD_ISO10W100
 70
     0
  3
ISO dash dot __ . __ . __ . __ . __ . __ . __ .
 72
    65
 73
     4
 40
18.0
 49
12.0
 74
     0
 49
-3.0
 74
     0
 49
0.0
 74
     0
 49
-3.0
 74
     0
  0
LTYPE
  5
B0
330
5
100
AcDbSymbolTableRecord
100
AcDbLinetypeTableRecord
  2
ACAD_ISO11W100
 70
     0
  3
ISO double-dash dot __ __ . __ __ . __ __ . __ 
 72
    65
 73
     6
 40
33.0
 49
12.0
 74
     0
 49
-3.0
 74
     0
 49
12.0
 74
     0
 49
-3.0
 74
     0
 49
0.0
 74
     0
 49
-3.0
 74
     0
  0
LTYPE
  5
B1
330
5
100
AcDbSymbolTableRecord
100
AcDbLinetypeTableRecord
  2
ACAD_ISO12W100
 70
     0
  3
ISO dash double-dot __ . . __ . . __ . . __ . .
 72
    65
 73
     6
 40
21.0
 49
12.0
 74
     0
 49
-3.0
 74
     0
 49
0.0
 74
     0
 49
-3.0
 74
     0
 49
0.0
 74
     0
 49
-3.0
 74
     0
  0
LTYPE
  5
B2
330
5
100
AcDbSymbolTableRecord
100
AcDbLinetypeTableRecord
  2
ACAD_ISO13W100
 70
     0
  3
ISO double-dash double-dot __ __ . . __ __ . . 
 72
    65
 73
     8
 40
36.0
 49
12.0
 74
     0
 49
-3.0
 74
     0
 49
12.0
 74
     0
 49
-3.0
 74
     0
 49
0.0
 74
     0
 49
-3.0
 74
     0
 49
0.0
 74
     0
 49
-3.0
 74
     0
  0
LTYPE
  5
B3
330
5
100
AcDbSymbolTableRecord
100
AcDbLinetypeTableRecord
  2
ACAD_ISO14W100
 70
     0
  3
ISO dash triple-dot __ . . . __ . . . __ . . . 
 72
    65
 73
     8
 40
24.0
 49
12.0
 74
     0
 49
-3.0
 74
     0
 49
0.0
 74
     0
 49
-3.0
 74
     0
 49
0.0
 74
     0
 49
-3.0
 74
     0
 49
0.0
 74
     0
 49
-3.0
 74
     0
  0
LTYPE
  5
B4
330
5
100
AcDbSymbolTableRecord
100
AcDbLinetypeTableRecord
  2
ACAD_ISO15W100
 70
     0
  3
ISO double-dash triple-dot __ __ . . . __ __ . 
 72
    65
 73
    10
 40
39.0
 49
12.0
 74
     0
 49
-3.0
 74
     0
 49
12.0
 74
     0
 49
-3.0
 74
     0
 49
0.0
 74
     0
 49
-3.0
 74
     0
 49
0.0
 74
     0
 49
-3.0
 74
     0
 49
0.0
 74
     0
 49
-3.0
 74
     0
  0
LTYPE
  5
B7
330
5
100
AcDbSymbolTableRecord
100
AcDbLinetypeTableRecord
  2
FENCELINE1
 70
     0
  3
Fenceline circle ----0-----0----0-----0----0---
 72
    65
 73
     4
 40
36.83
 49
6.349999999999999
 74
     0
 49
-2.54
 74
     4
 75
   133
340
B6
 46
2.54
 50
0.0
 44
-2.54
 45
0.0
 49
-2.54
 74
     0
 49
25.4
 74
     0
  0
LTYPE
  5
B8
330
5
100
AcDbSymbolTableRecord
100
AcDbLinetypeTableRecord
  2
FENCELINE2
 70
     0
  3
Fenceline square ----[]-----[]----[]-----[]----
 72
    65
 73
     4
 40
36.83
 49
6.349999999999999
 74
     0
 49
-2.54
 74
     4
 75
   132
340
B6
 46
2.54
 50
0.0
 44
-2.54
 45
0.0
 49
-2.54
 74
     0
 49
25.4
 74
     0
  0
LTYPE
  5
B9
330
5
100
AcDbSymbolTableRecord
100
AcDbLinetypeTableRecord
  2
TRACKS
 70
     0
  3
Tracks -|-|-|-|-|-|-|-|-|-|-|-|-|-|-|-|-|-|-|-|
 72
    65
 73
     2
 40
7.62
 49
3.81
 74
     4
 75
   130
340
B6
 46
6.349999999999999
 50
0.0
 44
0.0
 45
0.0
 49
3.81
 74
     0
  0
LTYPE
  5
BA
330
5
100
AcDbSymbolTableRecord
100
AcDbLinetypeTableRecord
  2
BATTING
 70
     0
  3
Batting SSSSSSSSSSSSSSSSSSSSSSSSSSSSSSSSSSSSSSS
 72
    65
 73
     4
 40
10.16254
 49
0.00254
 74
     0
 49
-2.54
 74
     4
 75
   134
340
B6
 46
2.54
 50
0.0
 44
-2.54
 45
0.0
 49
-5.08
 74
     4
 75
   134
340
B6
 46
2.54
 50
180.0
 44
2.54
 45
0.0
 49
-2.54
 74
     0
  0
LTYPE
  5
BB
330
5
100
AcDbSymbolTableRecord
100
AcDbLinetypeTableRecord
  2
HOT_WATER_SUPPLY
 70
     0
  3
Hot water supply ---- HW ---- HW ---- HW ----
 72
    65
 73
     3
 40
22.86
 49
12.7
 74
     0
 49
-5.08
 74
     2
 75
     0
340
55
 46
2.54
 50
0.0
 44
-2.54
 45
-1.27
  9
HW
 49
-5.08
 74
     0
  0
LTYPE
  5
BC
330
5
100
AcDbSymbolTableRecord
100
AcDbLinetypeTableRecord
  2
GAS_LINE
 70
     0
  3
Gas line ----GAS----GAS----GAS----GAS----GAS---
 72
    65
 73
     3
 40
24.13
 49
12.7
 74
     0
 49
-5.08
 74
     2
 75
     0
340
55
 46
2.54
 50
0.0
 44
-2.54
 45
-1.27
  9
GAS
 49
-6.349999999999999
 74
     0
  0
LTYPE
  5
BD
330
5
100
AcDbSymbolTableRecord
100
AcDbLinetypeTableRecord
  2
ZIGZAG
 70
     0
  3
Zig zag /\/\/\/\/\/\/\/\/\/\/\/\/\/\/\/\/\/\/\/
 72
    65
 73
     4
 40
20.32254
 49
0.00254
 74
     0
 49
-5.08
 74
     4
 75
   131
340
B6
 46
5.08
 50
0.0
 44
-5.08
 45
0.0
 49
-10.16
 74
     4
 75
   131
340
B6
 46
5.08
 50
180.0
 44
5.08
 45
0.0
 49
-5.08
 74
     0
  0
ENDTAB
  0
TABLE
  2
LAYER
  5
2
102
{ACAD_XDICTIONARY
360
C97
102
}
330
0
100
AcDbSymbolTable
 70
     4
  0
LAYER
  5
54
330
2
100
AcDbSymbolTableRecord
100
AcDbLayerTableRecord
  2
0
 70
     0
 62
     7
  6
Continuous
370
    -3
390
F
347
21
348
0
  0
LAYER
  5
C1
330
2
100
AcDbSymbolTableRecord
100
AcDbLayerTableRecord
  2
Видимый контур (ISO)
 70
     0
 62
     7
  6
Continuous
370
    50
390
F
347
21
348
0
  0
LAYER
  5
CD
330
2
100
AcDbSymbolTableRecord
100
AcDbLayerTableRecord
  2
Обозначение (ISO)
 70
     0
 62
     7
  6
Continuous
370
    25
390
F
347
21
348
0
  0
LAYER
  5
D0
330
2
100
AcDbSymbolTableRecord
100
AcDbLayerTableRecord
  2
Осевая линия сгиба (ISO)
 70
     0
 62
     7
  6
Continuous
370
    25
390
F
347
21
348
0
  0
ENDTAB
  0
TABLE
  2
STYLE
  5
3
330
0
100
AcDbSymbolTable
 70
    10
  0
STYLE
  5
55
330
3
100
AcDbSymbolTableRecord
100
AcDbTextStyleTableRecord
  2
Standard
 70
     0
 40
0.0
 41
1.0
 50
0.0
 71
     0
 42
0.2
  3
txt
  4

  0
STYLE
  5
5A
330
3
100
AcDbSymbolTableRecord
100
AcDbTextStyleTableRecord
  2
Annotative
 70
     0
 40
0.0
 41
1.0
 50
0.0
 71
     0
 42
0.2
  3
txt
  4

1001
AcadAnnotative
1000
AnnotativeData
1002
{
1070
     1
1070
     1
1002
}
  0
STYLE
  5
B6
330
3
100
AcDbSymbolTableRecord
100
AcDbTextStyleTableRecord
  2

 70
     1
 40
0.0
 41
1.0
 50
0.0
 71
     0
 42
0.2
  3
ltypeshp.shx
  4

  0
STYLE
  5
D8
330
3
100
AcDbSymbolTableRecord
100
AcDbTextStyleTableRecord
  2
Laser Note Text (DIN)
 70
     0
 40
0.0
 41
1.0
 50
0.0
 71
     0
 42
0.2
  3
isocpeur.ttf
  4

1001
ACAD
1000
ISOCPEUR
1071
      256
  0
STYLE
  5
D9
330
3
100
AcDbSymbolTableRecord
100
AcDbTextStyleTableRecord
  2
Обычный текст (ГОСТ)
 70
     0
 40
0.0
 41
1.0
 50
0.0
 71
     0
 42
0.2
  3
GOST Common Italic.ttf
  4

1001
ACAD
1000
GOST Common
1071
 16777472
  0
STYLE
  5
DA
330
3
100
AcDbSymbolTableRecord
100
AcDbTextStyleTableRecord
  2
Пояснительный текст (DIN)
 70
     0
 40
0.0
 41
1.0
 50
0.0
 71
     0
 42
0.2
  3
isocpeur.ttf
  4

1001
ACAD
1000
ISOCPEUR
1071
      256
  0
STYLE
  5
DB
330
3
100
AcDbSymbolTableRecord
100
AcDbTextStyleTableRecord
  2
Пояснительный текст (ISO)
 70
     0
 40
0.0
 41
1.0
 50
0.0
 71
     0
 42
0.2
  3
tahoma.ttf
  4

1001
ACAD
1000
Tahoma
1071
      256
  0
STYLE
  5
DC
330
3
100
AcDbSymbolTableRecord
100
AcDbTextStyleTableRecord
  2
Текст наименования (DIN)
 70
     0
 40
0.0
 41
1.0
 50
0.0
 71
     0
 42
0.2
  3
isocpeur.ttf
  4

1001
ACAD
1000
ISOCPEUR
1071
      256
  0
STYLE
  5
114
330
3
100
AcDbSymbolTableRecord
100
AcDbTextStyleTableRecord
  2
Стиль текста68
 70
     0
 40
0.0
 41
1.0
 50
0.0
 71
     0
 42
0.2
  3
GOST Common Italic.ttf
  4

1001
ACAD
1000
GOST Common
1071
 16777472
  0
STYLE
  5
725
330
3
100
AcDbSymbolTableRecord
100
AcDbTextStyleTableRecord
  2
Стиль текста72
 70
     0
 40
0.0
 41
1.0
 50
0.0
 71
     0
 42
0.2
  3
isocpeur.ttf
  4

1001
ACAD
1000
ISOCPEUR
1071
      256
  0
ENDTAB
  0
TABLE
  2
VIEW
  5
6
330
0
100
AcDbSymbolTable
 70
     2
  0
ENDTAB
  0
TABLE
  2
UCS
  5
7
330
0
100
AcDbSymbolTable
 70
     0
  0
ENDTAB
  0
TABLE
  2
APPID
  5
9
330
0
100
AcDbSymbolTable
 70
     4
  0
APPID
  5
56
330
9
100
AcDbSymbolTableRecord
100
AcDbRegAppTableRecord
  2
ACAD
 70
     0
  0
APPID
  5
5E
330
9
100
AcDbSymbolTableRecord
100
AcDbRegAppTableRecord
  2
AcadAnnotative
 70
     0
  0
APPID
  5
C9D
330
9
100
AcDbSymbolTableRecord
100
AcDbRegAppTableRecord
  2
ACAD_NAV_VCDISPLAY
 70
     0
  0
APPID
  5
CD2
330
9
100
AcDbSymbolTableRecord
100
AcDbRegAppTableRecord
  2
ACAD_EXEMPT_FROM_CAD_STANDARDS
 70
     0
  0
ENDTAB
  0
TABLE
  2
DIMSTYLE
  5
A
330
0
100
AcDbSymbolTable
 70
    15
100
AcDbDimStyleTable
 71
     1
340
58
  0
DIMSTYLE
105
58
330
A
100
AcDbSymbolTableRecord
100
AcDbDimStyleTableRecord
  2
Standard
 70
     0
340
55
  0
DIMSTYLE
105
59
330
A
100
AcDbSymbolTableRecord
100
AcDbDimStyleTableRecord
  2
Annotative
 70
     0
340
55
1001
AcadAnnotative
1000
AnnotativeData
1002
{
1070
     1
1070
     1
1002
}
  0
DIMSTYLE
105
DD
330
A
100
AcDbSymbolTableRecord
100
AcDbDimStyleTableRecord
  2
Copy of Default (DIN)
 70
     0
 41
2.5
 42
0.8
 43
5.999999999999999
 44
3.174999999999999
 46
10.0
 49
0.0
 73
     0
 74
     0
 77
     1
140
3.5
143
0.0393700787401575
147
0.8
171
     3
172
     1
176
   256
177
   256
178
   256
271
     0
272
     2
274
     3
278
    44
340
DA
341
DE
371
    -1
372
    -1
  0
DIMSTYLE
105
E1
330
A
100
AcDbSymbolTableRecord
100
AcDbDimStyleTableRecord
  2
Copy of Default (DIN)$7
 70
     0
 41
5.0
 42
0.8
 43
5.999999999999999
 44
3.174999999999999
 46
10.0
 49
0.0
 73
     0
 74
     0
 77
     1
140
3.5
143
0.0393700787401575
147
0.8
171
     3
172
     1
176
   256
177
   256
178
   256
271
     0
272
     2
274
     3
278
    44
340
DA
341
DE
371
    25
372
    -1
  0
DIMSTYLE
105
E2
330
A
100
AcDbSymbolTableRecord
100
AcDbDimStyleTableRecord
  2
Архитектурные - m_ cm (DIN)
 70
     0
 41
2.5
 42
0.8
 43
5.999999999999999
 44
3.174999999999999
 45
0.005
 46
2.0
 49
6.825
 73
     0
 74
     0
 77
     1
140
3.5
143
39.37007874015748
144
0.001
147
0.8
171
     3
172
     1
176
   256
177
   256
178
   256
271
     3
272
     2
274
     3
278
    44
290
     1
340
DA
342
E3
371
    -1
372
    -1
  0
DIMSTYLE
105
E7
330
A
100
AcDbSymbolTableRecord
100
AcDbDimStyleTableRecord
  2
Архитектурные - m_ cm (DIN)$7
 70
     0
 41
2.5
 42
0.8
 43
5.999999999999999
 44
3.174999999999999
 45
0.005
 46
2.0
 49
6.825
 73
     0
 74
     0
 77
     1
140
3.5
143
39.37007874015748
144
0.001
147
0.8
171
     3
172
     1
176
   256
177
   256
178
   256
271
     3
272
     2
274
     3
278
    44
290
     1
340
DA
342
E3
371
    -1
372
    -1
  0
DIMSTYLE
105
E8
330
A
100
AcDbSymbolTableRecord
100
AcDbDimStyleTableRecord
  2
Обычный - метод 2a (DIN)
 70
     0
 41
2.5
 42
0.8
 43
5.999999999999999
 44
3.174999999999999
 46
10.0
 49
0.0
 77
     1
 78
     8
 79
     2
140
3.5
143
0.0393700787401575
147
0.8
170
     1
171
     3
172
     1
176
   256
177
   256
178
   256
179
     2
271
     2
272
     2
274
     3
278
    44
284
     8
286
     8
340
DA
371
    -1
372
    -1
  0
DIMSTYLE
105
E9
330
A
100
AcDbSymbolTableRecord
100
AcDbDimStyleTableRecord
  2
Обычный - метод 2a (DIN)$7
 70
     0
 41
2.5
 42
0.8
 43
5.999999999999999
 44
3.174999999999999
 46
10.0
 49
0.0
 77
     1
 78
     8
 79
     2
140
3.5
143
0.0393700787401575
147
0.8
170
     1
171
     3
172
     1
176
   256
177
   256
178
   256
179
     2
271
     2
272
     2
274
     3
278
    44
284
     8
286
     8
340
DA
371
    -1
372
    -1
  0
DIMSTYLE
105
EA
330
A
100
AcDbSymbolTableRecord
100
AcDbDimStyleTableRecord
  2
Обычный - метод 2b (DIN)
 70
     0
 41
2.5
 42
0.0
 43
5.999999999999999
 44
3.174999999999999
 46
10.0
 49
0.0
 77
     1
 78
     8
 79
     2
140
3.5
143
0.0393700787401575
147
0.8
171
     3
172
     1
176
   256
177
   256
178
   256
271
     2
272
     2
274
     3
278
    44
284
     8
286
     8
340
DA
371
    -1
372
    -1
  0
DIMSTYLE
105
EB
330
A
100
AcDbSymbolTableRecord
100
AcDbDimStyleTableRecord
  2
Обычный - метод 2b (DIN)$7
 70
     0
 41
2.5
 42
0.0
 43
5.999999999999999
 44
3.174999999999999
 46
10.0
 49
0.0
 77
     1
 78
     8
 79
     2
140
3.5
143
0.0393700787401575
147
0.8
171
     3
172
     1
176
   256
177
   256
178
   256
271
     2
272
     2
274
     3
278
    44
284
     8
286
     8
340
DA
371
    -1
372
    -1
  0
DIMSTYLE
105
EC
330
A
100
AcDbSymbolTableRecord
100
AcDbDimStyleTableRecord
  2
Обычный (DIN)
 70
     0
 41
2.5
 42
0.8
 43
5.999999999999999
 44
3.174999999999999
 46
10.0
 49
0.0
 73
     0
 74
     0
 77
     1
140
3.5
143
0.0393700787401575
147
0.8
171
     3
172
     1
176
   256
177
   256
178
   256
271
     0
272
     2
274
     3
278
    44
340
DA
371
    -1
372
    -1
  0
DIMSTYLE
105
ED
330
A
100
AcDbSymbolTableRecord
100
AcDbDimStyleTableRecord
  2
Обычный (DIN)$7
 70
     0
 41
2.5
 42
0.8
 43
5.999999999999999
 44
3.174999999999999
 46
10.0
 49
0.0
 73
     0
 74
     0
 77
     1
140
3.5
143
0.0393700787401575
147
0.8
171
     3
172
     1
176
   256
177
   256
178
   256
271
     0
272
     2
274
     3
278
    44
340
DA
371
    -1
372
    -1
  0
DIMSTYLE
105
EE
330
A
100
AcDbSymbolTableRecord
100
AcDbDimStyleTableRecord
  2
Альтернатива (ISO)
 70
     0
 41
2.5
340
55
342
EF
  0
DIMSTYLE
105
101
330
A
100
AcDbSymbolTableRecord
100
AcDbDimStyleTableRecord
  2
База (ISO)
 70
     0
 41
2.5
340
55
342
EF
  0
DIMSTYLE
105
110
330
A
100
AcDbSymbolTableRecord
100
AcDbDimStyleTableRecord
  2
Крупные (ISO)
 70
     0
 41
5.0
340
55
342
EF
  0
ENDTAB
  0
TABLE
  2
BLOCK_RECORD
  5
1
330
0
100
AcDbSymbolTable
 70
    64
  0
BLOCK_RECORD
  5
70
102
{ACAD_XDICTIONARY
360
CC2
102
}
330
1
100
AcDbSymbolTableRecord
100
AcDbBlockTableRecord
  2
*Model_Space
340
73
 70
     0
280
     1
281
     0
  0
BLOCK_RECORD
  5
6C
330
1
100
AcDbSymbolTableRecord
100
AcDbBlockTableRecord
  2
*Paper_Space
340
6F
 70
     0
280
     1
281
     0
  0
BLOCK_RECORD
  5
74
330
1
100
AcDbSymbolTableRecord
100
AcDbBlockTableRecord
  2
*Paper_Space0
340
77
 70
     0
280
     1
281
     0
  0
BLOCK_RECORD
  5
DE
330
1
100
AcDbSymbolTableRecord
100
AcDbBlockTableRecord
  2
_None
340
0
 70
     0
280
     1
281
     0
  0
BLOCK_RECORD
  5
E3
330
1
100
AcDbSymbolTableRecord
100
AcDbBlockTableRecord
  2
_Oblique
340
0
 70
     0
280
     1
281
     0
  0
BLOCK_RECORD
  5
EF
330
1
100
AcDbSymbolTableRecord
100
AcDbBlockTableRecord
  2
_Closed
340
0
 70
     0
280
     1
281
     0
  0
BLOCK_RECORD
  5
F6
330
1
100
AcDbSymbolTableRecord
100
AcDbBlockTableRecord
  2
DatumFilled45
340
0
 70
     0
280
     1
281
     0
  0
BLOCK_RECORD
  5
102
330
1
100
AcDbSymbolTableRecord
100
AcDbBlockTableRecord
  2
Filled-1
340
0
 70
     0
280
     1
281
     0
  0
BLOCK_RECORD
  5
111
330
1
100
AcDbSymbolTableRecord
100
AcDbBlockTableRecord
  2
Текст на выноске_1
340
0
 70
     0
280
     1
281
     0
  0
BLOCK_RECORD
  5
119
330
1
100
AcDbSymbolTableRecord
100
AcDbBlockTableRecord
  2
Текст на выноске_2
340
0
 70
     0
280
     1
281
     0
  0
BLOCK_RECORD
  5
11E
330
1
100
AcDbSymbolTableRecord
100
AcDbBlockTableRecord
  2
Текст на выноске_3
340
0
 70
     0
280
     1
281
     0
  0
BLOCK_RECORD
  5
122
330
1
100
AcDbSymbolTableRecord
100
AcDbBlockTableRecord
  2
Текст на выноске_4
340
0
 70
     0
280
     1
281
     0
  0
BLOCK_RECORD
  5
126
330
1
100
AcDbSymbolTableRecord
100
AcDbBlockTableRecord
  2
Текст на выноске_5
340
0
 70
     0
280
     1
281
     0
  0
BLOCK_RECORD
  5
58F
330
1
100
AcDbSymbolTableRecord
100
AcDbBlockTableRecord
  2
PARTS LIST2
340
0
 70
     0
280
     1
281
     0
  0
BLOCK_RECORD
  5
71F
330
1
100
AcDbSymbolTableRecord
100
AcDbBlockTableRecord
  2
Текст на выноске1
340
0
 70
     0
280
     1
281
     0
  0
BLOCK_RECORD
  5
728
330
1
100
AcDbSymbolTableRecord
100
AcDbBlockTableRecord
  2
Текст на выноске2
340
0
 70
     0
280
     1
281
     0
  0
BLOCK_RECORD
  5
730
330
1
100
AcDbSymbolTableRecord
100
AcDbBlockTableRecord
  2
Текст на выноске3
340
0
 70
     0
280
     1
281
     0
  0
BLOCK_RECORD
  5
738
330
1
100
AcDbSymbolTableRecord
100
AcDbBlockTableRecord
  2
Текст на выноске4
340
0
 70
     0
280
     1
281
     0
  0
BLOCK_RECORD
  5
740
330
1
100
AcDbSymbolTableRecord
100
AcDbBlockTableRecord
  2
Текст на выноске5
340
0
 70
     0
280
     1
281
     0
  0
BLOCK_RECORD
  5
748
330
1
100
AcDbSymbolTableRecord
100
AcDbBlockTableRecord
  2
Текст на выноске6
340
0
 70
     0
280
     1
281
     0
  0
BLOCK_RECORD
  5
750
330
1
100
AcDbSymbolTableRecord
100
AcDbBlockTableRecord
  2
Текст на выноске7
340
0
 70
     0
280
     1
281
     0
  0
BLOCK_RECORD
  5
758
330
1
100
AcDbSymbolTableRecord
100
AcDbBlockTableRecord
  2
Текст на выноске8
340
0
 70
     0
280
     1
281
     0
  0
BLOCK_RECORD
  5
760
330
1
100
AcDbSymbolTableRecord
100
AcDbBlockTableRecord
  2
Текст на выноске9
340
0
 70
     0
280
     1
281
     0
  0
BLOCK_RECORD
  5
768
330
1
100
AcDbSymbolTableRecord
100
AcDbBlockTableRecord
  2
Текст на выноске10
340
0
 70
     0
280
     1
281
     0
  0
BLOCK_RECORD
  5
770
330
1
100
AcDbSymbolTableRecord
100
AcDbBlockTableRecord
  2
Текст на выноске11
340
0
 70
     0
280
     1
281
     0
  0
BLOCK_RECORD
  5
778
330
1
100
AcDbSymbolTableRecord
100
AcDbBlockTableRecord
  2
Текст на выноске12
340
0
 70
     0
280
     1
281
     0
  0
BLOCK_RECORD
  5
AFF
330
1
100
AcDbSymbolTableRecord
100
AcDbBlockTableRecord
  2
Текст на выноске13
340
0
 70
     0
280
     1
281
     0
  0
BLOCK_RECORD
  5
B07
330
1
100
AcDbSymbolTableRecord
100
AcDbBlockTableRecord
  2
Текст на выноске14
340
0
 70
     0
280
     1
281
     0
  0
BLOCK_RECORD
  5
B0F
330
1
100
AcDbSymbolTableRecord
100
AcDbBlockTableRecord
  2
Текст на выноске15
340
0
 70
     0
280
     1
281
     0
  0
BLOCK_RECORD
  5
B17
330
1
100
AcDbSymbolTableRecord
100
AcDbBlockTableRecord
  2
Текст на выноске16
340
0
 70
     0
280
     1
281
     0
  0
BLOCK_RECORD
  5
B1F
330
1
100
AcDbSymbolTableRecord
100
AcDbBlockTableRecord
  2
Текст на выноске17
340
0
 70
     0
280
     1
281
     0
  0
BLOCK_RECORD
  5
B27
330
1
100
AcDbSymbolTableRecord
100
AcDbBlockTableRecord
  2
Текст на выноске18
340
0
 70
     0
280
     1
281
     0
  0
BLOCK_RECORD
  5
B2F
330
1
100
AcDbSymbolTableRecord
100
AcDbBlockTableRecord
  2
Текст на выноске19
340
0
 70
     0
280
     1
281
     0
  0
BLOCK_RECORD
  5
B37
330
1
100
AcDbSymbolTableRecord
100
AcDbBlockTableRecord
  2
Текст на выноске20
340
0
 70
     0
280
     1
281
     0
  0
BLOCK_RECORD
  5
B3F
330
1
100
AcDbSymbolTableRecord
100
AcDbBlockTableRecord
  2
Текст на выноске21
340
0
 70
     0
280
     1
281
     0
  0
BLOCK_RECORD
  5
B47
330
1
100
AcDbSymbolTableRecord
100
AcDbBlockTableRecord
  2
Текст на выноске22
340
0
 70
     0
280
     1
281
     0
  0
BLOCK_RECORD
  5
B4F
330
1
100
AcDbSymbolTableRecord
100
AcDbBlockTableRecord
  2
Текст на выноске23
340
0
 70
     0
280
     1
281
     0
  0
BLOCK_RECORD
  5
B57
330
1
100
AcDbSymbolTableRecord
100
AcDbBlockTableRecord
  2
Текст на выноске24
340
0
 70
     0
280
     1
281
     0
  0
BLOCK_RECORD
  5
B5F
330
1
100
AcDbSymbolTableRecord
100
AcDbBlockTableRecord
  2
Текст на выноске25
340
0
 70
     0
280
     1
281
     0
  0
BLOCK_RECORD
  5
B67
330
1
100
AcDbSymbolTableRecord
100
AcDbBlockTableRecord
  2
Текст на выноске26
340
0
 70
     0
280
     1
281
     0
  0
BLOCK_RECORD
  5
B6F
330
1
100
AcDbSymbolTableRecord
100
AcDbBlockTableRecord
  2
Текст на выноске27
340
0
 70
     0
280
     1
281
     0
  0
BLOCK_RECORD
  5
B77
330
1
100
AcDbSymbolTableRecord
100
AcDbBlockTableRecord
  2
Текст на выноске28
340
0
 70
     0
280
     1
281
     0
  0
BLOCK_RECORD
  5
B7F
330
1
100
AcDbSymbolTableRecord
100
AcDbBlockTableRecord
  2
Текст на выноске29
340
0
 70
     0
280
     1
281
     0
  0
BLOCK_RECORD
  5
B87
330
1
100
AcDbSymbolTableRecord
100
AcDbBlockTableRecord
  2
Текст на выноске30
340
0
 70
     0
280
     1
281
     0
  0
BLOCK_RECORD
  5
B8F
330
1
100
AcDbSymbolTableRecord
100
AcDbBlockTableRecord
  2
Текст на выноске31
340
0
 70
     0
280
     1
281
     0
  0
BLOCK_RECORD
  5
B97
330
1
100
AcDbSymbolTableRecord
100
AcDbBlockTableRecord
  2
Текст на выноске32
340
0
 70
     0
280
     1
281
     0
  0
BLOCK_RECORD
  5
B9F
330
1
100
AcDbSymbolTableRecord
100
AcDbBlockTableRecord
  2
Текст на выноске33
340
0
 70
     0
280
     1
281
     0
  0
BLOCK_RECORD
  5
BA7
330
1
100
AcDbSymbolTableRecord
100
AcDbBlockTableRecord
  2
Текст на выноске34
340
0
 70
     0
280
     1
281
     0
  0
BLOCK_RECORD
  5
BAF
330
1
100
AcDbSymbolTableRecord
100
AcDbBlockTableRecord
  2
Текст на выноске35
340
0
 70
     0
280
     1
281
     0
  0
BLOCK_RECORD
  5
BB7
330
1
100
AcDbSymbolTableRecord
100
AcDbBlockTableRecord
  2
Текст на выноске36
340
0
 70
     0
280
     1
281
     0
  0
BLOCK_RECORD
  5
BBF
330
1
100
AcDbSymbolTableRecord
100
AcDbBlockTableRecord
  2
Текст на выноске37
340
0
 70
     0
280
     1
281
     0
  0
BLOCK_RECORD
  5
BC7
330
1
100
AcDbSymbolTableRecord
100
AcDbBlockTableRecord
  2
Текст на выноске38
340
0
 70
     0
280
     1
281
     0
  0
BLOCK_RECORD
  5
BCF
330
1
100
AcDbSymbolTableRecord
100
AcDbBlockTableRecord
  2
Текст на выноске39
340
0
 70
     0
280
     1
281
     0
  0
BLOCK_RECORD
  5
BD7
330
1
100
AcDbSymbolTableRecord
100
AcDbBlockTableRecord
  2
Текст на выноске40
340
0
 70
     0
280
     1
281
     0
  0
BLOCK_RECORD
  5
BDF
330
1
100
AcDbSymbolTableRecord
100
AcDbBlockTableRecord
  2
Текст на выноске41
340
0
 70
     0
280
     1
281
     0
  0
BLOCK_RECORD
  5
BE7
330
1
100
AcDbSymbolTableRecord
100
AcDbBlockTableRecord
  2
Текст на выноске42
340
0
 70
     0
280
     1
281
     0
  0
BLOCK_RECORD
  5
BEF
330
1
100
AcDbSymbolTableRecord
100
AcDbBlockTableRecord
  2
Текст на выноске43
340
0
 70
     0
280
     1
281
     0
  0
BLOCK_RECORD
  5
BF7
330
1
100
AcDbSymbolTableRecord
100
AcDbBlockTableRecord
  2
Текст на выноске44
340
0
 70
     0
280
     1
281
     0
  0
BLOCK_RECORD
  5
BFF
330
1
100
AcDbSymbolTableRecord
100
AcDbBlockTableRecord
  2
Текст на выноске45
340
0
 70
     0
280
     1
281
     0
  0
BLOCK_RECORD
  5
C07
330
1
100
AcDbSymbolTableRecord
100
AcDbBlockTableRecord
  2
Текст на выноске46
340
0
 70
     0
280
     1
281
     0
  0
BLOCK_RECORD
  5
C0F
330
1
100
AcDbSymbolTableRecord
100
AcDbBlockTableRecord
  2
Текст на выноске47
340
0
 70
     0
280
     1
281
     0
  0
BLOCK_RECORD
  5
C17
330
1
100
AcDbSymbolTableRecord
100
AcDbBlockTableRecord
  2
Текст на выноске48
340
0
 70
     0
280
     1
281
     0
  0
BLOCK_RECORD
  5
C1F
330
1
100
AcDbSymbolTableRecord
100
AcDbBlockTableRecord
  2
Текст на выноске49
340
0
 70
     0
280
     1
281
     0
  0
BLOCK_RECORD
  5
C27
330
1
100
AcDbSymbolTableRecord
100
AcDbBlockTableRecord
  2
Текст на выноске50
340
0
 70
     0
280
     1
281
     0
  0
BLOCK_RECORD
  5
C40
330
1
100
AcDbSymbolTableRecord
100
AcDbBlockTableRecord
  2
Текст на выноске51
340
0
 70
     0
280
     1
281
     0
  0
BLOCK_RECORD
  5
C48
330
1
100
AcDbSymbolTableRecord
100
AcDbBlockTableRecord
  2
Текст на выноске52
340
0
 70
     0
280
     1
281
     0
  0
ENDTAB
  0
ENDSEC
  0
SECTION
  2
BLOCKS
  0
BLOCK
  5
71
330
70
100
AcDbEntity
  8
0
100
AcDbBlockBegin
  2
*Model_Space
 70
     0
 10
0.0
 20
0.0
 30
0.0
  3
*Model_Space
  1

  0
ENDBLK
  5
72
330
70
100
AcDbEntity
  8
0
100
AcDbBlockEnd
  0
BLOCK
  5
6D
330
6C
100
AcDbEntity
 67
     1
  8
0
100
AcDbBlockBegin
  2
*Paper_Space
 70
     0
 10
0.0
 20
0.0
 30
0.0
  3
*Paper_Space
  1

  0
ENDBLK
  5
6E
330
6C
100
AcDbEntity
 67
     1
  8
0
100
AcDbBlockEnd
  0
BLOCK
  5
75
330
74
100
AcDbEntity
 67
     1
  8
0
100
AcDbBlockBegin
  2
*Paper_Space0
 70
     0
 10
0.0
 20
0.0
 30
0.0
  3
*Paper_Space0
  1

  0
ENDBLK
  5
76
330
74
100
AcDbEntity
 67
     1
  8
0
100
AcDbBlockEnd
  0
BLOCK
  5
DF
330
DE
100
AcDbEntity
  8
0
100
AcDbBlockBegin
  2
_None
 70
     0
 10
0.0
 20
0.0
 30
0.0
  3
_None
  1

  0
ENDBLK
  5
E0
330
DE
100
AcDbEntity
  8
0
100
AcDbBlockEnd
  0
BLOCK
  5
E5
330
E3
100
AcDbEntity
  8
0
100
AcDbBlockBegin
  2
_Oblique
 70
     0
 10
0.0
 20
0.0
 30
0.0
  3
_Oblique
  1

  0
LINE
  5
E4
330
E3
100
AcDbEntity
  8
0
  6
ByBlock
 62
     0
370
    -2
100
AcDbLine
 10
-0.5
 20
-0.5
 30
0.0
 11
0.5
 21
0.5
 31
0.0
  0
ENDBLK
  5
E6
330
E3
100
AcDbEntity
  8
0
100
AcDbBlockEnd
  0
BLOCK
  5
F4
330
EF
100
AcDbEntity
  8
0
100
AcDbBlockBegin
  2
_Closed
 70
     0
 10
0.0
 20
0.0
 30
0.0
  3
_Closed
  1

  0
LINE
  5
F0
330
EF
100
AcDbEntity
  8
0
  6
ByBlock
 62
     0
370
    -2
100
AcDbLine
 10
-1.0
 20
0.1666666666666666
 30
0.0
 11
0.0
 21
0.0
 31
0.0
  0
LINE
  5
F1
330
EF
100
AcDbEntity
  8
0
  6
ByBlock
 62
     0
370
    -2
100
AcDbLine
 10
0.0
 20
0.0
 30
0.0
 11
-1.0
 21
-0.1666666666666666
 31
0.0
  0
LINE
  5
F2
330
EF
100
AcDbEntity
  8
0
  6
ByBlock
 62
     0
370
    -2
100
AcDbLine
 10
-1.0
 20
0.1666666666666666
 30
0.0
 11
-1.0
 21
-0.1666666666666666
 31
0.0
  0
LINE
  5
F3
330
EF
100
AcDbEntity
  8
0
  6
ByBlock
 62
     0
370
    -2
100
AcDbLine
 10
0.0
 20
0.0
 30
0.0
 11
-1.0
 21
0.0
 31
0.0
  0
ENDBLK
  5
F5
330
EF
100
AcDbEntity
  8
0
100
AcDbBlockEnd
  0
BLOCK
  5
F7
330
F6
100
AcDbEntity
  8
0
100
AcDbBlockBegin
  2
DatumFilled45
 70
     0
 10
0.0
 20
0.0
 30
0.0
  3
DatumFilled45
  1

  0
POLYLINE
  5
F9
330
F6
100
AcDbEntity
  8
0
 62
     0
100
AcDb2dPolyline
 66
     1
 10
0.0
 20
0.0
 30
0.0
 70
   128
  0
VERTEX
  5
FA
330
F9
100
AcDbEntity
  8
0
 62
     0
100
AcDbVertex
100
AcDb2dVertex
 10
0.0
 20
1.0
 30
0.0
  0
VERTEX
  5
FB
330
F9
100
AcDbEntity
  8
0
 62
     0
100
AcDbVertex
100
AcDb2dVertex
 10
0.0
 20
-1.0
 30
0.0
  0
VERTEX
  5
FD
330
F9
100
AcDbEntity
  8
0
 62
     0
100
AcDbVertex
100
AcDb2dVertex
 10
-1.0
 20
0.0
 30
0.0
  0
VERTEX
  5
FE
330
F9
100
AcDbEntity
  8
0
 62
     0
100
AcDbVertex
100
AcDb2dVertex
 10
0.0
 20
1.0
 30
0.0
  0
SEQEND
  5
FC
330
F9
100
AcDbEntity
  8
0
 62
     0
  0
SOLID
  5
100
330
F6
100
AcDbEntity
  8
0
 62
     0
100
AcDbTrace
 10
0.0
 20
1.0
 30
0.0
 11
0.0
 21
-1.0
 31
0.0
 12
-1.0
 22
0.0
 32
0.0
 13
0.0
 23
1.0
 33
0.0
  0
ENDBLK
  5
F8
330
F6
100
AcDbEntity
  8
0
100
AcDbBlockEnd
  0
BLOCK
  5
103
330
102
100
AcDbEntity
  8
0
100
AcDbBlockBegin
  2
Filled-1
 70
     0
 10
0.0
 20
0.0
 30
0.0
  3
Filled-1
  1

  0
LINE
  5
105
330
102
100
AcDbEntity
  8
0
 62
     0
100
AcDbLine
 10
-1.0
 20
0.0
 30
0.0
 11
0.0
 21
0.0
 31
0.0
  0
POLYLINE
  5
106
330
102
100
AcDbEntity
  8
0
 62
     0
100
AcDb2dPolyline
 66
     1
 10
0.0
 20
0.0
 30
0.0
 70
   128
  0
VERTEX
  5
107
330
106
100
AcDbEntity
  8
0
 62
     0
100
AcDbVertex
100
AcDb2dVertex
 10
-1.0
 20
-0.1
 30
0.0
  0
VERTEX
  5
108
330
106
100
AcDbEntity
  8
0
 62
     0
100
AcDbVertex
100
AcDb2dVertex
 10
0.0
 20
0.0
 30
0.0
  0
VERTEX
  5
10A
330
106
100
AcDbEntity
  8
0
 62
     0
100
AcDbVertex
100
AcDb2dVertex
 10
-1.0
 20
0.1
 30
0.0
  0
VERTEX
  5
10B
330
106
100
AcDbEntity
  8
0
 62
     0
100
AcDbVertex
100
AcDb2dVertex
 10
-1.0
 20
-0.1
 30
0.0
  0
SEQEND
  5
109
330
106
100
AcDbEntity
  8
0
 62
     0
  0
SOLID
  5
10C
330
102
100
AcDbEntity
  8
0
 62
     0
100
AcDbTrace
 10
-1.0
 20
-0.1
 30
0.0
 11
0.0
 21
0.0
 31
0.0
 12
-1.0
 22
0.1
 32
0.0
 13
-1.0
 23
-0.1
 33
0.0
  0
LINE
  5
10D
330
102
100
AcDbEntity
  8
0
 62
     0
100
AcDbLine
 10
-1.0
 20
-0.1
 30
0.0
 11
0.0
 21
0.0
 31
0.0
  0
LINE
  5
10E
330
102
100
AcDbEntity
  8
0
 62
     0
100
AcDbLine
 10
0.0
 20
0.0
 30
0.0
 11
-1.0
 21
0.1
 31
0.0
  0
LINE
  5
10F
330
102
100
AcDbEntity
  8
0
 62
     0
100
AcDbLine
 10
-1.0
 20
0.1
 30
0.0
 11
-1.0
 21
-0.1
 31
0.0
  0
ENDBLK
  5
104
330
102
100
AcDbEntity
  8
0
100
AcDbBlockEnd
  0
BLOCK
  5
112
330
111
100
AcDbEntity
  8
0
100
AcDbBlockBegin
  2
Текст на выноске_1
 70
     0
 10
0.0
 20
0.0
 30
0.0
  3
Текст на выноске_1
  1

  0
TEXT
  5
115
330
111
100
AcDbEntity
  8
Обозначение (ISO)
100
AcDbText
 10
-11.77802729606628
 20
0.6345595030527358
 30
0.0
 40
0.9978570044040679
  1
100х100х4
  7
Стиль текста68
 11
-11.77802729606628
 21
0.5
 31
0.0
100
AcDbText
 73
     1
  0
TEXT
  5
118
330
111
100
AcDbEntity
  8
Обозначение (ISO)
100
AcDbText
 10
-11.77802729606628
 20
2.632416645909878
 30
0.0
 40
0.9978570044040679
  1
Какркас из трубы
  7
Стиль текста68
 11
-11.77802729606628
 21
2.497857142857142
 31
0.0
100
AcDbText
 73
     1
  0
ENDBLK
  5
113
330
111
100
AcDbEntity
  8
0
100
AcDbBlockEnd
  0
BLOCK
  5
11A
330
119
100
AcDbEntity
  8
0
100
AcDbBlockBegin
  2
Текст на выноске_2
 70
     0
 10
0.0
 20
0.0
 30
0.0
  3
Текст на выноске_2
  1

  0
TEXT
  5
11C
330
119
100
AcDbEntity
  8
Обозначение (ISO)
100
AcDbText
 10
-11.36509227752685
 20
0.6345595030527358
 30
0.0
 40
0.9978570044040679
  1
показан условно 
  7
Стиль текста68
 11
-11.36509227752685
 21
0.5
 31
0.0
100
AcDbText
 73
     1
  0
TEXT
  5
11D
330
119
100
AcDbEntity
  8
Обозначение (ISO)
100
AcDbText
 10
-11.36509227752685
 20
2.632416645909878
 30
0.0
 40
0.9978570044040679
  1
Сепаратор
  7
Стиль текста68
 11
-11.36509227752685
 21
2.497857142857142
 31
0.0
100
AcDbText
 73
     1
  0
ENDBLK
  5
11B
330
119
100
AcDbEntity
  8
0
100
AcDbBlockEnd
  0
BLOCK
  5
11F
330
11E
100
AcDbEntity
  8
0
100
AcDbBlockBegin
  2
Текст на выноске_3
 70
     0
 10
0.0
 20
0.0
 30
0.0
  3
Текст на выноске_3
  1

  0
TEXT
  5
121
330
11E
100
AcDbEntity
  8
Обозначение (ISO)
100
AcDbText
 10
-10.04070925712585
 20
0.6345595030527358
 30
0.0
 40
0.9978570044040679
  1
Иловая камера
  7
Стиль текста68
 11
-10.04070925712585
 21
0.5
 31
0.0
100
AcDbText
 73
     1
  0
ENDBLK
  5
120
330
11E
100
AcDbEntity
  8
0
100
AcDbBlockEnd
  0
BLOCK
  5
123
330
122
100
AcDbEntity
  8
0
100
AcDbBlockBegin
  2
Текст на выноске_4
 70
     0
 10
0.0
 20
0.0
 30
0.0
  3
Текст на выноске_4
  1

  0
TEXT
  5
125
330
122
100
AcDbEntity
  8
Обозначение (ISO)
100
AcDbText
 10
0.5
 20
0.6345595030527358
 30
0.0
 40
0.9978570044040679
  1
Центральная перегородка
  7
Стиль текста68
 11
0.5
 21
0.5
 31
0.0
100
AcDbText
 73
     1
  0
ENDBLK
  5
124
330
122
100
AcDbEntity
  8
0
100
AcDbBlockEnd
  0
BLOCK
  5
127
330
126
100
AcDbEntity
  8
0
100
AcDbBlockBegin
  2
Текст на выноске_5
 70
     0
 10
0.0
 20
0.0
 30
0.0
  3
Текст на выноске_5
  1

  0
TEXT
  5
129
330
126
100
AcDbEntity
  8
Обозначение (ISO)
100
AcDbText
 10
0.5
 20
0.6345595030527358
 30
0.0
 40
0.9978570044040679
  1
с проемами
  7
Стиль текста68
 11
0.5
 21
0.5
 31
0.0
100
AcDbText
 73
     1
  0
TEXT
  5
12A
330
126
100
AcDbEntity
  8
Обозначение (ISO)
100
AcDbText
 10
0.5
 20
2.632416645909878
 30
0.0
 40
0.9978570044040679
  1
Поперечная перегородка 
  7
Стиль текста68
 11
0.5
 21
2.497857142857142
 31
0.0
100
AcDbText
 73
     1
  0
ENDBLK
  5
128
330
126
100
AcDbEntity
  8
0
100
AcDbBlockEnd
  0
BLOCK
  5
590
330
58F
100
AcDbEntity
  8
0
100
AcDbBlockBegin
  2
PARTS LIST2
 70
     0
 10
0.0
 20
0.0
 30
0.0
  3
PARTS LIST2
  1

  0
LINE
  5
592
330
58F
100
AcDbEntity
  8
Обозначение (ISO)
100
AcDbLine
 10
16222.6091724523
 20
4289.908284376789
 30
0.0
 11
13196.73788984297
 21
4289.908284376789
 31
0.0
  0
LINE
  5
593
330
58F
100
AcDbEntity
  8
Обозначение (ISO)
100
AcDbLine
 10
16222.6091724523
 20
4289.908284376789
 30
0.0
 11
16222.6091724523
 21
4223.126838110615
 31
0.0
  0
LINE
  5
594
330
58F
100
AcDbEntity
  8
Обозначение (ISO)
100
AcDbLine
 10
13196.73788984297
 20
4289.908284376789
 30
0.0
 11
13196.73788984297
 21
4223.126838110615
 31
0.0
  0
MTEXT
  5
595
330
58F
100
AcDbEntity
  8
Обозначение (ISO)
100
AcDbMText
 10
14531.57239199934
 20
4231.517561243701
 30
0.0
 40
50.0
 41
0.0
 46
0.0
 71
     7
 72
     1
  1
PARTS LIST
  7
Laser Note Text (DIN)
 73
     1
 44
1.0
  0
LINE
  5
597
330
58F
100
AcDbEntity
  8
Обозначение (ISO)
100
AcDbLine
 10
16222.6091724523
 20
4223.126838110615
 30
0.0
 11
13196.73788984297
 21
4223.126838110615
 31
0.0
  0
LINE
  5
598
330
58F
100
AcDbEntity
  8
Обозначение (ISO)
100
AcDbLine
 10
16222.6091724523
 20
4223.126838110615
 30
0.0
 11
16222.6091724523
 21
4067.316375349689
 31
0.0
  0
MTEXT
  5
599
330
58F
100
AcDbEntity
  8
Обозначение (ISO)
100
AcDbMText
 10
15846.98948433856
 20
4120.221606730153
 30
0.0
 40
50.0
 41
0.0
 46
0.0
 71
     7
 72
     1
  1
PROJECT
  7
Laser Note Text (DIN)
 73
     1
 44
1.0
  0
LINE
  5
59A
330
58F
100
AcDbEntity
  8
Обозначение (ISO)
100
AcDbLine
 10
15722.6091724523
 20
4223.126838110615
 30
0.0
 11
15722.6091724523
 21
4067.316375349689
 31
0.0
  0
MTEXT
  5
59B
330
58F
100
AcDbEntity
  8
Обозначение (ISO)
100
AcDbMText
 10
15331.98484948138
 20
4120.221606730153
 30
0.0
 40
50.0
 41
0.0
 46
0.0
 71
     7
 72
     1
  1
ITEM QTY
  7
Laser Note Text (DIN)
 73
     1
 44
1.0
  0
LINE
  5
59C
330
58F
100
AcDbEntity
  8
Обозначение (ISO)
100
AcDbLine
 10
15222.6091724523
 20
4223.126838110615
 30
0.0
 11
15222.6091724523
 21
4067.316375349689
 31
0.0
  0
MTEXT
  5
59D
330
58F
100
AcDbEntity
  8
Обозначение (ISO)
100
AcDbMText
 10
14771.9894938753
 20
4120.221606730153
 30
0.0
 40
50.0
 41
0.0
 46
0.0
 71
     7
 72
     1
  1
UNIT QTY mm
  7
Laser Note Text (DIN)
 73
     1
 44
1.0
  0
LINE
  5
59E
330
58F
100
AcDbEntity
  8
Обозначение (ISO)
100
AcDbLine
 10
14722.6091724523
 20
4223.126838110615
 30
0.0
 11
14722.6091724523
 21
4067.316375349689
 31
0.0
  0
MTEXT
  5
59F
330
58F
100
AcDbEntity
  8
Обозначение (ISO)
100
AcDbMText
 10
14244.53122666339
 20
4120.221606730153
 30
0.0
 40
50.0
 41
0.0
 46
0.0
 71
     7
 72
     1
  1
STOCK NUMBER
  7
Laser Note Text (DIN)
 73
     1
 44
1.0
  0
LINE
  5
5A0
330
58F
100
AcDbEntity
  8
Обозначение (ISO)
100
AcDbLine
 10
14222.6091724523
 20
4223.126838110615
 30
0.0
 11
14222.6091724523
 21
4067.316375349689
 31
0.0
  0
MTEXT
  5
5A1
330
58F
100
AcDbEntity
  8
Обозначение (ISO)
100
AcDbMText
 10
13564.03993846236
 20
4120.221606730153
 30
0.0
 40
50.0
 41
0.0
 46
0.0
 71
     7
 72
     1
  1
PART NUMBER
  7
Laser Note Text (DIN)
 73
     1
 44
1.0
  0
LINE
  5
5A2
330
58F
100
AcDbEntity
  8
Обозначение (ISO)
100
AcDbLine
 10
13331.66367490767
 20
4223.126838110615
 30
0.0
 11
13331.66367490767
 21
4067.316375349689
 31
0.0
  0
MTEXT
  5
5A3
330
58F
100
AcDbEntity
  8
Обозначение (ISO)
100
AcDbMText
 10
13201.0579009022
 20
4120.221606730153
 30
0.0
 40
50.0
 41
0.0
 46
0.0
 71
     7
 72
     1
  1
ITEM
  7
Laser Note Text (DIN)
 73
     1
 44
1.0
  0
LINE
  5
5A4
330
58F
100
AcDbEntity
  8
Обозначение (ISO)
100
AcDbLine
 10
13196.73788984297
 20
4223.126838110615
 30
0.0
 11
13196.73788984297
 21
4067.316375349689
 31
0.0
  0
MTEXT
  5
5A5
330
58F
100
AcDbEntity
  8
Обозначение (ISO)
100
AcDbMText
 10
15727.82918351153
 20
4008.925652216603
 30
0.0
 40
50.0
 41
0.0
 46
0.0
 71
     7
 72
     1
  1
24
  7
Laser Note Text (DIN)
 73
     1
 44
1.0
  0
MTEXT
  5
5A6
330
58F
100
AcDbEntity
  8
Обозначение (ISO)
100
AcDbMText
 10
15227.78918340913
 20
4008.925652216603
 30
0.0
 40
50.0
 41
0.0
 46
0.0
 71
     7
 72
     1
  1
120
  7
Laser Note Text (DIN)
 73
     1
 44
1.0
  0
MTEXT
  5
5A7
330
58F
100
AcDbEntity
  8
Обозначение (ISO)
100
AcDbMText
 10
14727.78918340913
 20
3998.90709967487
 30
0.0
 40
50.0
 41
0.0
 46
0.0
 71
     7
 72
     1
  1
1,0
  7
Laser Note Text (DIN)
 73
     1
 44
1.0
  0
MTEXT
  5
5A8
330
58F
100
AcDbEntity
  8
Обозначение (ISO)
100
AcDbMText
 10
14227.82918351153
 20
4008.925652216603
 30
0.0
 40
50.0
 41
0.0
 46
0.0
 71
     7
 72
     1
  1
0101
  7
Laser Note Text (DIN)
 73
     1
 44
1.0
  0
MTEXT
  5
5A9
330
58F
100
AcDbEntity
  8
Обозначение (ISO)
100
AcDbMText
 10
13336.88368596689
 20
4008.925652216603
 30
0.0
 40
50.0
 41
0.0
 46
0.0
 71
     7
 72
     1
  1
GBK 0101 main rib
  7
Laser Note Text (DIN)
 73
     1
 44
1.0
  0
MTEXT
  5
5AA
330
58F
100
AcDbEntity
  8
Обозначение (ISO)
100
AcDbMText
 10
13255.98079333214
 20
4008.925652216603
 30
0.0
 40
50.0
 41
0.0
 46
0.0
 71
     7
 72
     1
  1
1
  7
Laser Note Text (DIN)
 73
     1
 44
1.0
  0
LINE
  5
5AB
330
58F
100
AcDbEntity
  8
Обозначение (ISO)
100
AcDbLine
 10
16222.6091724523
 20
4067.316375349689
 30
0.0
 11
13196.73788984297
 21
4067.316375349689
 31
0.0
  0
MTEXT
  5
5AC
330
58F
100
AcDbEntity
  8
Обозначение (ISO)
100
AcDbMText
 10
15727.82918351153
 20
3942.144205950428
 30
0.0
 40
50.0
 41
0.0
 46
0.0
 71
     7
 72
     1
  1
8
  7
Laser Note Text (DIN)
 73
     1
 44
1.0
  0
MTEXT
  5
5AD
330
58F
100
AcDbEntity
  8
Обозначение (ISO)
100
AcDbMText
 10
15227.82918351153
 20
3942.144205950428
 30
0.0
 40
50.0
 41
0.0
 46
0.0
 71
     7
 72
     1
  1
40
  7
Laser Note Text (DIN)
 73
     1
 44
1.0
  0
MTEXT
  5
5AE
330
58F
100
AcDbEntity
  8
Обозначение (ISO)
100
AcDbMText
 10
14727.78918340913
 20
3932.125653408695
 30
0.0
 40
50.0
 41
0.0
 46
0.0
 71
     7
 72
     1
  1
1,0
  7
Laser Note Text (DIN)
 73
     1
 44
1.0
  0
MTEXT
  5
5AF
330
58F
100
AcDbEntity
  8
Обозначение (ISO)
100
AcDbMText
 10
14227.82918351153
 20
3942.144205950428
 30
0.0
 40
50.0
 41
0.0
 46
0.0
 71
     7
 72
     1
  1
0102
  7
Laser Note Text (DIN)
 73
     1
 44
1.0
  0
MTEXT
  5
5B0
330
58F
100
AcDbEntity
  8
Обозначение (ISO)
100
AcDbMText
 10
13336.88368596689
 20
3927.162759684254
 30
0.0
 40
50.0
 41
0.0
 46
0.0
 71
     7
 72
     1
  1
GBK 0102 stringer 1
  7
Laser Note Text (DIN)
 73
     1
 44
1.0
  0
MTEXT
  5
5B1
330
58F
100
AcDbEntity
  8
Обозначение (ISO)
100
AcDbMText
 10
13251.03470873491
 20
3942.144205950428
 30
0.0
 40
50.0
 41
0.0
 46
0.0
 71
     7
 72
     1
  1
2
  7
Laser Note Text (DIN)
 73
     1
 44
1.0
  0
LINE
  5
5B2
330
58F
100
AcDbEntity
  8
Обозначение (ISO)
100
AcDbLine
 10
16222.6091724523
 20
4000.534929083515
 30
0.0
 11
13196.73788984297
 21
4000.534929083515
 31
0.0
  0
MTEXT
  5
5B3
330
58F
100
AcDbEntity
  8
Обозначение (ISO)
100
AcDbMText
 10
15727.82918351153
 20
3875.362759684254
 30
0.0
 40
50.0
 41
0.0
 46
0.0
 71
     7
 72
     1
  1
8
  7
Laser Note Text (DIN)
 73
     1
 44
1.0
  0
MTEXT
  5
5B4
330
58F
100
AcDbEntity
  8
Обозначение (ISO)
100
AcDbMText
 10
15227.82918351153
 20
3875.362759684254
 30
0.0
 40
50.0
 41
0.0
 46
0.0
 71
     7
 72
     1
  1
40
  7
Laser Note Text (DIN)
 73
     1
 44
1.0
  0
MTEXT
  5
5B5
330
58F
100
AcDbEntity
  8
Обозначение (ISO)
100
AcDbMText
 10
14727.78918340913
 20
3865.344207142521
 30
0.0
 40
50.0
 41
0.0
 46
0.0
 71
     7
 72
     1
  1
1,0
  7
Laser Note Text (DIN)
 73
     1
 44
1.0
  0
MTEXT
  5
5B6
330
58F
100
AcDbEntity
  8
Обозначение (ISO)
100
AcDbMText
 10
14227.82918351153
 20
3875.362759684254
 30
0.0
 40
50.0
 41
0.0
 46
0.0
 71
     7
 72
     1
  1
0103
  7
Laser Note Text (DIN)
 73
     1
 44
1.0
  0
MTEXT
  5
5B7
330
58F
100
AcDbEntity
  8
Обозначение (ISO)
100
AcDbMText
 10
13336.88368596689
 20
3860.381313418079
 30
0.0
 40
50.0
 41
0.0
 46
0.0
 71
     7
 72
     1
  1
GBK 0103 stringer 2
  7
Laser Note Text (DIN)
 73
     1
 44
1.0
  0
MTEXT
  5
5B8
330
58F
100
AcDbEntity
  8
Обозначение (ISO)
100
AcDbMText
 10
13251.03470873491
 20
3875.362759684254
 30
0.0
 40
50.0
 41
0.0
 46
0.0
 71
     7
 72
     1
  1
3
  7
Laser Note Text (DIN)
 73
     1
 44
1.0
  0
LINE
  5
5B9
330
58F
100
AcDbEntity
  8
Обозначение (ISO)
100
AcDbLine
 10
16222.6091724523
 20
3933.753482817341
 30
0.0
 11
13196.73788984297
 21
3933.753482817341
 31
0.0
  0
MTEXT
  5
5BA
330
58F
100
AcDbEntity
  8
Обозначение (ISO)
100
AcDbMText
 10
15727.82918351153
 20
3808.581313418079
 30
0.0
 40
50.0
 41
0.0
 46
0.0
 71
     7
 72
     1
  1
8
  7
Laser Note Text (DIN)
 73
     1
 44
1.0
  0
MTEXT
  5
5BB
330
58F
100
AcDbEntity
  8
Обозначение (ISO)
100
AcDbMText
 10
15227.82918351153
 20
3808.581313418079
 30
0.0
 40
50.0
 41
0.0
 46
0.0
 71
     7
 72
     1
  1
40
  7
Laser Note Text (DIN)
 73
     1
 44
1.0
  0
MTEXT
  5
5BC
330
58F
100
AcDbEntity
  8
Обозначение (ISO)
100
AcDbMText
 10
14727.78918340913
 20
3798.562760876347
 30
0.0
 40
50.0
 41
0.0
 46
0.0
 71
     7
 72
     1
  1
1,0
  7
Laser Note Text (DIN)
 73
     1
 44
1.0
  0
MTEXT
  5
5BD
330
58F
100
AcDbEntity
  8
Обозначение (ISO)
100
AcDbMText
 10
14227.82918351153
 20
3808.581313418079
 30
0.0
 40
50.0
 41
0.0
 46
0.0
 71
     7
 72
     1
  1
0104
  7
Laser Note Text (DIN)
 73
     1
 44
1.0
  0
MTEXT
  5
5BE
330
58F
100
AcDbEntity
  8
Обозначение (ISO)
100
AcDbMText
 10
13336.88368596689
 20
3793.599867151904
 30
0.0
 40
50.0
 41
0.0
 46
0.0
 71
     7
 72
     1
  1
GBK 0104 stringer 3
  7
Laser Note Text (DIN)
 73
     1
 44
1.0
  0
MTEXT
  5
5BF
330
58F
100
AcDbEntity
  8
Обозначение (ISO)
100
AcDbMText
 10
13248.53007030146
 20
3808.581313418079
 30
0.0
 40
50.0
 41
0.0
 46
0.0
 71
     7
 72
     1
  1
4
  7
Laser Note Text (DIN)
 73
     1
 44
1.0
  0
LINE
  5
5C0
330
58F
100
AcDbEntity
  8
Обозначение (ISO)
100
AcDbLine
 10
16222.6091724523
 20
3866.972036551166
 30
0.0
 11
13196.73788984297
 21
3866.972036551166
 31
0.0
  0
MTEXT
  5
5C1
330
58F
100
AcDbEntity
  8
Обозначение (ISO)
100
AcDbMText
 10
15727.78918340913
 20
3741.799867151904
 30
0.0
 40
50.0
 41
0.0
 46
0.0
 71
     7
 72
     1
  1
102
  7
Laser Note Text (DIN)
 73
     1
 44
1.0
  0
MTEXT
  5
5C2
330
58F
100
AcDbEntity
  8
Обозначение (ISO)
100
AcDbMText
 10
15227.78918340913
 20
3741.799867151904
 30
0.0
 40
50.0
 41
0.0
 46
0.0
 71
     7
 72
     1
  1
120
  7
Laser Note Text (DIN)
 73
     1
 44
1.0
  0
MTEXT
  5
5C3
330
58F
100
AcDbEntity
  8
Обозначение (ISO)
100
AcDbMText
 10
14727.78918340913
 20
3731.781314610172
 30
0.0
 40
50.0
 41
0.0
 46
0.0
 71
     7
 72
     1
  1
1,0
  7
Laser Note Text (DIN)
 73
     1
 44
1.0
  0
MTEXT
  5
5C4
330
58F
100
AcDbEntity
  8
Обозначение (ISO)
100
AcDbMText
 10
14227.82918351153
 20
3741.799867151904
 30
0.0
 40
50.0
 41
0.0
 46
0.0
 71
     7
 72
     1
  1
0201
  7
Laser Note Text (DIN)
 73
     1
 44
1.0
  0
MTEXT
  5
5C5
330
58F
100
AcDbEntity
  8
Обозначение (ISO)
100
AcDbMText
 10
13336.88368596689
 20
3741.799867151904
 30
0.0
 40
50.0
 41
0.0
 46
0.0
 71
     7
 72
     1
  1
GBK 0201 second rib
  7
Laser Note Text (DIN)
 73
     1
 44
1.0
  0
MTEXT
  5
5C6
330
58F
100
AcDbEntity
  8
Обозначение (ISO)
100
AcDbMText
 10
13251.03470873491
 20
3741.799867151904
 30
0.0
 40
50.0
 41
0.0
 46
0.0
 71
     7
 72
     1
  1
6
  7
Laser Note Text (DIN)
 73
     1
 44
1.0
  0
LINE
  5
5C7
330
58F
100
AcDbEntity
  8
Обозначение (ISO)
100
AcDbLine
 10
16222.6091724523
 20
3800.190590284992
 30
0.0
 11
13196.73788984297
 21
3800.190590284992
 31
0.0
  0
MTEXT
  5
5C8
330
58F
100
AcDbEntity
  8
Обозначение (ISO)
100
AcDbMText
 10
15727.82918351153
 20
3675.018420885731
 30
0.0
 40
50.0
 41
0.0
 46
0.0
 71
     7
 72
     1
  1
37
  7
Laser Note Text (DIN)
 73
     1
 44
1.0
  0
MTEXT
  5
5C9
330
58F
100
AcDbEntity
  8
Обозначение (ISO)
100
AcDbMText
 10
15227.82918351153
 20
3675.018420885731
 30
0.0
 40
50.0
 41
0.0
 46
0.0
 71
     7
 72
     1
  1
40
  7
Laser Note Text (DIN)
 73
     1
 44
1.0
  0
MTEXT
  5
5CA
330
58F
100
AcDbEntity
  8
Обозначение (ISO)
100
AcDbMText
 10
14727.78918340913
 20
3664.999868343997
 30
0.0
 40
50.0
 41
0.0
 46
0.0
 71
     7
 72
     1
  1
1,0
  7
Laser Note Text (DIN)
 73
     1
 44
1.0
  0
MTEXT
  5
5CB
330
58F
100
AcDbEntity
  8
Обозначение (ISO)
100
AcDbMText
 10
14227.82918351153
 20
3675.018420885731
 30
0.0
 40
50.0
 41
0.0
 46
0.0
 71
     7
 72
     1
  1
0202
  7
Laser Note Text (DIN)
 73
     1
 44
1.0
  0
MTEXT
  5
5CC
330
58F
100
AcDbEntity
  8
Обозначение (ISO)
100
AcDbMText
 10
13336.88368596689
 20
3660.036974619556
 30
0.0
 40
50.0
 41
0.0
 46
0.0
 71
     7
 72
     1
  1
GBK 0202 stringer 4
  7
Laser Note Text (DIN)
 73
     1
 44
1.0
  0
MTEXT
  5
5CD
330
58F
100
AcDbEntity
  8
Обозначение (ISO)
100
AcDbMText
 10
13250.99470863251
 20
3675.018420885731
 30
0.0
 40
50.0
 41
0.0
 46
0.0
 71
     7
 72
     1
  1
7
  7
Laser Note Text (DIN)
 73
     1
 44
1.0
  0
LINE
  5
5CE
330
58F
100
AcDbEntity
  8
Обозначение (ISO)
100
AcDbLine
 10
16222.6091724523
 20
3733.409144018818
 30
0.0
 11
13196.73788984297
 21
3733.409144018818
 31
0.0
  0
MTEXT
  5
5CF
330
58F
100
AcDbEntity
  8
Обозначение (ISO)
100
AcDbMText
 10
15727.82918351153
 20
3608.236974619556
 30
0.0
 40
50.0
 41
0.0
 46
0.0
 71
     7
 72
     1
  1
37
  7
Laser Note Text (DIN)
 73
     1
 44
1.0
  0
MTEXT
  5
5D0
330
58F
100
AcDbEntity
  8
Обозначение (ISO)
100
AcDbMText
 10
15227.82918351153
 20
3608.236974619556
 30
0.0
 40
50.0
 41
0.0
 46
0.0
 71
     7
 72
     1
  1
40
  7
Laser Note Text (DIN)
 73
     1
 44
1.0
  0
MTEXT
  5
5D1
330
58F
100
AcDbEntity
  8
Обозначение (ISO)
100
AcDbMText
 10
14727.78918340913
 20
3598.218422077823
 30
0.0
 40
50.0
 41
0.0
 46
0.0
 71
     7
 72
     1
  1
1,0
  7
Laser Note Text (DIN)
 73
     1
 44
1.0
  0
MTEXT
  5
5D2
330
58F
100
AcDbEntity
  8
Обозначение (ISO)
100
AcDbMText
 10
14227.82918351153
 20
3608.236974619556
 30
0.0
 40
50.0
 41
0.0
 46
0.0
 71
     7
 72
     1
  1
0203
  7
Laser Note Text (DIN)
 73
     1
 44
1.0
  0
MTEXT
  5
5D3
330
58F
100
AcDbEntity
  8
Обозначение (ISO)
100
AcDbMText
 10
13336.88368596689
 20
3593.255528353382
 30
0.0
 40
50.0
 41
0.0
 46
0.0
 71
     7
 72
     1
  1
GBK 0203 stringer 5
  7
Laser Note Text (DIN)
 73
     1
 44
1.0
  0
MTEXT
  5
5D4
330
58F
100
AcDbEntity
  8
Обозначение (ISO)
100
AcDbMText
 10
13251.03470873491
 20
3608.236974619556
 30
0.0
 40
50.0
 41
0.0
 46
0.0
 71
     7
 72
     1
  1
8
  7
Laser Note Text (DIN)
 73
     1
 44
1.0
  0
LINE
  5
5D5
330
58F
100
AcDbEntity
  8
Обозначение (ISO)
100
AcDbLine
 10
16222.6091724523
 20
3666.627697752643
 30
0.0
 11
13196.73788984297
 21
3666.627697752643
 31
0.0
  0
MTEXT
  5
5D6
330
58F
100
AcDbEntity
  8
Обозначение (ISO)
100
AcDbMText
 10
15727.82918351153
 20
3541.455528353381
 30
0.0
 40
50.0
 41
0.0
 46
0.0
 71
     7
 72
     1
  1
37
  7
Laser Note Text (DIN)
 73
     1
 44
1.0
  0
MTEXT
  5
5D7
330
58F
100
AcDbEntity
  8
Обозначение (ISO)
100
AcDbMText
 10
15227.82918351153
 20
3541.455528353381
 30
0.0
 40
50.0
 41
0.0
 46
0.0
 71
     7
 72
     1
  1
40
  7
Laser Note Text (DIN)
 73
     1
 44
1.0
  0
MTEXT
  5
5D8
330
58F
100
AcDbEntity
  8
Обозначение (ISO)
100
AcDbMText
 10
14727.78918340913
 20
3531.436975811649
 30
0.0
 40
50.0
 41
0.0
 46
0.0
 71
     7
 72
     1
  1
1,0
  7
Laser Note Text (DIN)
 73
     1
 44
1.0
  0
MTEXT
  5
5D9
330
58F
100
AcDbEntity
  8
Обозначение (ISO)
100
AcDbMText
 10
14227.82918351153
 20
3541.455528353381
 30
0.0
 40
50.0
 41
0.0
 46
0.0
 71
     7
 72
     1
  1
0204
  7
Laser Note Text (DIN)
 73
     1
 44
1.0
  0
MTEXT
  5
5DA
330
58F
100
AcDbEntity
  8
Обозначение (ISO)
100
AcDbMText
 10
13336.88368596689
 20
3526.474082087207
 30
0.0
 40
50.0
 41
0.0
 46
0.0
 71
     7
 72
     1
  1
GBK 0204 stringer 6
  7
Laser Note Text (DIN)
 73
     1
 44
1.0
  0
MTEXT
  5
5DB
330
58F
100
AcDbEntity
  8
Обозначение (ISO)
100
AcDbMText
 10
13251.03470873491
 20
3541.455528353381
 30
0.0
 40
50.0
 41
0.0
 46
0.0
 71
     7
 72
     1
  1
9
  7
Laser Note Text (DIN)
 73
     1
 44
1.0
  0
LINE
  5
5DC
330
58F
100
AcDbEntity
  8
Обозначение (ISO)
100
AcDbLine
 10
16222.6091724523
 20
3599.846251486468
 30
0.0
 11
13196.73788984297
 21
3599.846251486468
 31
0.0
  0
MTEXT
  5
5DD
330
58F
100
AcDbEntity
  8
Обозначение (ISO)
100
AcDbMText
 10
15727.78918340913
 20
3474.674082087208
 30
0.0
 40
50.0
 41
0.0
 46
0.0
 71
     7
 72
     1
  1
114
  7
Laser Note Text (DIN)
 73
     1
 44
1.0
  0
MTEXT
  5
5DE
330
58F
100
AcDbEntity
  8
Обозначение (ISO)
100
AcDbMText
 10
15227.78918340913
 20
3474.674082087208
 30
0.0
 40
50.0
 41
0.0
 46
0.0
 71
     7
 72
     1
  1
120
  7
Laser Note Text (DIN)
 73
     1
 44
1.0
  0
MTEXT
  5
5DF
330
58F
100
AcDbEntity
  8
Обозначение (ISO)
100
AcDbMText
 10
14727.78918340913
 20
3464.655529545475
 30
0.0
 40
50.0
 41
0.0
 46
0.0
 71
     7
 72
     1
  1
1,0
  7
Laser Note Text (DIN)
 73
     1
 44
1.0
  0
MTEXT
  5
5E0
330
58F
100
AcDbEntity
  8
Обозначение (ISO)
100
AcDbMText
 10
14227.82918351153
 20
3474.674082087208
 30
0.0
 40
50.0
 41
0.0
 46
0.0
 71
     7
 72
     1
  1
0301
  7
Laser Note Text (DIN)
 73
     1
 44
1.0
  0
MTEXT
  5
5E1
330
58F
100
AcDbEntity
  8
Обозначение (ISO)
100
AcDbMText
 10
13336.88368596689
 20
3474.674082087208
 30
0.0
 40
50.0
 41
0.0
 46
0.0
 71
     7
 72
     1
  1
GBK 0301 third rib
  7
Laser Note Text (DIN)
 73
     1
 44
1.0
  0
MTEXT
  5
5E2
330
58F
100
AcDbEntity
  8
Обозначение (ISO)
100
AcDbMText
 10
13243.48079333214
 20
3474.674082087208
 30
0.0
 40
50.0
 41
0.0
 46
0.0
 71
     7
 72
     1
  1
11
  7
Laser Note Text (DIN)
 73
     1
 44
1.0
  0
LINE
  5
5E3
330
58F
100
AcDbEntity
  8
Обозначение (ISO)
100
AcDbLine
 10
16222.6091724523
 20
3533.064805220294
 30
0.0
 11
13196.73788984297
 21
3533.064805220294
 31
0.0
  0
MTEXT
  5
5E4
330
58F
100
AcDbEntity
  8
Обозначение (ISO)
100
AcDbMText
 10
15727.82918351153
 20
3407.892635821033
 30
0.0
 40
50.0
 41
0.0
 46
0.0
 71
     7
 72
     1
  1
38
  7
Laser Note Text (DIN)
 73
     1
 44
1.0
  0
MTEXT
  5
5E5
330
58F
100
AcDbEntity
  8
Обозначение (ISO)
100
AcDbMText
 10
15227.82918351153
 20
3407.892635821033
 30
0.0
 40
50.0
 41
0.0
 46
0.0
 71
     7
 72
     1
  1
40
  7
Laser Note Text (DIN)
 73
     1
 44
1.0
  0
MTEXT
  5
5E6
330
58F
100
AcDbEntity
  8
Обозначение (ISO)
100
AcDbMText
 10
14727.78918340913
 20
3397.8740832793
 30
0.0
 40
50.0
 41
0.0
 46
0.0
 71
     7
 72
     1
  1
1,0
  7
Laser Note Text (DIN)
 73
     1
 44
1.0
  0
MTEXT
  5
5E7
330
58F
100
AcDbEntity
  8
Обозначение (ISO)
100
AcDbMText
 10
14227.82918351153
 20
3407.892635821033
 30
0.0
 40
50.0
 41
0.0
 46
0.0
 71
     7
 72
     1
  1
0302
  7
Laser Note Text (DIN)
 73
     1
 44
1.0
  0
MTEXT
  5
5E8
330
58F
100
AcDbEntity
  8
Обозначение (ISO)
100
AcDbMText
 10
13336.88368596689
 20
3392.911189554859
 30
0.0
 40
50.0
 41
0.0
 46
0.0
 71
     7
 72
     1
  1
GBK 0302 stringer 7
  7
Laser Note Text (DIN)
 73
     1
 44
1.0
  0
MTEXT
  5
5E9
330
58F
100
AcDbEntity
  8
Обозначение (ISO)
100
AcDbMText
 10
13238.49470982461
 20
3407.892635821033
 30
0.0
 40
50.0
 41
0.0
 46
0.0
 71
     7
 72
     1
  1
12
  7
Laser Note Text (DIN)
 73
     1
 44
1.0
  0
LINE
  5
5EA
330
58F
100
AcDbEntity
  8
Обозначение (ISO)
100
AcDbLine
 10
16222.6091724523
 20
3466.28335895412
 30
0.0
 11
13196.73788984297
 21
3466.28335895412
 31
0.0
  0
MTEXT
  5
5EB
330
58F
100
AcDbEntity
  8
Обозначение (ISO)
100
AcDbMText
 10
15727.82918351153
 20
3341.111189554859
 30
0.0
 40
50.0
 41
0.0
 46
0.0
 71
     7
 72
     1
  1
38
  7
Laser Note Text (DIN)
 73
     1
 44
1.0
  0
MTEXT
  5
5EC
330
58F
100
AcDbEntity
  8
Обозначение (ISO)
100
AcDbMText
 10
15227.82918351153
 20
3341.111189554859
 30
0.0
 40
50.0
 41
0.0
 46
0.0
 71
     7
 72
     1
  1
40
  7
Laser Note Text (DIN)
 73
     1
 44
1.0
  0
MTEXT
  5
5ED
330
58F
100
AcDbEntity
  8
Обозначение (ISO)
100
AcDbMText
 10
14727.78918340913
 20
3331.092637013126
 30
0.0
 40
50.0
 41
0.0
 46
0.0
 71
     7
 72
     1
  1
1,0
  7
Laser Note Text (DIN)
 73
     1
 44
1.0
  0
MTEXT
  5
5EE
330
58F
100
AcDbEntity
  8
Обозначение (ISO)
100
AcDbMText
 10
14227.82918351153
 20
3341.111189554859
 30
0.0
 40
50.0
 41
0.0
 46
0.0
 71
     7
 72
     1
  1
0303
  7
Laser Note Text (DIN)
 73
     1
 44
1.0
  0
MTEXT
  5
5EF
330
58F
100
AcDbEntity
  8
Обозначение (ISO)
100
AcDbMText
 10
13336.88368596689
 20
3326.129743288684
 30
0.0
 40
50.0
 41
0.0
 46
0.0
 71
     7
 72
     1
  1
GBK 0303 stringer 8
  7
Laser Note Text (DIN)
 73
     1
 44
1.0
  0
MTEXT
  5
5F0
330
58F
100
AcDbEntity
  8
Обозначение (ISO)
100
AcDbMText
 10
13238.49470982461
 20
3341.111189554859
 30
0.0
 40
50.0
 41
0.0
 46
0.0
 71
     7
 72
     1
  1
13
  7
Laser Note Text (DIN)
 73
     1
 44
1.0
  0
LINE
  5
5F1
330
58F
100
AcDbEntity
  8
Обозначение (ISO)
100
AcDbLine
 10
16222.6091724523
 20
3399.501912687945
 30
0.0
 11
13196.73788984297
 21
3399.501912687945
 31
0.0
  0
MTEXT
  5
5F2
330
58F
100
AcDbEntity
  8
Обозначение (ISO)
100
AcDbMText
 10
15727.82918351153
 20
3274.329743288684
 30
0.0
 40
50.0
 41
0.0
 46
0.0
 71
     7
 72
     1
  1
3
  7
Laser Note Text (DIN)
 73
     1
 44
1.0
  0
MTEXT
  5
5F3
330
58F
100
AcDbEntity
  8
Обозначение (ISO)
100
AcDbMText
 10
15227.82918351153
 20
3274.329743288684
 30
0.0
 40
50.0
 41
0.0
 46
0.0
 71
     7
 72
     1
  1
4
  7
Laser Note Text (DIN)
 73
     1
 44
1.0
  0
MTEXT
  5
5F4
330
58F
100
AcDbEntity
  8
Обозначение (ISO)
100
AcDbMText
 10
14727.78918340913
 20
3264.311190746951
 30
0.0
 40
50.0
 41
0.0
 46
0.0
 71
     7
 72
     1
  1
1,0
  7
Laser Note Text (DIN)
 73
     1
 44
1.0
  0
MTEXT
  5
5F5
330
58F
100
AcDbEntity
  8
Обозначение (ISO)
100
AcDbMText
 10
14227.78918340913
 20
3274.329743288684
 30
0.0
 40
50.0
 41
0.0
 46
0.0
 71
     7
 72
     1
  1
1115
  7
Laser Note Text (DIN)
 73
     1
 44
1.0
  0
MTEXT
  5
5F6
330
58F
100
AcDbEntity
  8
Обозначение (ISO)
100
AcDbMText
 10
13336.88368596689
 20
3274.329743288684
 30
0.0
 40
50.0
 41
0.0
 46
0.0
 71
     7
 72
     1
  1
GBK 1115 shield 1
  7
Laser Note Text (DIN)
 73
     1
 44
1.0
  0
MTEXT
  5
5F7
330
58F
100
AcDbEntity
  8
Обозначение (ISO)
100
AcDbMText
 10
13251.03470873491
 20
3274.329743288684
 30
0.0
 40
50.0
 41
0.0
 46
0.0
 71
     7
 72
     1
  1
5
  7
Laser Note Text (DIN)
 73
     1
 44
1.0
  0
LINE
  5
5F8
330
58F
100
AcDbEntity
  8
Обозначение (ISO)
100
AcDbLine
 10
16222.6091724523
 20
3332.720466421771
 30
0.0
 11
13196.73788984297
 21
3332.720466421771
 31
0.0
  0
MTEXT
  5
5F9
330
58F
100
AcDbEntity
  8
Обозначение (ISO)
100
AcDbMText
 10
15727.82918351153
 20
3207.54829702251
 30
0.0
 40
50.0
 41
0.0
 46
0.0
 71
     7
 72
     1
  1
0
  7
Laser Note Text (DIN)
 73
     1
 44
1.0
  0
MTEXT
  5
5FA
330
58F
100
AcDbEntity
  8
Обозначение (ISO)
100
AcDbMText
 10
15227.78918340913
 20
3207.54829702251
 30
0.0
 40
50.0
 41
0.0
 46
0.0
 71
     7
 72
     1
  1
10
  7
Laser Note Text (DIN)
 73
     1
 44
1.0
  0
MTEXT
  5
5FB
330
58F
100
AcDbEntity
  8
Обозначение (ISO)
100
AcDbMText
 10
14727.78918340913
 20
3197.529744480777
 30
0.0
 40
50.0
 41
0.0
 46
0.0
 71
     7
 72
     1
  1
1,0
  7
Laser Note Text (DIN)
 73
     1
 44
1.0
  0
MTEXT
  5
5FC
330
58F
100
AcDbEntity
  8
Обозначение (ISO)
100
AcDbMText
 10
14227.78918340913
 20
3207.54829702251
 30
0.0
 40
50.0
 41
0.0
 46
0.0
 71
     7
 72
     1
  1
1126
  7
Laser Note Text (DIN)
 73
     1
 44
1.0
  0
MTEXT
  5
5FD
330
58F
100
AcDbEntity
  8
Обозначение (ISO)
100
AcDbMText
 10
13336.88368596689
 20
3207.54829702251
 30
0.0
 40
50.0
 41
0.0
 46
0.0
 71
     7
 72
     1
  1
GBK 1126 shield 1.2
  7
Laser Note Text (DIN)
 73
     1
 44
1.0
  0
MTEXT
  5
5FE
330
58F
100
AcDbEntity
  8
Обозначение (ISO)
100
AcDbMText
 10
13233.54862403528
 20
3207.54829702251
 30
0.0
 40
50.0
 41
0.0
 46
0.0
 71
     7
 72
     1
  1
23
  7
Laser Note Text (DIN)
 73
     1
 44
1.0
  0
LINE
  5
5FF
330
58F
100
AcDbEntity
  8
Обозначение (ISO)
100
AcDbLine
 10
16222.6091724523
 20
3265.939020155597
 30
0.0
 11
13196.73788984297
 21
3265.939020155597
 31
0.0
  0
MTEXT
  5
600
330
58F
100
AcDbEntity
  8
Обозначение (ISO)
100
AcDbMText
 10
15727.82918351153
 20
3140.766850756336
 30
0.0
 40
50.0
 41
0.0
 46
0.0
 71
     7
 72
     1
  1
0
  7
Laser Note Text (DIN)
 73
     1
 44
1.0
  0
MTEXT
  5
601
330
58F
100
AcDbEntity
  8
Обозначение (ISO)
100
AcDbMText
 10
15227.78918340913
 20
3140.766850756336
 30
0.0
 40
50.0
 41
0.0
 46
0.0
 71
     7
 72
     1
  1
12
  7
Laser Note Text (DIN)
 73
     1
 44
1.0
  0
MTEXT
  5
602
330
58F
100
AcDbEntity
  8
Обозначение (ISO)
100
AcDbMText
 10
14727.78918340913
 20
3130.748298214603
 30
0.0
 40
50.0
 41
0.0
 46
0.0
 71
     7
 72
     1
  1
1,0
  7
Laser Note Text (DIN)
 73
     1
 44
1.0
  0
MTEXT
  5
603
330
58F
100
AcDbEntity
  8
Обозначение (ISO)
100
AcDbMText
 10
14227.78918340913
 20
3140.766850756336
 30
0.0
 40
50.0
 41
0.0
 46
0.0
 71
     7
 72
     1
  1
1217
  7
Laser Note Text (DIN)
 73
     1
 44
1.0
  0
MTEXT
  5
604
330
58F
100
AcDbEntity
  8
Обозначение (ISO)
100
AcDbMText
 10
13336.88368596689
 20
3140.766850756336
 30
0.0
 40
50.0
 41
0.0
 46
0.0
 71
     7
 72
     1
  1
GBK 1217 shield 2
  7
Laser Note Text (DIN)
 73
     1
 44
1.0
  0
MTEXT
  5
605
330
58F
100
AcDbEntity
  8
Обозначение (ISO)
100
AcDbMText
 10
13235.99007019906
 20
3140.766850756336
 30
0.0
 40
50.0
 41
0.0
 46
0.0
 71
     7
 72
     1
  1
14
  7
Laser Note Text (DIN)
 73
     1
 44
1.0
  0
LINE
  5
606
330
58F
100
AcDbEntity
  8
Обозначение (ISO)
100
AcDbLine
 10
16222.6091724523
 20
3199.157573889423
 30
0.0
 11
13196.73788984297
 21
3199.157573889423
 31
0.0
  0
MTEXT
  5
607
330
58F
100
AcDbEntity
  8
Обозначение (ISO)
100
AcDbMText
 10
15727.82918351153
 20
3073.985404490161
 30
0.0
 40
50.0
 41
0.0
 46
0.0
 71
     7
 72
     1
  1
3
  7
Laser Note Text (DIN)
 73
     1
 44
1.0
  0
MTEXT
  5
608
330
58F
100
AcDbEntity
  8
Обозначение (ISO)
100
AcDbMText
 10
15227.82918351153
 20
3073.985404490161
 30
0.0
 40
50.0
 41
0.0
 46
0.0
 71
     7
 72
     1
  1
4
  7
Laser Note Text (DIN)
 73
     1
 44
1.0
  0
MTEXT
  5
609
330
58F
100
AcDbEntity
  8
Обозначение (ISO)
100
AcDbMText
 10
14727.78918340913
 20
3063.966851948428
 30
0.0
 40
50.0
 41
0.0
 46
0.0
 71
     7
 72
     1
  1
1,0
  7
Laser Note Text (DIN)
 73
     1
 44
1.0
  0
MTEXT
  5
60A
330
58F
100
AcDbEntity
  8
Обозначение (ISO)
100
AcDbMText
 10
14227.78918340913
 20
3073.985404490161
 30
0.0
 40
50.0
 41
0.0
 46
0.0
 71
     7
 72
     1
  1
1318
  7
Laser Note Text (DIN)
 73
     1
 44
1.0
  0
MTEXT
  5
60B
330
58F
100
AcDbEntity
  8
Обозначение (ISO)
100
AcDbMText
 10
13336.88368596689
 20
3073.985404490161
 30
0.0
 40
50.0
 41
0.0
 46
0.0
 71
     7
 72
     1
  1
GBK 1318 shield
  7
Laser Note Text (DIN)
 73
     1
 44
1.0
  0
MTEXT
  5
60C
330
58F
100
AcDbEntity
  8
Обозначение (ISO)
100
AcDbMText
 10
13238.49470982461
 20
3073.985404490161
 30
0.0
 40
50.0
 41
0.0
 46
0.0
 71
     7
 72
     1
  1
10
  7
Laser Note Text (DIN)
 73
     1
 44
1.0
  0
LINE
  5
60D
330
58F
100
AcDbEntity
  8
Обозначение (ISO)
100
AcDbLine
 10
16222.6091724523
 20
3132.376127623248
 30
0.0
 11
13196.73788984297
 21
3132.376127623248
 31
0.0
  0
MTEXT
  5
60E
330
58F
100
AcDbEntity
  8
Обозначение (ISO)
100
AcDbMText
 10
15727.78918340913
 20
3007.203958223986
 30
0.0
 40
50.0
 41
0.0
 46
0.0
 71
     7
 72
     1
  1
10
  7
Laser Note Text (DIN)
 73
     1
 44
1.0
  0
MTEXT
  5
60F
330
58F
100
AcDbEntity
  8
Обозначение (ISO)
100
AcDbMText
 10
15227.78918340913
 20
3007.203958223986
 30
0.0
 40
50.0
 41
0.0
 46
0.0
 71
     7
 72
     1
  1
10
  7
Laser Note Text (DIN)
 73
     1
 44
1.0
  0
MTEXT
  5
610
330
58F
100
AcDbEntity
  8
Обозначение (ISO)
100
AcDbMText
 10
14727.78918340913
 20
2997.185405682254
 30
0.0
 40
50.0
 41
0.0
 46
0.0
 71
     7
 72
     1
  1
1,0
  7
Laser Note Text (DIN)
 73
     1
 44
1.0
  0
MTEXT
  5
611
330
58F
100
AcDbEntity
  8
Обозначение (ISO)
100
AcDbMText
 10
14227.78918340913
 20
3007.203958223986
 30
0.0
 40
50.0
 41
0.0
 46
0.0
 71
     7
 72
     1
  1
1325
  7
Laser Note Text (DIN)
 73
     1
 44
1.0
  0
MTEXT
  5
612
330
58F
100
AcDbEntity
  8
Обозначение (ISO)
100
AcDbMText
 10
13336.88368596689
 20
3007.203958223986
 30
0.0
 40
50.0
 41
0.0
 46
0.0
 71
     7
 72
     1
  1
GBK 1325 shield 1.2
  7
Laser Note Text (DIN)
 73
     1
 44
1.0
  0
MTEXT
  5
613
330
58F
100
AcDbEntity
  8
Обозначение (ISO)
100
AcDbMText
 10
13231.04398679392
 20
3007.203958223986
 30
0.0
 40
50.0
 41
0.0
 46
0.0
 71
     7
 72
     1
  1
24
  7
Laser Note Text (DIN)
 73
     1
 44
1.0
  0
LINE
  5
614
330
58F
100
AcDbEntity
  8
Обозначение (ISO)
100
AcDbLine
 10
16222.6091724523
 20
3065.594681357074
 30
0.0
 11
13196.73788984297
 21
3065.594681357074
 31
0.0
  0
MTEXT
  5
615
330
58F
100
AcDbEntity
  8
Обозначение (ISO)
100
AcDbMText
 10
15727.82918351153
 20
2940.422511957812
 30
0.0
 40
50.0
 41
0.0
 46
0.0
 71
     7
 72
     1
  1
2
  7
Laser Note Text (DIN)
 73
     1
 44
1.0
  0
MTEXT
  5
616
330
58F
100
AcDbEntity
  8
Обозначение (ISO)
100
AcDbMText
 10
15227.82918351153
 20
2940.422511957812
 30
0.0
 40
50.0
 41
0.0
 46
0.0
 71
     7
 72
     1
  1
2
  7
Laser Note Text (DIN)
 73
     1
 44
1.0
  0
MTEXT
  5
617
330
58F
100
AcDbEntity
  8
Обозначение (ISO)
100
AcDbMText
 10
14727.78918340913
 20
2930.40395941608
 30
0.0
 40
50.0
 41
0.0
 46
0.0
 71
     7
 72
     1
  1
1,0
  7
Laser Note Text (DIN)
 73
     1
 44
1.0
  0
MTEXT
  5
618
330
58F
100
AcDbEntity
  8
Обозначение (ISO)
100
AcDbMText
 10
14227.82918351153
 20
2940.422511957812
 30
0.0
 40
50.0
 41
0.0
 46
0.0
 71
     7
 72
     1
  1
2111 
  7
Laser Note Text (DIN)
 73
     1
 44
1.0
  0
MTEXT
  5
619
330
58F
100
AcDbEntity
  8
Обозначение (ISO)
100
AcDbMText
 10
13336.88368596689
 20
2940.422511957812
 30
0.0
 40
50.0
 41
0.0
 46
0.0
 71
     7
 72
     1
  1
GBK 2111 shield 1
  7
Laser Note Text (DIN)
 73
     1
 44
1.0
  0
MTEXT
  5
61A
330
58F
100
AcDbEntity
  8
Обозначение (ISO)
100
AcDbMText
 10
13238.49470982461
 20
2940.422511957812
 30
0.0
 40
50.0
 41
0.0
 46
0.0
 71
     7
 72
     1
  1
15
  7
Laser Note Text (DIN)
 73
     1
 44
1.0
  0
LINE
  5
61B
330
58F
100
AcDbEntity
  8
Обозначение (ISO)
100
AcDbLine
 10
16222.6091724523
 20
2998.813235090899
 30
0.0
 11
13196.73788984297
 21
2998.813235090899
 31
0.0
  0
MTEXT
  5
61C
330
58F
100
AcDbEntity
  8
Обозначение (ISO)
100
AcDbMText
 10
15727.82918351153
 20
2873.641065691638
 30
0.0
 40
50.0
 41
0.0
 46
0.0
 71
     7
 72
     1
  1
3
  7
Laser Note Text (DIN)
 73
     1
 44
1.0
  0
MTEXT
  5
61D
330
58F
100
AcDbEntity
  8
Обозначение (ISO)
100
AcDbMText
 10
15227.82918351153
 20
2873.641065691638
 30
0.0
 40
50.0
 41
0.0
 46
0.0
 71
     7
 72
     1
  1
6
  7
Laser Note Text (DIN)
 73
     1
 44
1.0
  0
MTEXT
  5
61E
330
58F
100
AcDbEntity
  8
Обозначение (ISO)
100
AcDbMText
 10
14727.78918340913
 20
2863.622513149905
 30
0.0
 40
50.0
 41
0.0
 46
0.0
 71
     7
 72
     1
  1
1,0
  7
Laser Note Text (DIN)
 73
     1
 44
1.0
  0
MTEXT
  5
61F
330
58F
100
AcDbEntity
  8
Обозначение (ISO)
100
AcDbMText
 10
14227.82918351153
 20
2873.641065691638
 30
0.0
 40
50.0
 41
0.0
 46
0.0
 71
     7
 72
     1
  1
2122
  7
Laser Note Text (DIN)
 73
     1
 44
1.0
  0
MTEXT
  5
620
330
58F
100
AcDbEntity
  8
Обозначение (ISO)
100
AcDbMText
 10
13336.88368596689
 20
2873.641065691638
 30
0.0
 40
50.0
 41
0.0
 46
0.0
 71
     7
 72
     1
  1
GBK 2122 shield 2
  7
Laser Note Text (DIN)
 73
     1
 44
1.0
  0
MTEXT
  5
621
330
58F
100
AcDbEntity
  8
Обозначение (ISO)
100
AcDbMText
 10
13238.49470982461
 20
2873.641065691638
 30
0.0
 40
50.0
 41
0.0
 46
0.0
 71
     7
 72
     1
  1
16
  7
Laser Note Text (DIN)
 73
     1
 44
1.0
  0
LINE
  5
622
330
58F
100
AcDbEntity
  8
Обозначение (ISO)
100
AcDbLine
 10
16222.6091724523
 20
2932.031788824725
 30
0.0
 11
13196.73788984297
 21
2932.031788824725
 31
0.0
  0
MTEXT
  5
623
330
58F
100
AcDbEntity
  8
Обозначение (ISO)
100
AcDbMText
 10
15727.82918351153
 20
2806.859619425464
 30
0.0
 40
50.0
 41
0.0
 46
0.0
 71
     7
 72
     1
  1
2
  7
Laser Note Text (DIN)
 73
     1
 44
1.0
  0
MTEXT
  5
624
330
58F
100
AcDbEntity
  8
Обозначение (ISO)
100
AcDbMText
 10
15227.82918351153
 20
2806.859619425464
 30
0.0
 40
50.0
 41
0.0
 46
0.0
 71
     7
 72
     1
  1
2
  7
Laser Note Text (DIN)
 73
     1
 44
1.0
  0
MTEXT
  5
625
330
58F
100
AcDbEntity
  8
Обозначение (ISO)
100
AcDbMText
 10
14727.78918340913
 20
2796.841066883731
 30
0.0
 40
50.0
 41
0.0
 46
0.0
 71
     7
 72
     1
  1
1,0
  7
Laser Note Text (DIN)
 73
     1
 44
1.0
  0
MTEXT
  5
626
330
58F
100
AcDbEntity
  8
Обозначение (ISO)
100
AcDbMText
 10
14227.82918351153
 20
2806.859619425464
 30
0.0
 40
50.0
 41
0.0
 46
0.0
 71
     7
 72
     1
  1
2133
  7
Laser Note Text (DIN)
 73
     1
 44
1.0
  0
MTEXT
  5
627
330
58F
100
AcDbEntity
  8
Обозначение (ISO)
100
AcDbMText
 10
13336.88368596689
 20
2806.859619425464
 30
0.0
 40
50.0
 41
0.0
 46
0.0
 71
     7
 72
     1
  1
GBK 2133 shield 3
  7
Laser Note Text (DIN)
 73
     1
 44
1.0
  0
MTEXT
  5
628
330
58F
100
AcDbEntity
  8
Обозначение (ISO)
100
AcDbMText
 10
13233.54862403528
 20
2806.859619425464
 30
0.0
 40
50.0
 41
0.0
 46
0.0
 71
     7
 72
     1
  1
25
  7
Laser Note Text (DIN)
 73
     1
 44
1.0
  0
LINE
  5
629
330
58F
100
AcDbEntity
  8
Обозначение (ISO)
100
AcDbLine
 10
16222.6091724523
 20
2865.25034255855
 30
0.0
 11
13196.73788984297
 21
2865.25034255855
 31
0.0
  0
MTEXT
  5
62A
330
58F
100
AcDbEntity
  8
Обозначение (ISO)
100
AcDbMText
 10
15727.82918351153
 20
2740.078173159289
 30
0.0
 40
50.0
 41
0.0
 46
0.0
 71
     7
 72
     1
  1
2
  7
Laser Note Text (DIN)
 73
     1
 44
1.0
  0
MTEXT
  5
62B
330
58F
100
AcDbEntity
  8
Обозначение (ISO)
100
AcDbMText
 10
15227.82918351153
 20
2740.078173159289
 30
0.0
 40
50.0
 41
0.0
 46
0.0
 71
     7
 72
     1
  1
2
  7
Laser Note Text (DIN)
 73
     1
 44
1.0
  0
MTEXT
  5
62C
330
58F
100
AcDbEntity
  8
Обозначение (ISO)
100
AcDbMText
 10
14727.78918340913
 20
2730.059620617556
 30
0.0
 40
50.0
 41
0.0
 46
0.0
 71
     7
 72
     1
  1
1,0
  7
Laser Note Text (DIN)
 73
     1
 44
1.0
  0
MTEXT
  5
62D
330
58F
100
AcDbEntity
  8
Обозначение (ISO)
100
AcDbMText
 10
14227.82918351153
 20
2740.078173159289
 30
0.0
 40
50.0
 41
0.0
 46
0.0
 71
     7
 72
     1
  1
2211
  7
Laser Note Text (DIN)
 73
     1
 44
1.0
  0
MTEXT
  5
62E
330
58F
100
AcDbEntity
  8
Обозначение (ISO)
100
AcDbMText
 10
13336.88368596689
 20
2740.078173159289
 30
0.0
 40
50.0
 41
0.0
 46
0.0
 71
     7
 72
     1
  1
GBK 2211 shield 4
  7
Laser Note Text (DIN)
 73
     1
 44
1.0
  0
MTEXT
  5
62F
330
58F
100
AcDbEntity
  8
Обозначение (ISO)
100
AcDbMText
 10
13238.49470982461
 20
2740.078173159289
 30
0.0
 40
50.0
 41
0.0
 46
0.0
 71
     7
 72
     1
  1
17
  7
Laser Note Text (DIN)
 73
     1
 44
1.0
  0
LINE
  5
630
330
58F
100
AcDbEntity
  8
Обозначение (ISO)
100
AcDbLine
 10
16222.6091724523
 20
2798.468896292376
 30
0.0
 11
13196.73788984297
 21
2798.468896292376
 31
0.0
  0
MTEXT
  5
631
330
58F
100
AcDbEntity
  8
Обозначение (ISO)
100
AcDbMText
 10
15727.82918351153
 20
2673.296726893115
 30
0.0
 40
50.0
 41
0.0
 46
0.0
 71
     7
 72
     1
  1
4
  7
Laser Note Text (DIN)
 73
     1
 44
1.0
  0
MTEXT
  5
632
330
58F
100
AcDbEntity
  8
Обозначение (ISO)
100
AcDbMText
 10
15227.82918351153
 20
2673.296726893115
 30
0.0
 40
50.0
 41
0.0
 46
0.0
 71
     7
 72
     1
  1
4
  7
Laser Note Text (DIN)
 73
     1
 44
1.0
  0
MTEXT
  5
633
330
58F
100
AcDbEntity
  8
Обозначение (ISO)
100
AcDbMText
 10
14727.78918340913
 20
2663.278174351382
 30
0.0
 40
50.0
 41
0.0
 46
0.0
 71
     7
 72
     1
  1
1,0
  7
Laser Note Text (DIN)
 73
     1
 44
1.0
  0
MTEXT
  5
634
330
58F
100
AcDbEntity
  8
Обозначение (ISO)
100
AcDbMText
 10
14227.82918351153
 20
2673.296726893115
 30
0.0
 40
50.0
 41
0.0
 46
0.0
 71
     7
 72
     1
  1
2221
  7
Laser Note Text (DIN)
 73
     1
 44
1.0
  0
MTEXT
  5
635
330
58F
100
AcDbEntity
  8
Обозначение (ISO)
100
AcDbMText
 10
13336.88368596689
 20
2673.296726893115
 30
0.0
 40
50.0
 41
0.0
 46
0.0
 71
     7
 72
     1
  1
GBK 2221 shield 5
  7
Laser Note Text (DIN)
 73
     1
 44
1.0
  0
MTEXT
  5
636
330
58F
100
AcDbEntity
  8
Обозначение (ISO)
100
AcDbMText
 10
13238.53470992701
 20
2673.296726893115
 30
0.0
 40
50.0
 41
0.0
 46
0.0
 71
     7
 72
     1
  1
21
  7
Laser Note Text (DIN)
 73
     1
 44
1.0
  0
LINE
  5
637
330
58F
100
AcDbEntity
  8
Обозначение (ISO)
100
AcDbLine
 10
16222.6091724523
 20
2731.687450026202
 30
0.0
 11
13196.73788984297
 21
2731.687450026202
 31
0.0
  0
MTEXT
  5
638
330
58F
100
AcDbEntity
  8
Обозначение (ISO)
100
AcDbMText
 10
15727.82918351153
 20
2606.51528062694
 30
0.0
 40
50.0
 41
0.0
 46
0.0
 71
     7
 72
     1
  1
2
  7
Laser Note Text (DIN)
 73
     1
 44
1.0
  0
MTEXT
  5
639
330
58F
100
AcDbEntity
  8
Обозначение (ISO)
100
AcDbMText
 10
15227.82918351153
 20
2606.51528062694
 30
0.0
 40
50.0
 41
0.0
 46
0.0
 71
     7
 72
     1
  1
2
  7
Laser Note Text (DIN)
 73
     1
 44
1.0
  0
MTEXT
  5
63A
330
58F
100
AcDbEntity
  8
Обозначение (ISO)
100
AcDbMText
 10
14727.78918340913
 20
2596.496728085208
 30
0.0
 40
50.0
 41
0.0
 46
0.0
 71
     7
 72
     1
  1
1,0
  7
Laser Note Text (DIN)
 73
     1
 44
1.0
  0
MTEXT
  5
63B
330
58F
100
AcDbEntity
  8
Обозначение (ISO)
100
AcDbMText
 10
14227.82918351153
 20
2606.51528062694
 30
0.0
 40
50.0
 41
0.0
 46
0.0
 71
     7
 72
     1
  1
2236
  7
Laser Note Text (DIN)
 73
     1
 44
1.0
  0
MTEXT
  5
63C
330
58F
100
AcDbEntity
  8
Обозначение (ISO)
100
AcDbMText
 10
13336.88368596689
 20
2606.51528062694
 30
0.0
 40
50.0
 41
0.0
 46
0.0
 71
     7
 72
     1
  1
GBK 2236 shield 6
  7
Laser Note Text (DIN)
 73
     1
 44
1.0
  0
MTEXT
  5
63D
330
58F
100
AcDbEntity
  8
Обозначение (ISO)
100
AcDbMText
 10
13233.54862403528
 20
2606.51528062694
 30
0.0
 40
50.0
 41
0.0
 46
0.0
 71
     7
 72
     1
  1
22
  7
Laser Note Text (DIN)
 73
     1
 44
1.0
  0
LINE
  5
63E
330
58F
100
AcDbEntity
  8
Обозначение (ISO)
100
AcDbLine
 10
16222.6091724523
 20
2664.906003760027
 30
0.0
 11
13196.73788984297
 21
2664.906003760027
 31
0.0
  0
MTEXT
  5
63F
330
58F
100
AcDbEntity
  8
Обозначение (ISO)
100
AcDbMText
 10
15727.82918351153
 20
2539.733834360766
 30
0.0
 40
50.0
 41
0.0
 46
0.0
 71
     7
 72
     1
  1
2
  7
Laser Note Text (DIN)
 73
     1
 44
1.0
  0
MTEXT
  5
640
330
58F
100
AcDbEntity
  8
Обозначение (ISO)
100
AcDbMText
 10
15227.82918351153
 20
2539.733834360766
 30
0.0
 40
50.0
 41
0.0
 46
0.0
 71
     7
 72
     1
  1
2
  7
Laser Note Text (DIN)
 73
     1
 44
1.0
  0
MTEXT
  5
641
330
58F
100
AcDbEntity
  8
Обозначение (ISO)
100
AcDbMText
 10
14727.78918340913
 20
2529.715281819033
 30
0.0
 40
50.0
 41
0.0
 46
0.0
 71
     7
 72
     1
  1
1,0
  7
Laser Note Text (DIN)
 73
     1
 44
1.0
  0
MTEXT
  5
642
330
58F
100
AcDbEntity
  8
Обозначение (ISO)
100
AcDbMText
 10
14227.82918351153
 20
2539.733834360766
 30
0.0
 40
50.0
 41
0.0
 46
0.0
 71
     7
 72
     1
  1
2311
  7
Laser Note Text (DIN)
 73
     1
 44
1.0
  0
MTEXT
  5
643
330
58F
100
AcDbEntity
  8
Обозначение (ISO)
100
AcDbMText
 10
13336.88368596689
 20
2539.733834360766
 30
0.0
 40
50.0
 41
0.0
 46
0.0
 71
     7
 72
     1
  1
GBK 2311 shield 7
  7
Laser Note Text (DIN)
 73
     1
 44
1.0
  0
MTEXT
  5
644
330
58F
100
AcDbEntity
  8
Обозначение (ISO)
100
AcDbMText
 10
13238.49470982461
 20
2539.733834360766
 30
0.0
 40
50.0
 41
0.0
 46
0.0
 71
     7
 72
     1
  1
18
  7
Laser Note Text (DIN)
 73
     1
 44
1.0
  0
LINE
  5
645
330
58F
100
AcDbEntity
  8
Обозначение (ISO)
100
AcDbLine
 10
16222.6091724523
 20
2598.124557493853
 30
0.0
 11
13196.73788984297
 21
2598.124557493853
 31
0.0
  0
MTEXT
  5
646
330
58F
100
AcDbEntity
  8
Обозначение (ISO)
100
AcDbMText
 10
15727.82918351153
 20
2472.952388094591
 30
0.0
 40
50.0
 41
0.0
 46
0.0
 71
     7
 72
     1
  1
6
  7
Laser Note Text (DIN)
 73
     1
 44
1.0
  0
MTEXT
  5
647
330
58F
100
AcDbEntity
  8
Обозначение (ISO)
100
AcDbMText
 10
15227.82918351153
 20
2472.952388094591
 30
0.0
 40
50.0
 41
0.0
 46
0.0
 71
     7
 72
     1
  1
6
  7
Laser Note Text (DIN)
 73
     1
 44
1.0
  0
MTEXT
  5
648
330
58F
100
AcDbEntity
  8
Обозначение (ISO)
100
AcDbMText
 10
14727.78918340913
 20
2462.933835552858
 30
0.0
 40
50.0
 41
0.0
 46
0.0
 71
     7
 72
     1
  1
1,0
  7
Laser Note Text (DIN)
 73
     1
 44
1.0
  0
MTEXT
  5
649
330
58F
100
AcDbEntity
  8
Обозначение (ISO)
100
AcDbMText
 10
14227.82918351153
 20
2472.952388094591
 30
0.0
 40
50.0
 41
0.0
 46
0.0
 71
     7
 72
     1
  1
2321
  7
Laser Note Text (DIN)
 73
     1
 44
1.0
  0
MTEXT
  5
64A
330
58F
100
AcDbEntity
  8
Обозначение (ISO)
100
AcDbMText
 10
13336.88368596689
 20
2472.952388094591
 30
0.0
 40
50.0
 41
0.0
 46
0.0
 71
     7
 72
     1
  1
GBK 2321 shield 8
  7
Laser Note Text (DIN)
 73
     1
 44
1.0
  0
MTEXT
  5
64B
330
58F
100
AcDbEntity
  8
Обозначение (ISO)
100
AcDbMText
 10
13233.54862403528
 20
2472.952388094591
 30
0.0
 40
50.0
 41
0.0
 46
0.0
 71
     7
 72
     1
  1
20
  7
Laser Note Text (DIN)
 73
     1
 44
1.0
  0
LINE
  5
64C
330
58F
100
AcDbEntity
  8
Обозначение (ISO)
100
AcDbLine
 10
16222.6091724523
 20
2531.343111227679
 30
0.0
 11
13196.73788984297
 21
2531.343111227679
 31
0.0
  0
MTEXT
  5
64D
330
58F
100
AcDbEntity
  8
Обозначение (ISO)
100
AcDbMText
 10
15727.78918340913
 20
2406.170941828417
 30
0.0
 40
50.0
 41
0.0
 46
0.0
 71
     7
 72
     1
  1
1
  7
Laser Note Text (DIN)
 73
     1
 44
1.0
  0
MTEXT
  5
64E
330
58F
100
AcDbEntity
  8
Обозначение (ISO)
100
AcDbMText
 10
15227.82918351153
 20
2406.170941828417
 30
0.0
 40
50.0
 41
0.0
 46
0.0
 71
     7
 72
     1
  1
2
  7
Laser Note Text (DIN)
 73
     1
 44
1.0
  0
MTEXT
  5
64F
330
58F
100
AcDbEntity
  8
Обозначение (ISO)
100
AcDbMText
 10
14727.78918340913
 20
2396.152389286684
 30
0.0
 40
50.0
 41
0.0
 46
0.0
 71
     7
 72
     1
  1
1,0
  7
Laser Note Text (DIN)
 73
     1
 44
1.0
  0
MTEXT
  5
650
330
58F
100
AcDbEntity
  8
Обозначение (ISO)
100
AcDbMText
 10
14227.82918351153
 20
2406.170941828417
 30
0.0
 40
50.0
 41
0.0
 46
0.0
 71
     7
 72
     1
  1
2339
  7
Laser Note Text (DIN)
 73
     1
 44
1.0
  0
MTEXT
  5
651
330
58F
100
AcDbEntity
  8
Обозначение (ISO)
100
AcDbMText
 10
13336.88368596689
 20
2406.170941828417
 30
0.0
 40
50.0
 41
0.0
 46
0.0
 71
     7
 72
     1
  1
GBK 2339 shield 9
  7
Laser Note Text (DIN)
 73
     1
 44
1.0
  0
MTEXT
  5
652
330
58F
100
AcDbEntity
  8
Обозначение (ISO)
100
AcDbMText
 10
13238.49470982461
 20
2406.170941828417
 30
0.0
 40
50.0
 41
0.0
 46
0.0
 71
     7
 72
     1
  1
19
  7
Laser Note Text (DIN)
 73
     1
 44
1.0
  0
LINE
  5
653
330
58F
100
AcDbEntity
  8
Обозначение (ISO)
100
AcDbLine
 10
16222.6091724523
 20
2464.561664961504
 30
0.0
 11
13196.73788984297
 21
2464.561664961504
 31
0.0
  0
MTEXT
  5
654
330
58F
100
AcDbEntity
  8
Обозначение (ISO)
100
AcDbMText
 10
15727.78918340913
 20
2339.389495562242
 30
0.0
 40
50.0
 41
0.0
 46
0.0
 71
     7
 72
     1
  1
1
  7
Laser Note Text (DIN)
 73
     1
 44
1.0
  0
MTEXT
  5
655
330
58F
100
AcDbEntity
  8
Обозначение (ISO)
100
AcDbMText
 10
15227.78918340913
 20
2339.389495562242
 30
0.0
 40
50.0
 41
0.0
 46
0.0
 71
     7
 72
     1
  1
1
  7
Laser Note Text (DIN)
 73
     1
 44
1.0
  0
MTEXT
  5
656
330
58F
100
AcDbEntity
  8
Обозначение (ISO)
100
AcDbMText
 10
14727.78918340913
 20
2329.37094302051
 30
0.0
 40
50.0
 41
0.0
 46
0.0
 71
     7
 72
     1
  1
1,0
  7
Laser Note Text (DIN)
 73
     1
 44
1.0
  0
MTEXT
  5
657
330
58F
100
AcDbEntity
  8
Обозначение (ISO)
100
AcDbMText
 10
14227.82918351153
 20
2339.389495562242
 30
0.0
 40
50.0
 41
0.0
 46
0.0
 71
     7
 72
     1
  1
3111
  7
Laser Note Text (DIN)
 73
     1
 44
1.0
  0
MTEXT
  5
658
330
58F
100
AcDbEntity
  8
Обозначение (ISO)
100
AcDbMText
 10
13336.88368596689
 20
2339.389495562242
 30
0.0
 40
50.0
 41
0.0
 46
0.0
 71
     7
 72
     1
  1
GBK 3111 shield 1
  7
Laser Note Text (DIN)
 73
     1
 44
1.0
  0
MTEXT
  5
659
330
58F
100
AcDbEntity
  8
Обозначение (ISO)
100
AcDbMText
 10
13233.54862403528
 20
2339.389495562242
 30
0.0
 40
50.0
 41
0.0
 46
0.0
 71
     7
 72
     1
  1
27
  7
Laser Note Text (DIN)
 73
     1
 44
1.0
  0
LINE
  5
65A
330
58F
100
AcDbEntity
  8
Обозначение (ISO)
100
AcDbLine
 10
16222.6091724523
 20
2397.780218695329
 30
0.0
 11
13196.73788984297
 21
2397.780218695329
 31
0.0
  0
MTEXT
  5
65B
330
58F
100
AcDbEntity
  8
Обозначение (ISO)
100
AcDbMText
 10
15727.82918351153
 20
2272.608049296068
 30
0.0
 40
50.0
 41
0.0
 46
0.0
 71
     7
 72
     1
  1
24
  7
Laser Note Text (DIN)
 73
     1
 44
1.0
  0
MTEXT
  5
65C
330
58F
100
AcDbEntity
  8
Обозначение (ISO)
100
AcDbMText
 10
15227.82918351153
 20
2272.608049296068
 30
0.0
 40
50.0
 41
0.0
 46
0.0
 71
     7
 72
     1
  1
24
  7
Laser Note Text (DIN)
 73
     1
 44
1.0
  0
MTEXT
  5
65D
330
58F
100
AcDbEntity
  8
Обозначение (ISO)
100
AcDbMText
 10
14727.78918340913
 20
2262.589496754335
 30
0.0
 40
50.0
 41
0.0
 46
0.0
 71
     7
 72
     1
  1
1,0
  7
Laser Note Text (DIN)
 73
     1
 44
1.0
  0
MTEXT
  5
65E
330
58F
100
AcDbEntity
  8
Обозначение (ISO)
100
AcDbMText
 10
14227.82918351153
 20
2272.608049296068
 30
0.0
 40
50.0
 41
0.0
 46
0.0
 71
     7
 72
     1
  1
3113
  7
Laser Note Text (DIN)
 73
     1
 44
1.0
  0
MTEXT
  5
65F
330
58F
100
AcDbEntity
  8
Обозначение (ISO)
100
AcDbMText
 10
13336.88368596689
 20
2257.626603029894
 30
0.0
 40
50.0
 41
0.0
 46
0.0
 71
     7
 72
     1
  1
GBK 3113 stringer 1
  7
Laser Note Text (DIN)
 73
     1
 44
1.0
  0
MTEXT
  5
660
330
58F
100
AcDbEntity
  8
Обозначение (ISO)
100
AcDbMText
 10
13233.54862403528
 20
2272.608049296068
 30
0.0
 40
50.0
 41
0.0
 46
0.0
 71
     7
 72
     1
  1
26
  7
Laser Note Text (DIN)
 73
     1
 44
1.0
  0
LINE
  5
661
330
58F
100
AcDbEntity
  8
Обозначение (ISO)
100
AcDbLine
 10
16222.6091724523
 20
2330.998772429155
 30
0.0
 11
13196.73788984297
 21
2330.998772429155
 31
0.0
  0
MTEXT
  5
662
330
58F
100
AcDbEntity
  8
Обозначение (ISO)
100
AcDbMText
 10
15727.82918351153
 20
2205.826603029894
 30
0.0
 40
50.0
 41
0.0
 46
0.0
 71
     7
 72
     1
  1
24
  7
Laser Note Text (DIN)
 73
     1
 44
1.0
  0
MTEXT
  5
663
330
58F
100
AcDbEntity
  8
Обозначение (ISO)
100
AcDbMText
 10
15227.82918351153
 20
2205.826603029894
 30
0.0
 40
50.0
 41
0.0
 46
0.0
 71
     7
 72
     1
  1
24
  7
Laser Note Text (DIN)
 73
     1
 44
1.0
  0
MTEXT
  5
664
330
58F
100
AcDbEntity
  8
Обозначение (ISO)
100
AcDbMText
 10
14727.78918340913
 20
2195.808050488161
 30
0.0
 40
50.0
 41
0.0
 46
0.0
 71
     7
 72
     1
  1
1,0
  7
Laser Note Text (DIN)
 73
     1
 44
1.0
  0
MTEXT
  5
665
330
58F
100
AcDbEntity
  8
Обозначение (ISO)
100
AcDbMText
 10
14227.82918351153
 20
2205.826603029894
 30
0.0
 40
50.0
 41
0.0
 46
0.0
 71
     7
 72
     1
  1
3114
  7
Laser Note Text (DIN)
 73
     1
 44
1.0
  0
MTEXT
  5
666
330
58F
100
AcDbEntity
  8
Обозначение (ISO)
100
AcDbMText
 10
13336.88368596689
 20
2190.845156763719
 30
0.0
 40
50.0
 41
0.0
 46
0.0
 71
     7
 72
     1
  1
GBK 3114 stringer 2
  7
Laser Note Text (DIN)
 73
     1
 44
1.0
  0
MTEXT
  5
667
330
58F
100
AcDbEntity
  8
Обозначение (ISO)
100
AcDbMText
 10
13233.54862403528
 20
2205.826603029894
 30
0.0
 40
50.0
 41
0.0
 46
0.0
 71
     7
 72
     1
  1
28
  7
Laser Note Text (DIN)
 73
     1
 44
1.0
  0
LINE
  5
668
330
58F
100
AcDbEntity
  8
Обозначение (ISO)
100
AcDbLine
 10
16222.6091724523
 20
2264.21732616298
 30
0.0
 11
13196.73788984297
 21
2264.21732616298
 31
0.0
  0
MTEXT
  5
669
330
58F
100
AcDbEntity
  8
Обозначение (ISO)
100
AcDbMText
 10
15727.82918351153
 20
2139.045156763719
 30
0.0
 40
50.0
 41
0.0
 46
0.0
 71
     7
 72
     1
  1
24
  7
Laser Note Text (DIN)
 73
     1
 44
1.0
  0
MTEXT
  5
66A
330
58F
100
AcDbEntity
  8
Обозначение (ISO)
100
AcDbMText
 10
15227.82918351153
 20
2139.045156763719
 30
0.0
 40
50.0
 41
0.0
 46
0.0
 71
     7
 72
     1
  1
24
  7
Laser Note Text (DIN)
 73
     1
 44
1.0
  0
MTEXT
  5
66B
330
58F
100
AcDbEntity
  8
Обозначение (ISO)
100
AcDbMText
 10
14727.78918340913
 20
2129.026604221987
 30
0.0
 40
50.0
 41
0.0
 46
0.0
 71
     7
 72
     1
  1
1,0
  7
Laser Note Text (DIN)
 73
     1
 44
1.0
  0
MTEXT
  5
66C
330
58F
100
AcDbEntity
  8
Обозначение (ISO)
100
AcDbMText
 10
14227.82918351153
 20
2139.045156763719
 30
0.0
 40
50.0
 41
0.0
 46
0.0
 71
     7
 72
     1
  1
3115
  7
Laser Note Text (DIN)
 73
     1
 44
1.0
  0
MTEXT
  5
66D
330
58F
100
AcDbEntity
  8
Обозначение (ISO)
100
AcDbMText
 10
13336.88368596689
 20
2124.063710497545
 30
0.0
 40
50.0
 41
0.0
 46
0.0
 71
     7
 72
     1
  1
GBK 3115 stringer 3
  7
Laser Note Text (DIN)
 73
     1
 44
1.0
  0
MTEXT
  5
66E
330
58F
100
AcDbEntity
  8
Обозначение (ISO)
100
AcDbMText
 10
13233.54862403528
 20
2139.045156763719
 30
0.0
 40
50.0
 41
0.0
 46
0.0
 71
     7
 72
     1
  1
29
  7
Laser Note Text (DIN)
 73
     1
 44
1.0
  0
LINE
  5
66F
330
58F
100
AcDbEntity
  8
Обозначение (ISO)
100
AcDbLine
 10
16222.6091724523
 20
2197.435879896806
 30
0.0
 11
13196.73788984297
 21
2197.435879896806
 31
0.0
  0
MTEXT
  5
670
330
58F
100
AcDbEntity
  8
Обозначение (ISO)
100
AcDbMText
 10
15727.82918351153
 20
2072.263710497545
 30
0.0
 40
50.0
 41
0.0
 46
0.0
 71
     7
 72
     1
  1
5
  7
Laser Note Text (DIN)
 73
     1
 44
1.0
  0
MTEXT
  5
671
330
58F
100
AcDbEntity
  8
Обозначение (ISO)
100
AcDbMText
 10
15227.82918351153
 20
2072.263710497545
 30
0.0
 40
50.0
 41
0.0
 46
0.0
 71
     7
 72
     1
  1
5
  7
Laser Note Text (DIN)
 73
     1
 44
1.0
  0
MTEXT
  5
672
330
58F
100
AcDbEntity
  8
Обозначение (ISO)
100
AcDbMText
 10
14727.78918340913
 20
2062.245157955812
 30
0.0
 40
50.0
 41
0.0
 46
0.0
 71
     7
 72
     1
  1
1,0
  7
Laser Note Text (DIN)
 73
     1
 44
1.0
  0
MTEXT
  5
673
330
58F
100
AcDbEntity
  8
Обозначение (ISO)
100
AcDbMText
 10
14227.82918351153
 20
2072.263710497545
 30
0.0
 40
50.0
 41
0.0
 46
0.0
 71
     7
 72
     1
  1
3122
  7
Laser Note Text (DIN)
 73
     1
 44
1.0
  0
MTEXT
  5
674
330
58F
100
AcDbEntity
  8
Обозначение (ISO)
100
AcDbMText
 10
13336.88368596689
 20
2072.263710497545
 30
0.0
 40
50.0
 41
0.0
 46
0.0
 71
     7
 72
     1
  1
GBK 3122 shield 2
  7
Laser Note Text (DIN)
 73
     1
 44
1.0
  0
MTEXT
  5
675
330
58F
100
AcDbEntity
  8
Обозначение (ISO)
100
AcDbMText
 10
13238.53470992701
 20
2072.263710497545
 30
0.0
 40
50.0
 41
0.0
 46
0.0
 71
     7
 72
     1
  1
31
  7
Laser Note Text (DIN)
 73
     1
 44
1.0
  0
LINE
  5
676
330
58F
100
AcDbEntity
  8
Обозначение (ISO)
100
AcDbLine
 10
16222.6091724523
 20
2130.654433630632
 30
0.0
 11
13196.73788984297
 21
2130.654433630632
 31
0.0
  0
MTEXT
  5
677
330
58F
100
AcDbEntity
  8
Обозначение (ISO)
100
AcDbMText
 10
15727.78918340913
 20
2005.482264231371
 30
0.0
 40
50.0
 41
0.0
 46
0.0
 71
     7
 72
     1
  1
1
  7
Laser Note Text (DIN)
 73
     1
 44
1.0
  0
MTEXT
  5
678
330
58F
100
AcDbEntity
  8
Обозначение (ISO)
100
AcDbMText
 10
15227.78918340913
 20
2005.482264231371
 30
0.0
 40
50.0
 41
0.0
 46
0.0
 71
     7
 72
     1
  1
1
  7
Laser Note Text (DIN)
 73
     1
 44
1.0
  0
MTEXT
  5
679
330
58F
100
AcDbEntity
  8
Обозначение (ISO)
100
AcDbMText
 10
14727.78918340913
 20
1995.463711689637
 30
0.0
 40
50.0
 41
0.0
 46
0.0
 71
     7
 72
     1
  1
1,0
  7
Laser Note Text (DIN)
 73
     1
 44
1.0
  0
MTEXT
  5
67A
330
58F
100
AcDbEntity
  8
Обозначение (ISO)
100
AcDbMText
 10
14227.82918351153
 20
2005.482264231371
 30
0.0
 40
50.0
 41
0.0
 46
0.0
 71
     7
 72
     1
  1
3133
  7
Laser Note Text (DIN)
 73
     1
 44
1.0
  0
MTEXT
  5
67B
330
58F
100
AcDbEntity
  8
Обозначение (ISO)
100
AcDbMText
 10
13336.88368596689
 20
2005.482264231371
 30
0.0
 40
50.0
 41
0.0
 46
0.0
 71
     7
 72
     1
  1
GBK 3133 shield 3
  7
Laser Note Text (DIN)
 73
     1
 44
1.0
  0
MTEXT
  5
67C
330
58F
100
AcDbEntity
  8
Обозначение (ISO)
100
AcDbMText
 10
13233.54862403528
 20
2005.482264231371
 30
0.0
 40
50.0
 41
0.0
 46
0.0
 71
     7
 72
     1
  1
50
  7
Laser Note Text (DIN)
 73
     1
 44
1.0
  0
LINE
  5
67D
330
58F
100
AcDbEntity
  8
Обозначение (ISO)
100
AcDbLine
 10
16222.6091724523
 20
2063.872987364458
 30
0.0
 11
13196.73788984297
 21
2063.872987364458
 31
0.0
  0
MTEXT
  5
67E
330
58F
100
AcDbEntity
  8
Обозначение (ISO)
100
AcDbMText
 10
15727.78918340913
 20
1938.700817965196
 30
0.0
 40
50.0
 41
0.0
 46
0.0
 71
     7
 72
     1
  1
1
  7
Laser Note Text (DIN)
 73
     1
 44
1.0
  0
MTEXT
  5
67F
330
58F
100
AcDbEntity
  8
Обозначение (ISO)
100
AcDbMText
 10
15227.78918340913
 20
1938.700817965196
 30
0.0
 40
50.0
 41
0.0
 46
0.0
 71
     7
 72
     1
  1
1
  7
Laser Note Text (DIN)
 73
     1
 44
1.0
  0
MTEXT
  5
680
330
58F
100
AcDbEntity
  8
Обозначение (ISO)
100
AcDbMText
 10
14727.78918340913
 20
1928.682265423463
 30
0.0
 40
50.0
 41
0.0
 46
0.0
 71
     7
 72
     1
  1
1,0
  7
Laser Note Text (DIN)
 73
     1
 44
1.0
  0
MTEXT
  5
681
330
58F
100
AcDbEntity
  8
Обозначение (ISO)
100
AcDbMText
 10
14227.82918351153
 20
1938.700817965196
 30
0.0
 40
50.0
 41
0.0
 46
0.0
 71
     7
 72
     1
  1
3214
  7
Laser Note Text (DIN)
 73
     1
 44
1.0
  0
MTEXT
  5
682
330
58F
100
AcDbEntity
  8
Обозначение (ISO)
100
AcDbMText
 10
13336.88368596689
 20
1938.700817965196
 30
0.0
 40
50.0
 41
0.0
 46
0.0
 71
     7
 72
     1
  1
GBK 3214 shield 4
  7
Laser Note Text (DIN)
 73
     1
 44
1.0
  0
MTEXT
  5
683
330
58F
100
AcDbEntity
  8
Обозначение (ISO)
100
AcDbMText
 10
13233.54862403528
 20
1938.700817965196
 30
0.0
 40
50.0
 41
0.0
 46
0.0
 71
     7
 72
     1
  1
36
  7
Laser Note Text (DIN)
 73
     1
 44
1.0
  0
LINE
  5
684
330
58F
100
AcDbEntity
  8
Обозначение (ISO)
100
AcDbLine
 10
16222.6091724523
 20
1997.091541098283
 30
0.0
 11
13196.73788984297
 21
1997.091541098283
 31
0.0
  0
MTEXT
  5
685
330
58F
100
AcDbEntity
  8
Обозначение (ISO)
100
AcDbMText
 10
15727.82918351153
 20
1871.919371699021
 30
0.0
 40
50.0
 41
0.0
 46
0.0
 71
     7
 72
     1
  1
24
  7
Laser Note Text (DIN)
 73
     1
 44
1.0
  0
MTEXT
  5
686
330
58F
100
AcDbEntity
  8
Обозначение (ISO)
100
AcDbMText
 10
15227.82918351153
 20
1871.919371699021
 30
0.0
 40
50.0
 41
0.0
 46
0.0
 71
     7
 72
     1
  1
24
  7
Laser Note Text (DIN)
 73
     1
 44
1.0
  0
MTEXT
  5
687
330
58F
100
AcDbEntity
  8
Обозначение (ISO)
100
AcDbMText
 10
14727.78918340913
 20
1861.900819157289
 30
0.0
 40
50.0
 41
0.0
 46
0.0
 71
     7
 72
     1
  1
1,0
  7
Laser Note Text (DIN)
 73
     1
 44
1.0
  0
MTEXT
  5
688
330
58F
100
AcDbEntity
  8
Обозначение (ISO)
100
AcDbMText
 10
14227.82918351153
 20
1871.919371699021
 30
0.0
 40
50.0
 41
0.0
 46
0.0
 71
     7
 72
     1
  1
3215
  7
Laser Note Text (DIN)
 73
     1
 44
1.0
  0
MTEXT
  5
689
330
58F
100
AcDbEntity
  8
Обозначение (ISO)
100
AcDbMText
 10
13336.88368596689
 20
1856.937925432847
 30
0.0
 40
50.0
 41
0.0
 46
0.0
 71
     7
 72
     1
  1
GBK 3215 stringer 5
  7
Laser Note Text (DIN)
 73
     1
 44
1.0
  0
MTEXT
  5
68A
330
58F
100
AcDbEntity
  8
Обозначение (ISO)
100
AcDbMText
 10
13231.04398679392
 20
1871.919371699021
 30
0.0
 40
50.0
 41
0.0
 46
0.0
 71
     7
 72
     1
  1
34
  7
Laser Note Text (DIN)
 73
     1
 44
1.0
  0
LINE
  5
68B
330
58F
100
AcDbEntity
  8
Обозначение (ISO)
100
AcDbLine
 10
16222.6091724523
 20
1930.310094832108
 30
0.0
 11
13196.73788984297
 21
1930.310094832108
 31
0.0
  0
MTEXT
  5
68C
330
58F
100
AcDbEntity
  8
Обозначение (ISO)
100
AcDbMText
 10
15727.82918351153
 20
1805.137925432847
 30
0.0
 40
50.0
 41
0.0
 46
0.0
 71
     7
 72
     1
  1
24
  7
Laser Note Text (DIN)
 73
     1
 44
1.0
  0
MTEXT
  5
68D
330
58F
100
AcDbEntity
  8
Обозначение (ISO)
100
AcDbMText
 10
15227.82918351153
 20
1805.137925432847
 30
0.0
 40
50.0
 41
0.0
 46
0.0
 71
     7
 72
     1
  1
24
  7
Laser Note Text (DIN)
 73
     1
 44
1.0
  0
MTEXT
  5
68E
330
58F
100
AcDbEntity
  8
Обозначение (ISO)
100
AcDbMText
 10
14727.78918340913
 20
1795.119372891114
 30
0.0
 40
50.0
 41
0.0
 46
0.0
 71
     7
 72
     1
  1
1,0
  7
Laser Note Text (DIN)
 73
     1
 44
1.0
  0
MTEXT
  5
68F
330
58F
100
AcDbEntity
  8
Обозначение (ISO)
100
AcDbMText
 10
14227.82918351153
 20
1805.137925432847
 30
0.0
 40
50.0
 41
0.0
 46
0.0
 71
     7
 72
     1
  1
3216
  7
Laser Note Text (DIN)
 73
     1
 44
1.0
  0
MTEXT
  5
690
330
58F
100
AcDbEntity
  8
Обозначение (ISO)
100
AcDbMText
 10
13336.88368596689
 20
1790.156479166673
 30
0.0
 40
50.0
 41
0.0
 46
0.0
 71
     7
 72
     1
  1
GBK 3216 stringer 6
  7
Laser Note Text (DIN)
 73
     1
 44
1.0
  0
MTEXT
  5
691
330
58F
100
AcDbEntity
  8
Обозначение (ISO)
100
AcDbMText
 10
13233.54862403528
 20
1805.137925432847
 30
0.0
 40
50.0
 41
0.0
 46
0.0
 71
     7
 72
     1
  1
35
  7
Laser Note Text (DIN)
 73
     1
 44
1.0
  0
LINE
  5
692
330
58F
100
AcDbEntity
  8
Обозначение (ISO)
100
AcDbLine
 10
16222.6091724523
 20
1863.528648565934
 30
0.0
 11
13196.73788984297
 21
1863.528648565934
 31
0.0
  0
MTEXT
  5
693
330
58F
100
AcDbEntity
  8
Обозначение (ISO)
100
AcDbMText
 10
15727.82918351153
 20
1738.356479166673
 30
0.0
 40
50.0
 41
0.0
 46
0.0
 71
     7
 72
     1
  1
24
  7
Laser Note Text (DIN)
 73
     1
 44
1.0
  0
MTEXT
  5
694
330
58F
100
AcDbEntity
  8
Обозначение (ISO)
100
AcDbMText
 10
15227.82918351153
 20
1738.356479166673
 30
0.0
 40
50.0
 41
0.0
 46
0.0
 71
     7
 72
     1
  1
24
  7
Laser Note Text (DIN)
 73
     1
 44
1.0
  0
MTEXT
  5
695
330
58F
100
AcDbEntity
  8
Обозначение (ISO)
100
AcDbMText
 10
14727.78918340913
 20
1728.33792662494
 30
0.0
 40
50.0
 41
0.0
 46
0.0
 71
     7
 72
     1
  1
1,0
  7
Laser Note Text (DIN)
 73
     1
 44
1.0
  0
MTEXT
  5
696
330
58F
100
AcDbEntity
  8
Обозначение (ISO)
100
AcDbMText
 10
14227.82918351153
 20
1738.356479166673
 30
0.0
 40
50.0
 41
0.0
 46
0.0
 71
     7
 72
     1
  1
3217
  7
Laser Note Text (DIN)
 73
     1
 44
1.0
  0
MTEXT
  5
697
330
58F
100
AcDbEntity
  8
Обозначение (ISO)
100
AcDbMText
 10
13336.88368596689
 20
1723.375032900499
 30
0.0
 40
50.0
 41
0.0
 46
0.0
 71
     7
 72
     1
  1
GBK 3217 stringer 4
  7
Laser Note Text (DIN)
 73
     1
 44
1.0
  0
MTEXT
  5
698
330
58F
100
AcDbEntity
  8
Обозначение (ISO)
100
AcDbMText
 10
13233.54862403528
 20
1738.356479166673
 30
0.0
 40
50.0
 41
0.0
 46
0.0
 71
     7
 72
     1
  1
33
  7
Laser Note Text (DIN)
 73
     1
 44
1.0
  0
LINE
  5
699
330
58F
100
AcDbEntity
  8
Обозначение (ISO)
100
AcDbLine
 10
16222.6091724523
 20
1796.74720229976
 30
0.0
 11
13196.73788984297
 21
1796.74720229976
 31
0.0
  0
MTEXT
  5
69A
330
58F
100
AcDbEntity
  8
Обозначение (ISO)
100
AcDbMText
 10
15727.82918351153
 20
1671.575032900498
 30
0.0
 40
50.0
 41
0.0
 46
0.0
 71
     7
 72
     1
  1
4
  7
Laser Note Text (DIN)
 73
     1
 44
1.0
  0
MTEXT
  5
69B
330
58F
100
AcDbEntity
  8
Обозначение (ISO)
100
AcDbMText
 10
15227.82918351153
 20
1671.575032900498
 30
0.0
 40
50.0
 41
0.0
 46
0.0
 71
     7
 72
     1
  1
4
  7
Laser Note Text (DIN)
 73
     1
 44
1.0
  0
MTEXT
  5
69C
330
58F
100
AcDbEntity
  8
Обозначение (ISO)
100
AcDbMText
 10
14727.78918340913
 20
1661.556480358765
 30
0.0
 40
50.0
 41
0.0
 46
0.0
 71
     7
 72
     1
  1
1,0
  7
Laser Note Text (DIN)
 73
     1
 44
1.0
  0
MTEXT
  5
69D
330
58F
100
AcDbEntity
  8
Обозначение (ISO)
100
AcDbMText
 10
14227.82918351153
 20
1671.575032900498
 30
0.0
 40
50.0
 41
0.0
 46
0.0
 71
     7
 72
     1
  1
3225
  7
Laser Note Text (DIN)
 73
     1
 44
1.0
  0
MTEXT
  5
69E
330
58F
100
AcDbEntity
  8
Обозначение (ISO)
100
AcDbMText
 10
13336.88368596689
 20
1671.575032900498
 30
0.0
 40
50.0
 41
0.0
 46
0.0
 71
     7
 72
     1
  1
GBK 3225 shield 5
  7
Laser Note Text (DIN)
 73
     1
 44
1.0
  0
MTEXT
  5
69F
330
58F
100
AcDbEntity
  8
Обозначение (ISO)
100
AcDbMText
 10
13233.54862403528
 20
1671.575032900498
 30
0.0
 40
50.0
 41
0.0
 46
0.0
 71
     7
 72
     1
  1
38
  7
Laser Note Text (DIN)
 73
     1
 44
1.0
  0
LINE
  5
6A0
330
58F
100
AcDbEntity
  8
Обозначение (ISO)
100
AcDbLine
 10
16222.6091724523
 20
1729.965756033585
 30
0.0
 11
13196.73788984297
 21
1729.965756033585
 31
0.0
  0
MTEXT
  5
6A1
330
58F
100
AcDbEntity
  8
Обозначение (ISO)
100
AcDbMText
 10
15727.78918340913
 20
1604.793586634324
 30
0.0
 40
50.0
 41
0.0
 46
0.0
 71
     7
 72
     1
  1
1
  7
Laser Note Text (DIN)
 73
     1
 44
1.0
  0
MTEXT
  5
6A2
330
58F
100
AcDbEntity
  8
Обозначение (ISO)
100
AcDbMText
 10
15227.78918340913
 20
1604.793586634324
 30
0.0
 40
50.0
 41
0.0
 46
0.0
 71
     7
 72
     1
  1
1
  7
Laser Note Text (DIN)
 73
     1
 44
1.0
  0
MTEXT
  5
6A3
330
58F
100
AcDbEntity
  8
Обозначение (ISO)
100
AcDbMText
 10
14727.78918340913
 20
1594.775034092591
 30
0.0
 40
50.0
 41
0.0
 46
0.0
 71
     7
 72
     1
  1
1,0
  7
Laser Note Text (DIN)
 73
     1
 44
1.0
  0
MTEXT
  5
6A4
330
58F
100
AcDbEntity
  8
Обозначение (ISO)
100
AcDbMText
 10
14227.82918351153
 20
1604.793586634324
 30
0.0
 40
50.0
 41
0.0
 46
0.0
 71
     7
 72
     1
  1
3236
  7
Laser Note Text (DIN)
 73
     1
 44
1.0
  0
MTEXT
  5
6A5
330
58F
100
AcDbEntity
  8
Обозначение (ISO)
100
AcDbMText
 10
13336.88368596689
 20
1604.793586634324
 30
0.0
 40
50.0
 41
0.0
 46
0.0
 71
     7
 72
     1
  1
GBK 3236 shield 6
  7
Laser Note Text (DIN)
 73
     1
 44
1.0
  0
MTEXT
  5
6A6
330
58F
100
AcDbEntity
  8
Обозначение (ISO)
100
AcDbMText
 10
13231.04398679392
 20
1604.793586634324
 30
0.0
 40
50.0
 41
0.0
 46
0.0
 71
     7
 72
     1
  1
48
  7
Laser Note Text (DIN)
 73
     1
 44
1.0
  0
LINE
  5
6A7
330
58F
100
AcDbEntity
  8
Обозначение (ISO)
100
AcDbLine
 10
16222.6091724523
 20
1663.184309767411
 30
0.0
 11
13196.73788984297
 21
1663.184309767411
 31
0.0
  0
MTEXT
  5
6A8
330
58F
100
AcDbEntity
  8
Обозначение (ISO)
100
AcDbMText
 10
15727.82918351153
 20
1538.012140368149
 30
0.0
 40
50.0
 41
0.0
 46
0.0
 71
     7
 72
     1
  1
6
  7
Laser Note Text (DIN)
 73
     1
 44
1.0
  0
MTEXT
  5
6A9
330
58F
100
AcDbEntity
  8
Обозначение (ISO)
100
AcDbMText
 10
15227.82918351153
 20
1538.012140368149
 30
0.0
 40
50.0
 41
0.0
 46
0.0
 71
     7
 72
     1
  1
6
  7
Laser Note Text (DIN)
 73
     1
 44
1.0
  0
MTEXT
  5
6AA
330
58F
100
AcDbEntity
  8
Обозначение (ISO)
100
AcDbMText
 10
14727.78918340913
 20
1527.993587826417
 30
0.0
 40
50.0
 41
0.0
 46
0.0
 71
     7
 72
     1
  1
1,0
  7
Laser Note Text (DIN)
 73
     1
 44
1.0
  0
MTEXT
  5
6AB
330
58F
100
AcDbEntity
  8
Обозначение (ISO)
100
AcDbMText
 10
14227.82918351153
 20
1538.012140368149
 30
0.0
 40
50.0
 41
0.0
 46
0.0
 71
     7
 72
     1
  1
3311
  7
Laser Note Text (DIN)
 73
     1
 44
1.0
  0
MTEXT
  5
6AC
330
58F
100
AcDbEntity
  8
Обозначение (ISO)
100
AcDbMText
 10
13336.88368596689
 20
1538.012140368149
 30
0.0
 40
50.0
 41
0.0
 46
0.0
 71
     7
 72
     1
  1
GBK 3311 central third 
  7
Laser Note Text (DIN)
 73
     1
 44
1.0
  0
MTEXT
  5
6AD
330
58F
100
AcDbEntity
  8
Обозначение (ISO)
100
AcDbMText
 10
13336.88368596689
 20
1456.249249552415
 30
0.0
 40
50.0
 41
0.0
 46
0.0
 71
     7
 72
     1
  1
rib_CPY1
  7
Laser Note Text (DIN)
 73
     1
 44
1.0
  0
MTEXT
  5
6AE
330
58F
100
AcDbEntity
  8
Обозначение (ISO)
100
AcDbMText
 10
13231.04398679392
 20
1538.012140368149
 30
0.0
 40
50.0
 41
0.0
 46
0.0
 71
     7
 72
     1
  1
47
  7
Laser Note Text (DIN)
 73
     1
 44
1.0
  0
LINE
  5
6AF
330
58F
100
AcDbEntity
  8
Обозначение (ISO)
100
AcDbLine
 10
16222.6091724523
 20
1596.402863501237
 30
0.0
 11
13196.73788984297
 21
1596.402863501237
 31
0.0
  0
MTEXT
  5
6B0
330
58F
100
AcDbEntity
  8
Обозначение (ISO)
100
AcDbMText
 10
15727.82918351153
 20
1404.449247835801
 30
0.0
 40
50.0
 41
0.0
 46
0.0
 71
     7
 72
     1
  1
24
  7
Laser Note Text (DIN)
 73
     1
 44
1.0
  0
MTEXT
  5
6B1
330
58F
100
AcDbEntity
  8
Обозначение (ISO)
100
AcDbMText
 10
15227.82918351153
 20
1404.449247835801
 30
0.0
 40
50.0
 41
0.0
 46
0.0
 71
     7
 72
     1
  1
24
  7
Laser Note Text (DIN)
 73
     1
 44
1.0
  0
MTEXT
  5
6B2
330
58F
100
AcDbEntity
  8
Обозначение (ISO)
100
AcDbMText
 10
14727.78918340913
 20
1394.430695294068
 30
0.0
 40
50.0
 41
0.0
 46
0.0
 71
     7
 72
     1
  1
1,0
  7
Laser Note Text (DIN)
 73
     1
 44
1.0
  0
MTEXT
  5
6B3
330
58F
100
AcDbEntity
  8
Обозначение (ISO)
100
AcDbMText
 10
14227.82918351153
 20
1404.449247835801
 30
0.0
 40
50.0
 41
0.0
 46
0.0
 71
     7
 72
     1
  1
3312
  7
Laser Note Text (DIN)
 73
     1
 44
1.0
  0
MTEXT
  5
6B4
330
58F
100
AcDbEntity
  8
Обозначение (ISO)
100
AcDbMText
 10
13336.88368596689
 20
1389.467801569626
 30
0.0
 40
50.0
 41
0.0
 46
0.0
 71
     7
 72
     1
  1
GBK 3312 stringer 7
  7
Laser Note Text (DIN)
 73
     1
 44
1.0
  0
MTEXT
  5
6B5
330
58F
100
AcDbEntity
  8
Обозначение (ISO)
100
AcDbMText
 10
13231.04398679392
 20
1404.449247835801
 30
0.0
 40
50.0
 41
0.0
 46
0.0
 71
     7
 72
     1
  1
40
  7
Laser Note Text (DIN)
 73
     1
 44
1.0
  0
LINE
  5
6B6
330
58F
100
AcDbEntity
  8
Обозначение (ISO)
100
AcDbLine
 10
16222.6091724523
 20
1462.839970968888
 30
0.0
 11
13196.73788984297
 21
1462.839970968888
 31
0.0
  0
MTEXT
  5
6B7
330
58F
100
AcDbEntity
  8
Обозначение (ISO)
100
AcDbMText
 10
15727.82918351153
 20
1337.667801569626
 30
0.0
 40
50.0
 41
0.0
 46
0.0
 71
     7
 72
     1
  1
24
  7
Laser Note Text (DIN)
 73
     1
 44
1.0
  0
MTEXT
  5
6B8
330
58F
100
AcDbEntity
  8
Обозначение (ISO)
100
AcDbMText
 10
15227.82918351153
 20
1337.667801569626
 30
0.0
 40
50.0
 41
0.0
 46
0.0
 71
     7
 72
     1
  1
24
  7
Laser Note Text (DIN)
 73
     1
 44
1.0
  0
MTEXT
  5
6B9
330
58F
100
AcDbEntity
  8
Обозначение (ISO)
100
AcDbMText
 10
14727.78918340913
 20
1327.649249027894
 30
0.0
 40
50.0
 41
0.0
 46
0.0
 71
     7
 72
     1
  1
1,0
  7
Laser Note Text (DIN)
 73
     1
 44
1.0
  0
MTEXT
  5
6BA
330
58F
100
AcDbEntity
  8
Обозначение (ISO)
100
AcDbMText
 10
14227.82918351153
 20
1337.667801569626
 30
0.0
 40
50.0
 41
0.0
 46
0.0
 71
     7
 72
     1
  1
3313
  7
Laser Note Text (DIN)
 73
     1
 44
1.0
  0
MTEXT
  5
6BB
330
58F
100
AcDbEntity
  8
Обозначение (ISO)
100
AcDbMText
 10
13336.88368596689
 20
1322.686355303452
 30
0.0
 40
50.0
 41
0.0
 46
0.0
 71
     7
 72
     1
  1
GBK 3313 stringer 8
  7
Laser Note Text (DIN)
 73
     1
 44
1.0
  0
MTEXT
  5
6BC
330
58F
100
AcDbEntity
  8
Обозначение (ISO)
100
AcDbMText
 10
13231.04398679392
 20
1337.667801569626
 30
0.0
 40
50.0
 41
0.0
 46
0.0
 71
     7
 72
     1
  1
42
  7
Laser Note Text (DIN)
 73
     1
 44
1.0
  0
LINE
  5
6BD
330
58F
100
AcDbEntity
  8
Обозначение (ISO)
100
AcDbLine
 10
16222.6091724523
 20
1396.058524702714
 30
0.0
 11
13196.73788984297
 21
1396.058524702714
 31
0.0
  0
MTEXT
  5
6BE
330
58F
100
AcDbEntity
  8
Обозначение (ISO)
100
AcDbMText
 10
15727.82918351153
 20
1270.886355303452
 30
0.0
 40
50.0
 41
0.0
 46
0.0
 71
     7
 72
     1
  1
60
  7
Laser Note Text (DIN)
 73
     1
 44
1.0
  0
MTEXT
  5
6BF
330
58F
100
AcDbEntity
  8
Обозначение (ISO)
100
AcDbMText
 10
15227.82918351153
 20
1270.886355303452
 30
0.0
 40
50.0
 41
0.0
 46
0.0
 71
     7
 72
     1
  1
60
  7
Laser Note Text (DIN)
 73
     1
 44
1.0
  0
MTEXT
  5
6C0
330
58F
100
AcDbEntity
  8
Обозначение (ISO)
100
AcDbMText
 10
14727.78918340913
 20
1260.867802761719
 30
0.0
 40
50.0
 41
0.0
 46
0.0
 71
     7
 72
     1
  1
1,0
  7
Laser Note Text (DIN)
 73
     1
 44
1.0
  0
MTEXT
  5
6C1
330
58F
100
AcDbEntity
  8
Обозначение (ISO)
100
AcDbMText
 10
14227.82918351153
 20
1270.886355303452
 30
0.0
 40
50.0
 41
0.0
 46
0.0
 71
     7
 72
     1
  1
3314
  7
Laser Note Text (DIN)
 73
     1
 44
1.0
  0
MTEXT
  5
6C2
330
58F
100
AcDbEntity
  8
Обозначение (ISO)
100
AcDbMText
 10
13336.88368596689
 20
1270.886355303452
 30
0.0
 40
50.0
 41
0.0
 46
0.0
 71
     7
 72
     1
  1
GBK 3314 central third rib
  7
Laser Note Text (DIN)
 73
     1
 44
1.0
  0
MTEXT
  5
6C3
330
58F
100
AcDbEntity
  8
Обозначение (ISO)
100
AcDbMText
 10
13231.04398679392
 20
1270.886355303452
 30
0.0
 40
50.0
 41
0.0
 46
0.0
 71
     7
 72
     1
  1
45
  7
Laser Note Text (DIN)
 73
     1
 44
1.0
  0
LINE
  5
6C4
330
58F
100
AcDbEntity
  8
Обозначение (ISO)
100
AcDbLine
 10
16222.6091724523
 20
1329.277078436539
 30
0.0
 11
13196.73788984297
 21
1329.277078436539
 31
0.0
  0
MTEXT
  5
6C5
330
58F
100
AcDbEntity
  8
Обозначение (ISO)
100
AcDbMText
 10
15727.82918351153
 20
1204.104909037278
 30
0.0
 40
50.0
 41
0.0
 46
0.0
 71
     7
 72
     1
  1
6
  7
Laser Note Text (DIN)
 73
     1
 44
1.0
  0
MTEXT
  5
6C6
330
58F
100
AcDbEntity
  8
Обозначение (ISO)
100
AcDbMText
 10
15227.82918351153
 20
1204.104909037278
 30
0.0
 40
50.0
 41
0.0
 46
0.0
 71
     7
 72
     1
  1
6
  7
Laser Note Text (DIN)
 73
     1
 44
1.0
  0
MTEXT
  5
6C7
330
58F
100
AcDbEntity
  8
Обозначение (ISO)
100
AcDbMText
 10
14727.78918340913
 20
1194.086356495545
 30
0.0
 40
50.0
 41
0.0
 46
0.0
 71
     7
 72
     1
  1
1,0
  7
Laser Note Text (DIN)
 73
     1
 44
1.0
  0
MTEXT
  5
6C8
330
58F
100
AcDbEntity
  8
Обозначение (ISO)
100
AcDbMText
 10
14227.82918351153
 20
1204.104909037278
 30
0.0
 40
50.0
 41
0.0
 46
0.0
 71
     7
 72
     1
  1
3315
  7
Laser Note Text (DIN)
 73
     1
 44
1.0
  0
MTEXT
  5
6C9
330
58F
100
AcDbEntity
  8
Обозначение (ISO)
100
AcDbMText
 10
13336.88368596689
 20
1204.104909037278
 30
0.0
 40
50.0
 41
0.0
 46
0.0
 71
     7
 72
     1
  1
GBK 3315 central third rib
  7
Laser Note Text (DIN)
 73
     1
 44
1.0
  0
MTEXT
  5
6CA
330
58F
100
AcDbEntity
  8
Обозначение (ISO)
100
AcDbMText
 10
13231.04398679392
 20
1204.104909037278
 30
0.0
 40
50.0
 41
0.0
 46
0.0
 71
     7
 72
     1
  1
43
  7
Laser Note Text (DIN)
 73
     1
 44
1.0
  0
LINE
  5
6CB
330
58F
100
AcDbEntity
  8
Обозначение (ISO)
100
AcDbLine
 10
16222.6091724523
 20
1262.495632170365
 30
0.0
 11
13196.73788984297
 21
1262.495632170365
 31
0.0
  0
MTEXT
  5
6CC
330
58F
100
AcDbEntity
  8
Обозначение (ISO)
100
AcDbMText
 10
15727.78918340913
 20
1137.323462771103
 30
0.0
 40
50.0
 41
0.0
 46
0.0
 71
     7
 72
     1
  1
1
  7
Laser Note Text (DIN)
 73
     1
 44
1.0
  0
MTEXT
  5
6CD
330
58F
100
AcDbEntity
  8
Обозначение (ISO)
100
AcDbMText
 10
15227.78918340913
 20
1137.323462771103
 30
0.0
 40
50.0
 41
0.0
 46
0.0
 71
     7
 72
     1
  1
1
  7
Laser Note Text (DIN)
 73
     1
 44
1.0
  0
MTEXT
  5
6CE
330
58F
100
AcDbEntity
  8
Обозначение (ISO)
100
AcDbMText
 10
14727.78918340913
 20
1127.30491022937
 30
0.0
 40
50.0
 41
0.0
 46
0.0
 71
     7
 72
     1
  1
1,0
  7
Laser Note Text (DIN)
 73
     1
 44
1.0
  0
MTEXT
  5
6CF
330
58F
100
AcDbEntity
  8
Обозначение (ISO)
100
AcDbMText
 10
14227.82918351153
 20
1137.323462771103
 30
0.0
 40
50.0
 41
0.0
 46
0.0
 71
     7
 72
     1
  1
3317
  7
Laser Note Text (DIN)
 73
     1
 44
1.0
  0
MTEXT
  5
6D0
330
58F
100
AcDbEntity
  8
Обозначение (ISO)
100
AcDbMText
 10
13336.88368596689
 20
1137.323462771103
 30
0.0
 40
50.0
 41
0.0
 46
0.0
 71
     7
 72
     1
  1
GBK 3317 shield 7
  7
Laser Note Text (DIN)
 73
     1
 44
1.0
  0
MTEXT
  5
6D1
330
58F
100
AcDbEntity
  8
Обозначение (ISO)
100
AcDbMText
 10
13236.03007030146
 20
1137.323462771103
 30
0.0
 40
50.0
 41
0.0
 46
0.0
 71
     7
 72
     1
  1
41
  7
Laser Note Text (DIN)
 73
     1
 44
1.0
  0
LINE
  5
6D2
330
58F
100
AcDbEntity
  8
Обозначение (ISO)
100
AcDbLine
 10
16222.6091724523
 20
1195.71418590419
 30
0.0
 11
13196.73788984297
 21
1195.71418590419
 31
0.0
  0
MTEXT
  5
6D3
330
58F
100
AcDbEntity
  8
Обозначение (ISO)
100
AcDbMText
 10
15727.82918351153
 20
1070.542016504929
 30
0.0
 40
50.0
 41
0.0
 46
0.0
 71
     7
 72
     1
  1
5
  7
Laser Note Text (DIN)
 73
     1
 44
1.0
  0
MTEXT
  5
6D4
330
58F
100
AcDbEntity
  8
Обозначение (ISO)
100
AcDbMText
 10
15227.82918351153
 20
1070.542016504929
 30
0.0
 40
50.0
 41
0.0
 46
0.0
 71
     7
 72
     1
  1
5
  7
Laser Note Text (DIN)
 73
     1
 44
1.0
  0
MTEXT
  5
6D5
330
58F
100
AcDbEntity
  8
Обозначение (ISO)
100
AcDbMText
 10
14727.78918340913
 20
1060.523463963196
 30
0.0
 40
50.0
 41
0.0
 46
0.0
 71
     7
 72
     1
  1
1,0
  7
Laser Note Text (DIN)
 73
     1
 44
1.0
  0
MTEXT
  5
6D6
330
58F
100
AcDbEntity
  8
Обозначение (ISO)
100
AcDbMText
 10
14227.82918351153
 20
1070.542016504929
 30
0.0
 40
50.0
 41
0.0
 46
0.0
 71
     7
 72
     1
  1
3328
  7
Laser Note Text (DIN)
 73
     1
 44
1.0
  0
MTEXT
  5
6D7
330
58F
100
AcDbEntity
  8
Обозначение (ISO)
100
AcDbMText
 10
13336.88368596689
 20
1070.542016504929
 30
0.0
 40
50.0
 41
0.0
 46
0.0
 71
     7
 72
     1
  1
GBK 3328 shield 8
  7
Laser Note Text (DIN)
 73
     1
 44
1.0
  0
MTEXT
  5
6D8
330
58F
100
AcDbEntity
  8
Обозначение (ISO)
100
AcDbMText
 10
13228.53934716837
 20
1070.542016504929
 30
0.0
 40
50.0
 41
0.0
 46
0.0
 71
     7
 72
     1
  1
44
  7
Laser Note Text (DIN)
 73
     1
 44
1.0
  0
LINE
  5
6D9
330
58F
100
AcDbEntity
  8
Обозначение (ISO)
100
AcDbLine
 10
16222.6091724523
 20
1128.932739638016
 30
0.0
 11
13196.73788984297
 21
1128.932739638016
 31
0.0
  0
MTEXT
  5
6DA
330
58F
100
AcDbEntity
  8
Обозначение (ISO)
100
AcDbMText
 10
15727.78918340913
 20
1003.760570238754
 30
0.0
 40
50.0
 41
0.0
 46
0.0
 71
     7
 72
     1
  1
1
  7
Laser Note Text (DIN)
 73
     1
 44
1.0
  0
MTEXT
  5
6DB
330
58F
100
AcDbEntity
  8
Обозначение (ISO)
100
AcDbMText
 10
15227.78918340913
 20
1003.760570238754
 30
0.0
 40
50.0
 41
0.0
 46
0.0
 71
     7
 72
     1
  1
1
  7
Laser Note Text (DIN)
 73
     1
 44
1.0
  0
MTEXT
  5
6DC
330
58F
100
AcDbEntity
  8
Обозначение (ISO)
100
AcDbMText
 10
14727.78918340913
 20
993.7420176970217
 30
0.0
 40
50.0
 41
0.0
 46
0.0
 71
     7
 72
     1
  1
1,0
  7
Laser Note Text (DIN)
 73
     1
 44
1.0
  0
MTEXT
  5
6DD
330
58F
100
AcDbEntity
  8
Обозначение (ISO)
100
AcDbMText
 10
14227.82918351153
 20
1003.760570238754
 30
0.0
 40
50.0
 41
0.0
 46
0.0
 71
     7
 72
     1
  1
3339
  7
Laser Note Text (DIN)
 73
     1
 44
1.0
  0
MTEXT
  5
6DE
330
58F
100
AcDbEntity
  8
Обозначение (ISO)
100
AcDbMText
 10
13336.88368596689
 20
1003.760570238754
 30
0.0
 40
50.0
 41
0.0
 46
0.0
 71
     7
 72
     1
  1
GBK 3339 shield 9
  7
Laser Note Text (DIN)
 73
     1
 44
1.0
  0
MTEXT
  5
6DF
330
58F
100
AcDbEntity
  8
Обозначение (ISO)
100
AcDbMText
 10
13231.04398679392
 20
1003.760570238754
 30
0.0
 40
50.0
 41
0.0
 46
0.0
 71
     7
 72
     1
  1
46
  7
Laser Note Text (DIN)
 73
     1
 44
1.0
  0
LINE
  5
6E0
330
58F
100
AcDbEntity
  8
Обозначение (ISO)
100
AcDbLine
 10
16222.6091724523
 20
1062.151293371842
 30
0.0
 11
13196.73788984297
 21
1062.151293371842
 31
0.0
  0
MTEXT
  5
6E1
330
58F
100
AcDbEntity
  8
Обозначение (ISO)
100
AcDbMText
 10
15723.5091724523
 20
936.9791239725802
 30
0.0
 40
50.0
 41
0.0
 46
0.0
 71
     7
 72
     1
  1
 
  7
Laser Note Text (DIN)
 73
     1
 44
1.0
  0
MTEXT
  5
6E2
330
58F
100
AcDbEntity
  8
Обозначение (ISO)
100
AcDbMText
 10
15227.78918340913
 20
936.9791239725802
 30
0.0
 40
50.0
 41
0.0
 46
0.0
 71
     7
 72
     1
  1
1
  7
Laser Note Text (DIN)
 73
     1
 44
1.0
  0
MTEXT
  5
6E3
330
58F
100
AcDbEntity
  8
Обозначение (ISO)
100
AcDbMText
 10
14727.78918340913
 20
926.9605714308475
 30
0.0
 40
50.0
 41
0.0
 46
0.0
 71
     7
 72
     1
  1
1,0
  7
Laser Note Text (DIN)
 73
     1
 44
1.0
  0
MTEXT
  5
6E4
330
58F
100
AcDbEntity
  8
Обозначение (ISO)
100
AcDbMText
 10
14227.82918351153
 20
936.9791239725802
 30
0.0
 40
50.0
 41
0.0
 46
0.0
 71
     7
 72
     1
  1
4001
  7
Laser Note Text (DIN)
 73
     1
 44
1.0
  0
MTEXT
  5
6E5
330
58F
100
AcDbEntity
  8
Обозначение (ISO)
100
AcDbMText
 10
13336.88368596689
 20
936.9791239725802
 30
0.0
 40
50.0
 41
0.0
 46
0.0
 71
     7
 72
     1
  1
GBK 4001 frame 1 sketch
  7
Laser Note Text (DIN)
 73
     1
 44
1.0
  0
MTEXT
  5
6E6
330
58F
100
AcDbEntity
  8
Обозначение (ISO)
100
AcDbMText
 10
13233.54862403528
 20
936.9791239725802
 30
0.0
 40
50.0
 41
0.0
 46
0.0
 71
     7
 72
     1
  1
67
  7
Laser Note Text (DIN)
 73
     1
 44
1.0
  0
LINE
  5
6E7
330
58F
100
AcDbEntity
  8
Обозначение (ISO)
100
AcDbLine
 10
16222.6091724523
 20
995.3698471056673
 30
0.0
 11
13196.73788984297
 21
995.3698471056673
 31
0.0
  0
MTEXT
  5
6E8
330
58F
100
AcDbEntity
  8
Обозначение (ISO)
100
AcDbMText
 10
15727.82918351153
 20
870.1976777064057
 30
0.0
 40
50.0
 41
0.0
 46
0.0
 71
     7
 72
     1
  1
6
  7
Laser Note Text (DIN)
 73
     1
 44
1.0
  0
MTEXT
  5
6E9
330
58F
100
AcDbEntity
  8
Обозначение (ISO)
100
AcDbMText
 10
15227.82918351153
 20
870.1976777064057
 30
0.0
 40
50.0
 41
0.0
 46
0.0
 71
     7
 72
     1
  1
6
  7
Laser Note Text (DIN)
 73
     1
 44
1.0
  0
MTEXT
  5
6EA
330
58F
100
AcDbEntity
  8
Обозначение (ISO)
100
AcDbMText
 10
14727.78918340913
 20
860.179125164673
 30
0.0
 40
50.0
 41
0.0
 46
0.0
 71
     7
 72
     1
  1
1,0
  7
Laser Note Text (DIN)
 73
     1
 44
1.0
  0
MTEXT
  5
6EB
330
58F
100
AcDbEntity
  8
Обозначение (ISO)
100
AcDbMText
 10
14227.82918351153
 20
870.1976777064057
 30
0.0
 40
50.0
 41
0.0
 46
0.0
 71
     7
 72
     1
  1
3112
  7
Laser Note Text (DIN)
 73
     1
 44
1.0
  0
MTEXT
  5
6EC
330
58F
100
AcDbEntity
  8
Обозначение (ISO)
100
AcDbMText
 10
13336.88368596689
 20
870.1976777064057
 30
0.0
 40
50.0
 41
0.0
 46
0.0
 71
     7
 72
     1
  1
GBK 3112 central main rib
  7
Laser Note Text (DIN)
 73
     1
 44
1.0
  0
MTEXT
  5
6ED
330
58F
100
AcDbEntity
  8
Обозначение (ISO)
100
AcDbMText
 10
13233.54862403528
 20
870.1976777064057
 30
0.0
 40
50.0
 41
0.0
 46
0.0
 71
     7
 72
     1
  1
30
  7
Laser Note Text (DIN)
 73
     1
 44
1.0
  0
LINE
  5
6EE
330
58F
100
AcDbEntity
  8
Обозначение (ISO)
100
AcDbLine
 10
16222.6091724523
 20
928.588400839493
 30
0.0
 11
13196.73788984297
 21
928.588400839493
 31
0.0
  0
MTEXT
  5
6EF
330
58F
100
AcDbEntity
  8
Обозначение (ISO)
100
AcDbMText
 10
15727.82918351153
 20
803.4162314402315
 30
0.0
 40
50.0
 41
0.0
 46
0.0
 71
     7
 72
     1
  1
60
  7
Laser Note Text (DIN)
 73
     1
 44
1.0
  0
MTEXT
  5
6F0
330
58F
100
AcDbEntity
  8
Обозначение (ISO)
100
AcDbMText
 10
15227.82918351153
 20
803.4162314402315
 30
0.0
 40
50.0
 41
0.0
 46
0.0
 71
     7
 72
     1
  1
60
  7
Laser Note Text (DIN)
 73
     1
 44
1.0
  0
MTEXT
  5
6F1
330
58F
100
AcDbEntity
  8
Обозначение (ISO)
100
AcDbMText
 10
14727.78918340913
 20
793.3976788984987
 30
0.0
 40
50.0
 41
0.0
 46
0.0
 71
     7
 72
     1
  1
1,0
  7
Laser Note Text (DIN)
 73
     1
 44
1.0
  0
MTEXT
  5
6F2
330
58F
100
AcDbEntity
  8
Обозначение (ISO)
100
AcDbMText
 10
14227.82918351153
 20
803.4162314402315
 30
0.0
 40
50.0
 41
0.0
 46
0.0
 71
     7
 72
     1
  1
3112
  7
Laser Note Text (DIN)
 73
     1
 44
1.0
  0
MTEXT
  5
6F3
330
58F
100
AcDbEntity
  8
Обозначение (ISO)
100
AcDbMText
 10
13336.88368596689
 20
803.4162314402315
 30
0.0
 40
50.0
 41
0.0
 46
0.0
 71
     7
 72
     1
  1
GBK 3112 central main 
  7
Laser Note Text (DIN)
 73
     1
 44
1.0
  0
MTEXT
  5
6F4
330
58F
100
AcDbEntity
  8
Обозначение (ISO)
100
AcDbMText
 10
13336.88368596689
 20
721.6533406244966
 30
0.0
 40
50.0
 41
0.0
 46
0.0
 71
     7
 72
     1
  1
rib_CPY
  7
Laser Note Text (DIN)
 73
     1
 44
1.0
  0
MTEXT
  5
6F5
330
58F
100
AcDbEntity
  8
Обозначение (ISO)
100
AcDbMText
 10
13233.54862403528
 20
803.4162314402315
 30
0.0
 40
50.0
 41
0.0
 46
0.0
 71
     7
 72
     1
  1
32
  7
Laser Note Text (DIN)
 73
     1
 44
1.0
  0
LINE
  5
6F6
330
58F
100
AcDbEntity
  8
Обозначение (ISO)
100
AcDbLine
 10
16222.6091724523
 20
861.8069545733186
 30
0.0
 11
13196.73788984297
 21
861.8069545733186
 31
0.0
  0
MTEXT
  5
6F7
330
58F
100
AcDbEntity
  8
Обозначение (ISO)
100
AcDbMText
 10
15727.78918340913
 20
669.8533389078829
 30
0.0
 40
50.0
 41
0.0
 46
0.0
 71
     7
 72
     1
  1
12
  7
Laser Note Text (DIN)
 73
     1
 44
1.0
  0
MTEXT
  5
6F8
330
58F
100
AcDbEntity
  8
Обозначение (ISO)
100
AcDbMText
 10
15227.78918340913
 20
669.8533389078829
 30
0.0
 40
50.0
 41
0.0
 46
0.0
 71
     7
 72
     1
  1
12
  7
Laser Note Text (DIN)
 73
     1
 44
1.0
  0
MTEXT
  5
6F9
330
58F
100
AcDbEntity
  8
Обозначение (ISO)
100
AcDbMText
 10
14727.78918340913
 20
659.83478636615
 30
0.0
 40
50.0
 41
0.0
 46
0.0
 71
     7
 72
     1
  1
1,0
  7
Laser Note Text (DIN)
 73
     1
 44
1.0
  0
MTEXT
  5
6FA
330
58F
100
AcDbEntity
  8
Обозначение (ISO)
100
AcDbMText
 10
14227.82918351153
 20
669.8533389078829
 30
0.0
 40
50.0
 41
0.0
 46
0.0
 71
     7
 72
     1
  1
3212
  7
Laser Note Text (DIN)
 73
     1
 44
1.0
  0
MTEXT
  5
6FB
330
58F
100
AcDbEntity
  8
Обозначение (ISO)
100
AcDbMText
 10
13336.88368596689
 20
669.8533389078829
 30
0.0
 40
50.0
 41
0.0
 46
0.0
 71
     7
 72
     1
  1
GBK 3212 central second rib
  7
Laser Note Text (DIN)
 73
     1
 44
1.0
  0
MTEXT
  5
6FC
330
58F
100
AcDbEntity
  8
Обозначение (ISO)
100
AcDbMText
 10
13233.54862403528
 20
669.8533389078829
 30
0.0
 40
50.0
 41
0.0
 46
0.0
 71
     7
 72
     1
  1
37
  7
Laser Note Text (DIN)
 73
     1
 44
1.0
  0
LINE
  5
6FD
330
58F
100
AcDbEntity
  8
Обозначение (ISO)
100
AcDbLine
 10
16222.6091724523
 20
728.2440620409699
 30
0.0
 11
13196.73788984297
 21
728.2440620409699
 31
0.0
  0
MTEXT
  5
6FE
330
58F
100
AcDbEntity
  8
Обозначение (ISO)
100
AcDbMText
 10
15727.82918351153
 20
603.0718926417086
 30
0.0
 40
50.0
 41
0.0
 46
0.0
 71
     7
 72
     1
  1
48
  7
Laser Note Text (DIN)
 73
     1
 44
1.0
  0
MTEXT
  5
6FF
330
58F
100
AcDbEntity
  8
Обозначение (ISO)
100
AcDbMText
 10
15227.82918351153
 20
603.0718926417086
 30
0.0
 40
50.0
 41
0.0
 46
0.0
 71
     7
 72
     1
  1
48
  7
Laser Note Text (DIN)
 73
     1
 44
1.0
  0
MTEXT
  5
700
330
58F
100
AcDbEntity
  8
Обозначение (ISO)
100
AcDbMText
 10
14727.78918340913
 20
593.0533400999758
 30
0.0
 40
50.0
 41
0.0
 46
0.0
 71
     7
 72
     1
  1
1,0
  7
Laser Note Text (DIN)
 73
     1
 44
1.0
  0
MTEXT
  5
701
330
58F
100
AcDbEntity
  8
Обозначение (ISO)
100
AcDbMText
 10
14227.82918351153
 20
603.0718926417086
 30
0.0
 40
50.0
 41
0.0
 46
0.0
 71
     7
 72
     1
  1
3212
  7
Laser Note Text (DIN)
 73
     1
 44
1.0
  0
MTEXT
  5
702
330
58F
100
AcDbEntity
  8
Обозначение (ISO)
100
AcDbMText
 10
13336.88368596689
 20
603.0718926417086
 30
0.0
 40
50.0
 41
0.0
 46
0.0
 71
     7
 72
     1
  1
GBK 3212 central second 
  7
Laser Note Text (DIN)
 73
     1
 44
1.0
  0
MTEXT
  5
703
330
58F
100
AcDbEntity
  8
Обозначение (ISO)
100
AcDbMText
 10
13336.88368596689
 20
521.3090018259737
 30
0.0
 40
50.0
 41
0.0
 46
0.0
 71
     7
 72
     1
  1
rib_CPY
  7
Laser Note Text (DIN)
 73
     1
 44
1.0
  0
MTEXT
  5
704
330
58F
100
AcDbEntity
  8
Обозначение (ISO)
100
AcDbMText
 10
13233.54862403528
 20
603.0718926417086
 30
0.0
 40
50.0
 41
0.0
 46
0.0
 71
     7
 72
     1
  1
39
  7
Laser Note Text (DIN)
 73
     1
 44
1.0
  0
LINE
  5
705
330
58F
100
AcDbEntity
  8
Обозначение (ISO)
100
AcDbLine
 10
16222.6091724523
 20
661.4626157747957
 30
0.0
 11
13196.73788984297
 21
661.4626157747957
 31
0.0
  0
MTEXT
  5
706
330
58F
100
AcDbEntity
  8
Обозначение (ISO)
100
AcDbMText
 10
15727.78918340913
 20
469.5090001093599
 30
0.0
 40
50.0
 41
0.0
 46
0.0
 71
     7
 72
     1
  1
12
  7
Laser Note Text (DIN)
 73
     1
 44
1.0
  0
MTEXT
  5
707
330
58F
100
AcDbEntity
  8
Обозначение (ISO)
100
AcDbMText
 10
15227.78918340913
 20
469.5090001093599
 30
0.0
 40
50.0
 41
0.0
 46
0.0
 71
     7
 72
     1
  1
12
  7
Laser Note Text (DIN)
 73
     1
 44
1.0
  0
MTEXT
  5
708
330
58F
100
AcDbEntity
  8
Обозначение (ISO)
100
AcDbMText
 10
14727.78918340913
 20
459.4904475676271
 30
0.0
 40
50.0
 41
0.0
 46
0.0
 71
     7
 72
     1
  1
1,0
  7
Laser Note Text (DIN)
 73
     1
 44
1.0
  0
MTEXT
  5
709
330
58F
100
AcDbEntity
  8
Обозначение (ISO)
100
AcDbMText
 10
14227.82918351153
 20
469.5090001093599
 30
0.0
 40
50.0
 41
0.0
 46
0.0
 71
     7
 72
     1
  1
3212
  7
Laser Note Text (DIN)
 73
     1
 44
1.0
  0
MTEXT
  5
70A
330
58F
100
AcDbEntity
  8
Обозначение (ISO)
100
AcDbMText
 10
13336.88368596689
 20
469.5090001093599
 30
0.0
 40
50.0
 41
0.0
 46
0.0
 71
     7
 72
     1
  1
GBK 3212 central second 
  7
Laser Note Text (DIN)
 73
     1
 44
1.0
  0
MTEXT
  5
70B
330
58F
100
AcDbEntity
  8
Обозначение (ISO)
100
AcDbMText
 10
13336.88368596689
 20
387.7461092936251
 30
0.0
 40
50.0
 41
0.0
 46
0.0
 71
     7
 72
     1
  1
rib_CPY1
  7
Laser Note Text (DIN)
 73
     1
 44
1.0
  0
MTEXT
  5
70C
330
58F
100
AcDbEntity
  8
Обозначение (ISO)
100
AcDbMText
 10
13231.04398679392
 20
469.5090001093599
 30
0.0
 40
50.0
 41
0.0
 46
0.0
 71
     7
 72
     1
  1
49
  7
Laser Note Text (DIN)
 73
     1
 44
1.0
  0
LINE
  5
70D
330
58F
100
AcDbEntity
  8
Обозначение (ISO)
100
AcDbLine
 10
16222.6091724523
 20
527.8997232424472
 30
0.0
 11
13196.73788984297
 21
527.8997232424472
 31
0.0
  0
MTEXT
  5
70E
330
58F
100
AcDbEntity
  8
Обозначение (ISO)
100
AcDbMText
 10
15727.82918351153
 20
335.9461075770113
 30
0.0
 40
50.0
 41
0.0
 46
0.0
 71
     7
 72
     1
  1
6
  7
Laser Note Text (DIN)
 73
     1
 44
1.0
  0
MTEXT
  5
70F
330
58F
100
AcDbEntity
  8
Обозначение (ISO)
100
AcDbMText
 10
15227.82918351153
 20
335.9461075770113
 30
0.0
 40
50.0
 41
0.0
 46
0.0
 71
     7
 72
     1
  1
6
  7
Laser Note Text (DIN)
 73
     1
 44
1.0
  0
MTEXT
  5
710
330
58F
100
AcDbEntity
  8
Обозначение (ISO)
100
AcDbMText
 10
14727.78918340913
 20
325.9275550352786
 30
0.0
 40
50.0
 41
0.0
 46
0.0
 71
     7
 72
     1
  1
1,0
  7
Laser Note Text (DIN)
 73
     1
 44
1.0
  0
MTEXT
  5
711
330
58F
100
AcDbEntity
  8
Обозначение (ISO)
100
AcDbMText
 10
14227.82918351153
 20
335.9461075770113
 30
0.0
 40
50.0
 41
0.0
 46
0.0
 71
     7
 72
     1
  1
3112
  7
Laser Note Text (DIN)
 73
     1
 44
1.0
  0
MTEXT
  5
712
330
58F
100
AcDbEntity
  8
Обозначение (ISO)
100
AcDbMText
 10
13336.88368596689
 20
335.9461075770113
 30
0.0
 40
50.0
 41
0.0
 46
0.0
 71
     7
 72
     1
  1
GBK 3112 central main 
  7
Laser Note Text (DIN)
 73
     1
 44
1.0
  0
MTEXT
  5
713
330
58F
100
AcDbEntity
  8
Обозначение (ISO)
100
AcDbMText
 10
13336.88368596689
 20
254.1832167612765
 30
0.0
 40
50.0
 41
0.0
 46
0.0
 71
     7
 72
     1
  1
rib_CPY1
  7
Laser Note Text (DIN)
 73
     1
 44
1.0
  0
MTEXT
  5
714
330
58F
100
AcDbEntity
  8
Обозначение (ISO)
100
AcDbMText
 10
13238.53470992701
 20
335.9461075770113
 30
0.0
 40
50.0
 41
0.0
 46
0.0
 71
     7
 72
     1
  1
51
  7
Laser Note Text (DIN)
 73
     1
 44
1.0
  0
LINE
  5
715
330
58F
100
AcDbEntity
  8
Обозначение (ISO)
100
AcDbLine
 10
16222.6091724523
 20
394.3368307100985
 30
0.0
 11
13196.73788984297
 21
394.3368307100985
 31
0.0
  0
LINE
  5
716
330
58F
100
AcDbEntity
  8
Обозначение (ISO)
100
AcDbLine
 10
16222.6091724523
 20
260.7739381777498
 30
0.0
 11
13196.73788984297
 21
260.7739381777498
 31
0.0
  0
LINE
  5
717
330
58F
100
AcDbEntity
  8
Обозначение (ISO)
100
AcDbLine
 10
16222.6091724523
 20
4067.316375349689
 30
0.0
 11
16222.6091724523
 21
260.7739381777498
 31
0.0
  0
LINE
  5
718
330
58F
100
AcDbEntity
  8
Обозначение (ISO)
100
AcDbLine
 10
15722.6091724523
 20
4067.316375349689
 30
0.0
 11
15722.6091724523
 21
260.7739381777498
 31
0.0
  0
LINE
  5
719
330
58F
100
AcDbEntity
  8
Обозначение (ISO)
100
AcDbLine
 10
15222.6091724523
 20
4067.316375349689
 30
0.0
 11
15222.6091724523
 21
260.7739381777498
 31
0.0
  0
LINE
  5
71A
330
58F
100
AcDbEntity
  8
Обозначение (ISO)
100
AcDbLine
 10
14722.6091724523
 20
4067.316375349689
 30
0.0
 11
14722.6091724523
 21
260.7739381777498
 31
0.0
  0
LINE
  5
71B
330
58F
100
AcDbEntity
  8
Обозначение (ISO)
100
AcDbLine
 10
14222.6091724523
 20
4067.316375349689
 30
0.0
 11
14222.6091724523
 21
260.7739381777498
 31
0.0
  0
LINE
  5
71C
330
58F
100
AcDbEntity
  8
Обозначение (ISO)
100
AcDbLine
 10
13331.66367490767
 20
4067.316375349689
 30
0.0
 11
13331.66367490767
 21
260.7739381777498
 31
0.0
  0
LINE
  5
71D
330
58F
100
AcDbEntity
  8
Обозначение (ISO)
100
AcDbLine
 10
13196.73788984297
 20
4067.316375349689
 30
0.0
 11
13196.73788984297
 21
260.7739381777498
 31
0.0
  0
ENDBLK
  5
591
330
58F
100
AcDbEntity
  8
0
100
AcDbBlockEnd
  0
BLOCK
  5
720
330
71F
100
AcDbEntity
  8
0
100
AcDbBlockBegin
  2
Текст на выноске1
 70
     0
 10
0.0
 20
0.0
 30
0.0
  3
Текст на выноске1
  1

  0
LINE
  5
722
330
71F
100
AcDbEntity
  8
Обозначение (ISO)
370
    25
100
AcDbLine
 10
9926.121217850798
 20
11181.73944442484
 30
0.0
 11
9921.122371210184
 21
11181.63205604734
 31
0.0
  0
LINE
  5
723
330
71F
100
AcDbEntity
  8
Обозначение (ISO)
370
    25
100
AcDbLine
 10
9926.121217850798
 20
11181.73944442484
 30
0.0
 11
10194.70464524551
 21
11187.50932307232
 31
0.0
  0
LINE
  5
724
330
71F
100
AcDbEntity
  8
Обозначение (ISO)
370
    25
100
AcDbLine
 10
10194.70464524551
 20
11187.50932307232
 30
0.0
 11
10654.33885336051
 21
11197.38347513293
 31
0.0
  0
MTEXT
  5
726
330
71F
100
AcDbEntity
  8
Обозначение (ISO)
100
AcDbMText
 10
10202.8486878173
 20
11210.68958521054
 30
0.0
 40
100.0
 41
0.0
 46
0.0
 71
     7
 72
     1
  1
0101-24
  7
Стиль текста72
 11
0.9997693281227626
 21
0.0214776755017852
 31
0.0
 73
     1
 44
1.0
  0
ENDBLK
  5
721
330
71F
100
AcDbEntity
  8
0
100
AcDbBlockEnd
  0
BLOCK
  5
729
330
728
100
AcDbEntity
  8
0
100
AcDbBlockBegin
  2
Текст на выноске2
 70
     0
 10
0.0
 20
0.0
 30
0.0
  3
Текст на выноске2
  1

  0
LINE
  5
72B
330
728
100
AcDbEntity
  8
Обозначение (ISO)
370
    25
100
AcDbLine
 10
9796.531983191414
 20
10712.07303407958
 30
0.0
 11
9791.5331365508
 21
10711.96564570207
 31
0.0
  0
LINE
  5
72C
330
728
100
AcDbEntity
  8
Обозначение (ISO)
370
    25
100
AcDbLine
 10
9796.531983191414
 20
10712.07303407958
 30
0.0
 11
10065.11541058613
 21
10717.84291272706
 31
0.0
  0
LINE
  5
72D
330
728
100
AcDbEntity
  8
Обозначение (ISO)
370
    25
100
AcDbLine
 10
10065.11541058613
 20
10717.84291272706
 30
0.0
 11
10464.7448857234
 21
10726.42800525442
 31
0.0
  0
MTEXT
  5
72E
330
728
100
AcDbEntity
  8
Обозначение (ISO)
100
AcDbMText
 10
10073.25945315792
 20
10741.02317486527
 30
0.0
 40
100.0
 41
0.0
 46
0.0
 71
     7
 72
     1
  1
0102-8
  7
Стиль текста72
 11
0.9997693281227626
 21
0.0214776755017852
 31
0.0
 73
     1
 44
1.0
  0
ENDBLK
  5
72A
330
728
100
AcDbEntity
  8
0
100
AcDbBlockEnd
  0
BLOCK
  5
731
330
730
100
AcDbEntity
  8
0
100
AcDbBlockBegin
  2
Текст на выноске3
 70
     0
 10
0.0
 20
0.0
 30
0.0
  3
Текст на выноске3
  1

  0
LINE
  5
733
330
730
100
AcDbEntity
  8
Обозначение (ISO)
370
    25
100
AcDbLine
 10
9907.797807409444
 20
9401.090437899513
 30
0.0
 11
9902.798960768832
 21
9400.983049522002
 31
0.0
  0
LINE
  5
734
330
730
100
AcDbEntity
  8
Обозначение (ISO)
370
    25
100
AcDbLine
 10
9907.797807409444
 20
9401.090437899513
 30
0.0
 11
10176.38123480416
 21
9406.860316546993
 31
0.0
  0
LINE
  5
735
330
730
100
AcDbEntity
  8
Обозначение (ISO)
370
    25
100
AcDbLine
 10
10176.38123480416
 20
9406.860316546993
 30
0.0
 11
10576.01070994143
 21
9415.445409074349
 31
0.0
  0
MTEXT
  5
736
330
730
100
AcDbEntity
  8
Обозначение (ISO)
100
AcDbMText
 10
10184.52527737595
 20
9430.040578685204
 30
0.0
 40
100.0
 41
0.0
 46
0.0
 71
     7
 72
     1
  1
0103-8
  7
Стиль текста72
 11
0.9997693281227626
 21
0.0214776755017852
 31
0.0
 73
     1
 44
1.0
  0
ENDBLK
  5
732
330
730
100
AcDbEntity
  8
0
100
AcDbBlockEnd
  0
BLOCK
  5
739
330
738
100
AcDbEntity
  8
0
100
AcDbBlockBegin
  2
Текст на выноске4
 70
     0
 10
0.0
 20
0.0
 30
0.0
  3
Текст на выноске4
  1

  0
LINE
  5
73B
330
738
100
AcDbEntity
  8
Обозначение (ISO)
370
    25
100
AcDbLine
 10
9960.48079433239
 20
8400.113664723233
 30
0.0
 11
9955.481947691778
 21
8400.006276345726
 31
0.0
  0
LINE
  5
73C
330
738
100
AcDbEntity
  8
Обозначение (ISO)
370
    25
100
AcDbLine
 10
9960.48079433239
 20
8400.113664723233
 30
0.0
 11
10229.0642217271
 21
8405.883543370713
 31
0.0
  0
LINE
  5
73D
330
738
100
AcDbEntity
  8
Обозначение (ISO)
370
    25
100
AcDbLine
 10
10229.0642217271
 20
8405.883543370713
 30
0.0
 11
10638.70996343597
 21
8414.68381165623
 31
0.0
  0
MTEXT
  5
73E
330
738
100
AcDbEntity
  8
Обозначение (ISO)
100
AcDbMText
 10
10237.2082642989
 20
8429.063805508926
 30
0.0
 40
100.0
 41
0.0
 46
0.0
 71
     7
 72
     1
  1
0104-8
  7
Стиль текста72
 11
0.9997693281227626
 21
0.0214776755017852
 31
0.0
 73
     1
 44
1.0
  0
ENDBLK
  5
73A
330
738
100
AcDbEntity
  8
0
100
AcDbBlockEnd
  0
BLOCK
  5
741
330
740
100
AcDbEntity
  8
0
100
AcDbBlockBegin
  2
Текст на выноске5
 70
     0
 10
0.0
 20
0.0
 30
0.0
  3
Текст на выноске5
  1

  0
LINE
  5
743
330
740
100
AcDbEntity
  8
Обозначение (ISO)
370
    25
100
AcDbLine
 10
10051.22729907834
 20
7001.548479469512
 30
0.0
 11
10046.22845243773
 21
7001.441091092003
 31
0.0
  0
LINE
  5
744
330
740
100
AcDbEntity
  8
Обозначение (ISO)
370
    25
100
AcDbLine
 10
10051.22729907834
 20
7001.548479469512
 30
0.0
 11
10319.81072647306
 21
7007.318358116993
 31
0.0
  0
LINE
  5
745
330
740
100
AcDbEntity
  8
Обозначение (ISO)
370
    25
100
AcDbLine
 10
10319.81072647306
 20
7007.318358116993
 30
0.0
 11
10809.30815395192
 21
7017.83405069789
 31
0.0
  0
MTEXT
  5
746
330
740
100
AcDbEntity
  8
Обозначение (ISO)
100
AcDbMText
 10
10327.95476904485
 20
7030.498620255205
 30
0.0
 40
100.0
 41
0.0
 46
0.0
 71
     7
 72
     1
  1
0202-37
  7
Стиль текста72
 11
0.9997693281227626
 21
0.0214776755017852
 31
0.0
 73
     1
 44
1.0
  0
ENDBLK
  5
742
330
740
100
AcDbEntity
  8
0
100
AcDbBlockEnd
  0
BLOCK
  5
749
330
748
100
AcDbEntity
  8
0
100
AcDbBlockBegin
  2
Текст на выноске6
 70
     0
 10
0.0
 20
0.0
 30
0.0
  3
Текст на выноске6
  1

  0
LINE
  5
74B
330
748
100
AcDbEntity
  8
Обозначение (ISO)
370
    25
100
AcDbLine
 10
10023.82016703855
 20
5905.263249033347
 30
0.0
 11
10018.82132039793
 21
5905.155860655839
 31
0.0
  0
LINE
  5
74C
330
748
100
AcDbEntity
  8
Обозначение (ISO)
370
    25
100
AcDbLine
 10
10023.82016703855
 20
5905.263249033347
 30
0.0
 11
10292.40359443327
 21
5911.033127680828
 31
0.0
  0
LINE
  5
74D
330
748
100
AcDbEntity
  8
Обозначение (ISO)
370
    25
100
AcDbLine
 10
10292.40359443327
 20
5911.033127680828
 30
0.0
 11
10781.90102191213
 21
5921.548820261725
 31
0.0
  0
MTEXT
  5
74E
330
748
100
AcDbEntity
  8
Обозначение (ISO)
100
AcDbMText
 10
10300.54763700506
 20
5934.21338981904
 30
0.0
 40
100.0
 41
0.0
 46
0.0
 71
     7
 72
     1
  1
0203-37
  7
Стиль текста72
 11
0.9997693281227626
 21
0.0214776755017852
 31
0.0
 73
     1
 44
1.0
  0
ENDBLK
  5
74A
330
748
100
AcDbEntity
  8
0
100
AcDbBlockEnd
  0
BLOCK
  5
751
330
750
100
AcDbEntity
  8
0
100
AcDbBlockBegin
  2
Текст на выноске7
 70
     0
 10
0.0
 20
0.0
 30
0.0
  3
Текст на выноске7
  1

  0
LINE
  5
753
330
750
100
AcDbEntity
  8
Обозначение (ISO)
370
    25
100
AcDbLine
 10
10078.63443111814
 20
4973.420803162607
 30
0.0
 11
10073.63558447752
 21
4973.313414785098
 31
0.0
  0
LINE
  5
754
330
750
100
AcDbEntity
  8
Обозначение (ISO)
370
    25
100
AcDbLine
 10
10078.63443111814
 20
4973.420803162607
 30
0.0
 11
10347.21785851286
 21
4979.190681810087
 31
0.0
  0
LINE
  5
755
330
750
100
AcDbEntity
  8
Обозначение (ISO)
370
    25
100
AcDbLine
 10
10347.21785851286
 20
4979.190681810088
 30
0.0
 11
10846.7315525633
 21
4989.921550149145
 31
0.0
  0
MTEXT
  5
756
330
750
100
AcDbEntity
  8
Обозначение (ISO)
100
AcDbMText
 10
10355.36190108465
 20
5002.370943948299
 30
0.0
 40
100.0
 41
0.0
 46
0.0
 71
     7
 72
     1
  1
0204-37
  7
Стиль текста72
 11
0.9997693281227626
 21
0.0214776755017852
 31
0.0
 73
     1
 44
1.0
  0
ENDBLK
  5
752
330
750
100
AcDbEntity
  8
0
100
AcDbBlockEnd
  0
BLOCK
  5
759
330
758
100
AcDbEntity
  8
0
100
AcDbBlockBegin
  2
Текст на выноске8
 70
     0
 10
0.0
 20
0.0
 30
0.0
  3
Текст на выноске8
  1

  0
LINE
  5
75B
330
758
100
AcDbEntity
  8
Обозначение (ISO)
370
    25
100
AcDbLine
 10
10149.10033693173
 20
4391.809119805852
 30
0.0
 11
10144.10149029112
 21
4391.701731428343
 31
0.0
  0
LINE
  5
75C
330
758
100
AcDbEntity
  8
Обозначение (ISO)
370
    25
100
AcDbLine
 10
10149.10033693173
 20
4391.809119805852
 30
0.0
 11
10417.68376432645
 21
4397.578998453329
 31
0.0
  0
LINE
  5
75D
330
758
100
AcDbEntity
  8
Обозначение (ISO)
370
    25
100
AcDbLine
 10
10417.68376432645
 20
4397.578998453329
 30
0.0
 11
10937.22991524372
 21
4408.740216670085
 31
0.0
  0
MTEXT
  5
75E
330
758
100
AcDbEntity
  8
Обозначение (ISO)
100
AcDbMText
 10
10425.82780689824
 20
4420.759260591541
 30
0.0
 40
100.0
 41
0.0
 46
0.0
 71
     7
 72
     1
  1
0201-102
  7
Стиль текста72
 11
0.9997693281227629
 21
0.0214776755017748
 31
0.0
 73
     1
 44
1.0
  0
ENDBLK
  5
75A
330
758
100
AcDbEntity
  8
0
100
AcDbBlockEnd
  0
BLOCK
  5
761
330
760
100
AcDbEntity
  8
0
100
AcDbBlockBegin
  2
Текст на выноске9
 70
     0
 10
0.0
 20
0.0
 30
0.0
  3
Текст на выноске9
  1

  0
LINE
  5
763
330
760
100
AcDbEntity
  8
Обозначение (ISO)
370
    25
100
AcDbLine
 10
10075.33731637197
 20
3514.194453975665
 30
0.0
 11
10070.33846973136
 21
3514.087065598157
 31
0.0
  0
LINE
  5
764
330
760
100
AcDbEntity
  8
Обозначение (ISO)
370
    25
100
AcDbLine
 10
10075.33731637197
 20
3514.194453975665
 30
0.0
 11
10343.92074376669
 21
3519.964332623144
 31
0.0
  0
LINE
  5
765
330
760
100
AcDbEntity
  8
Обозначение (ISO)
370
    25
100
AcDbLine
 10
10343.92074376669
 20
3519.964332623144
 30
0.0
 11
10833.41817124555
 21
3530.480025204038
 31
0.0
  0
MTEXT
  5
766
330
760
100
AcDbEntity
  8
Обозначение (ISO)
100
AcDbMText
 10
10352.06478633848
 20
3543.144594761356
 30
0.0
 40
100.0
 41
0.0
 46
0.0
 71
     7
 72
     1
  1
0302-38
  7
Стиль текста72
 11
0.9997693281227626
 21
0.02147767550178
 31
0.0
 73
     1
 44
1.0
  0
ENDBLK
  5
762
330
760
100
AcDbEntity
  8
0
100
AcDbBlockEnd
  0
BLOCK
  5
769
330
768
100
AcDbEntity
  8
0
100
AcDbBlockBegin
  2
Текст на выноске10
 70
     0
 10
0.0
 20
0.0
 30
0.0
  3
Текст на выноске10
  1

  0
LINE
  5
76B
330
768
100
AcDbEntity
  8
Обозначение (ISO)
370
    25
100
AcDbLine
 10
10175.83706502276
 20
2674.518913498677
 30
0.0
 11
10170.83821838214
 21
2674.411525121168
 31
0.0
  0
LINE
  5
76C
330
768
100
AcDbEntity
  8
Обозначение (ISO)
370
    25
100
AcDbLine
 10
10175.83706502276
 20
2674.518913498677
 30
0.0
 11
10444.42049241747
 21
2680.288792146158
 31
0.0
  0
LINE
  5
76D
330
768
100
AcDbEntity
  8
Обозначение (ISO)
370
    25
100
AcDbLine
 10
10444.42049241747
 20
2680.288792146158
 30
0.0
 11
10933.91791989633
 21
2690.80448472706
 31
0.0
  0
MTEXT
  5
76E
330
768
100
AcDbEntity
  8
Обозначение (ISO)
100
AcDbMText
 10
10452.56453498927
 20
2703.46905428437
 30
0.0
 40
100.0
 41
0.0
 46
0.0
 71
     7
 72
     1
  1
0303-38
  7
Стиль текста72
 11
0.9997693281227622
 21
0.0214776755017955
 31
0.0
 73
     1
 44
1.0
  0
ENDBLK
  5
76A
330
768
100
AcDbEntity
  8
0
100
AcDbBlockEnd
  0
BLOCK
  5
771
330
770
100
AcDbEntity
  8
0
100
AcDbBlockBegin
  2
Текст на выноске11
 70
     0
 10
0.0
 20
0.0
 30
0.0
  3
Текст на выноске11
  1

  0
LINE
  5
773
330
770
100
AcDbEntity
  8
Обозначение (ISO)
370
    25
100
AcDbLine
 10
10421.00466271527
 20
1942.623441158314
 30
0.0
 11
10416.00581607465
 21
1942.516052780805
 31
0.0
  0
LINE
  5
774
330
770
100
AcDbEntity
  8
Обозначение (ISO)
370
    25
100
AcDbLine
 10
10421.00466271527
 20
1942.623441158314
 30
0.0
 11
10689.58809010999
 21
1948.393319805786
 31
0.0
  0
LINE
  5
775
330
770
100
AcDbEntity
  8
Обозначение (ISO)
370
    25
100
AcDbLine
 10
10689.58809010999
 20
1948.393319805786
 30
0.0
 11
11199.21076463112
 21
1959.341355641468
 31
0.0
  0
MTEXT
  5
776
330
770
100
AcDbEntity
  8
Обозначение (ISO)
100
AcDbMText
 10
10697.73213268178
 20
1971.573581943998
 30
0.0
 40
100.0
 41
0.0
 46
0.0
 71
     7
 72
     1
  1
0301-114
  7
Стиль текста72
 11
0.9997693281227631
 21
0.0214776755017593
 31
0.0
 73
     1
 44
1.0
  0
ENDBLK
  5
772
330
770
100
AcDbEntity
  8
0
100
AcDbBlockEnd
  0
BLOCK
  5
779
330
778
100
AcDbEntity
  8
0
100
AcDbBlockBegin
  2
Текст на выноске12
 70
     0
 10
0.0
 20
0.0
 30
0.0
  3
Текст на выноске12
  1

  0
LINE
  5
77B
330
778
100
AcDbEntity
  8
Обозначение (ISO)
370
    25
100
AcDbLine
 10
10304.72940713347
 20
1163.626238276722
 30
0.0
 11
10299.73056049285
 21
1163.518849899213
 31
0.0
  0
LINE
  5
77C
330
778
100
AcDbEntity
  8
Обозначение (ISO)
370
    25
100
AcDbLine
 10
10304.72940713347
 20
1163.626238276722
 30
0.0
 11
10573.31283452818
 21
1169.396116924195
 31
0.0
  0
LINE
  5
77D
330
778
100
AcDbEntity
  8
Обозначение (ISO)
370
    25
100
AcDbLine
 10
10573.31283452818
 20
1169.396116924195
 30
0.0
 11
11032.94704264318
 21
1179.270268984788
 31
0.0
  0
MTEXT
  5
77E
330
778
100
AcDbEntity
  8
Обозначение (ISO)
100
AcDbMText
 10
10581.45687709997
 20
1192.576379062407
 30
0.0
 40
100.0
 41
0.0
 46
0.0
 71
     7
 72
     1
  1
3113-24
  7
Стиль текста72
 11
0.9997693281227631
 21
0.0214776755017593
 31
0.0
 73
     1
 44
1.0
  0
ENDBLK
  5
77A
330
778
100
AcDbEntity
  8
0
100
AcDbBlockEnd
  0
BLOCK
  5
B00
330
AFF
100
AcDbEntity
  8
0
100
AcDbBlockBegin
  2
Текст на выноске13
 70
     0
 10
0.0
 20
0.0
 30
0.0
  3
Текст на выноске13
  1

  0
LINE
  5
B02
330
AFF
100
AcDbEntity
  8
Обозначение (ISO)
370
    25
100
AcDbLine
 10
10322.09847965614
 20
597.8002789190029
 30
0.0
 11
10317.09963301553
 21
597.6928905414941
 31
0.0
  0
LINE
  5
B03
330
AFF
100
AcDbEntity
  8
Обозначение (ISO)
370
    25
100
AcDbLine
 10
10322.09847965614
 20
597.8002789190029
 30
0.0
 11
10590.68190705086
 21
603.5701575664756
 31
0.0
  0
LINE
  5
B04
330
AFF
100
AcDbEntity
  8
Обозначение (ISO)
370
    25
100
AcDbLine
 10
10590.68190705085
 20
603.5701575664756
 30
0.0
 11
11060.33234359927
 21
613.6594845659211
 31
0.0
  0
MTEXT
  5
B05
330
AFF
100
AcDbEntity
  8
Обозначение (ISO)
100
AcDbMText
 10
10598.82594962265
 20
626.7504197046875
 30
0.0
 40
100.0
 41
0.0
 46
0.0
 71
     7
 72
     1
  1
3114-24
  7
Стиль текста72
 11
0.9997693281227631
 21
0.0214776755017593
 31
0.0
 73
     1
 44
1.0
  0
ENDBLK
  5
B01
330
AFF
100
AcDbEntity
  8
0
100
AcDbBlockEnd
  0
BLOCK
  5
B08
330
B07
100
AcDbEntity
  8
0
100
AcDbBlockBegin
  2
Текст на выноске14
 70
     0
 10
0.0
 20
0.0
 30
0.0
  3
Текст на выноске14
  1

  0
LINE
  5
B0A
330
B07
100
AcDbEntity
  8
Обозначение (ISO)
370
    25
100
AcDbLine
 10
10367.42502884935
 20
-21.66256062690108
 30
0.0
 11
10362.42618220874
 21
-21.76994900440988
 31
0.0
  0
LINE
  5
B0B
330
B07
100
AcDbEntity
  8
Обозначение (ISO)
370
    25
100
AcDbLine
 10
10367.42502884935
 20
-21.66256062690108
 30
0.0
 11
10636.00845624407
 21
-15.89268197942772
 31
0.0
  0
LINE
  5
B0C
330
B07
100
AcDbEntity
  8
Обозначение (ISO)
370
    25
100
AcDbLine
 10
10636.00845624407
 20
-15.89268197942772
 30
0.0
 11
11095.64266435907
 21
-6.018529918831347
 31
0.0
  0
MTEXT
  5
B0D
330
B07
100
AcDbEntity
  8
Обозначение (ISO)
100
AcDbMText
 10
10644.15249881586
 20
7.287580158784123
 30
0.0
 40
100.0
 41
0.0
 46
0.0
 71
     7
 72
     1
  1
3115-24
  7
Стиль текста72
 11
0.9997693281227629
 21
0.0214776755017645
 31
0.0
 73
     1
 44
1.0
  0
ENDBLK
  5
B09
330
B07
100
AcDbEntity
  8
0
100
AcDbBlockEnd
  0
BLOCK
  5
B10
330
B0F
100
AcDbEntity
  8
0
100
AcDbBlockBegin
  2
Текст на выноске15
 70
     0
 10
0.0
 20
0.0
 30
0.0
  3
Текст на выноске15
  1

  0
LINE
  5
B12
330
B0F
100
AcDbEntity
  8
Обозначение (ISO)
370
    25
100
AcDbLine
 10
10241.07227084991
 20
-848.1798756409949
 30
0.0
 11
10236.07342420929
 21
-848.2872640185037
 31
0.0
  0
LINE
  5
B13
330
B0F
100
AcDbEntity
  8
Обозначение (ISO)
370
    25
100
AcDbLine
 10
10241.07227084991
 20
-848.1798756409949
 30
0.0
 11
10509.65569824463
 21
-842.4099969935221
 31
0.0
  0
LINE
  5
B14
330
B0F
100
AcDbEntity
  8
Обозначение (ISO)
370
    25
100
AcDbLine
 10
10509.65569824463
 20
-842.4099969935221
 30
0.0
 11
10889.34543041418
 21
-834.2532626054012
 31
0.0
  0
MTEXT
  5
B15
330
B0F
100
AcDbEntity
  8
Обозначение (ISO)
100
AcDbMText
 10
10517.79974081642
 20
-819.2297348553106
 30
0.0
 40
100.0
 41
0.0
 46
0.0
 71
     7
 72
     1
  1
3112-6
  7
Стиль текста72
 11
0.9997693281227631
 21
0.0214776755017593
 31
0.0
 73
     1
 44
1.0
  0
ENDBLK
  5
B11
330
B0F
100
AcDbEntity
  8
0
100
AcDbBlockEnd
  0
BLOCK
  5
B18
330
B17
100
AcDbEntity
  8
0
100
AcDbBlockBegin
  2
Текст на выноске16
 70
     0
 10
0.0
 20
0.0
 30
0.0
  3
Текст на выноске16
  1

  0
LINE
  5
B1A
330
B17
100
AcDbEntity
  8
Обозначение (ISO)
370
    25
100
AcDbLine
 10
10147.24791783649
 20
-1632.996251568695
 30
0.0
 11
10142.24907119588
 21
-1633.103639946204
 31
0.0
  0
LINE
  5
B1B
330
B17
100
AcDbEntity
  8
Обозначение (ISO)
370
    25
100
AcDbLine
 10
10147.24791783649
 20
-1632.996251568695
 30
0.0
 11
10415.83134523121
 21
-1627.226372921222
 31
0.0
  0
LINE
  5
B1C
330
B17
100
AcDbEntity
  8
Обозначение (ISO)
370
    25
100
AcDbLine
 10
10415.83134523121
 20
-1627.226372921221
 30
0.0
 11
10865.44928677462
 21
-1617.567396618785
 31
0.0
  0
MTEXT
  5
B1D
330
B17
100
AcDbEntity
  8
Обозначение (ISO)
100
AcDbMText
 10
10423.975387803
 20
-1604.046110783009
 30
0.0
 40
100.0
 41
0.0
 46
0.0
 71
     7
 72
     1
  1
3112-60
  7
Стиль текста72
 11
0.9997693281227629
 21
0.0214776755017645
 31
0.0
 73
     1
 44
1.0
  0
ENDBLK
  5
B19
330
B17
100
AcDbEntity
  8
0
100
AcDbBlockEnd
  0
BLOCK
  5
B20
330
B1F
100
AcDbEntity
  8
0
100
AcDbBlockBegin
  2
Текст на выноске17
 70
     0
 10
0.0
 20
0.0
 30
0.0
  3
Текст на выноске17
  1

  0
LINE
  5
B22
330
B1F
100
AcDbEntity
  8
Обозначение (ISO)
370
    25
100
AcDbLine
 10
10112.10355499007
 20
-2296.171678199545
 30
0.0
 11
10107.10470834946
 21
-2296.279066577054
 31
0.0
  0
LINE
  5
B23
330
B1F
100
AcDbEntity
  8
Обозначение (ISO)
370
    25
100
AcDbLine
 10
10112.10355499007
 20
-2296.171678199545
 30
0.0
 11
10380.68698238479
 21
-2290.40179955207
 31
0.0
  0
LINE
  5
B24
330
B1F
100
AcDbEntity
  8
Обозначение (ISO)
370
    25
100
AcDbLine
 10
10380.68698238479
 20
-2290.40179955207
 30
0.0
 11
10860.26093346751
 21
-2280.099289352246
 31
0.0
  0
MTEXT
  5
B25
330
B1F
100
AcDbEntity
  8
Обозначение (ISO)
100
AcDbMText
 10
10388.83102495658
 20
-2267.221537413858
 30
0.0
 40
100.0
 41
0.0
 46
0.0
 71
     7
 72
     1
  1
3217-24
  7
Стиль текста72
 11
0.9997693281227629
 21
0.0214776755017697
 31
0.0
 73
     1
 44
1.0
  0
ENDBLK
  5
B21
330
B1F
100
AcDbEntity
  8
0
100
AcDbBlockEnd
  0
BLOCK
  5
B28
330
B27
100
AcDbEntity
  8
0
100
AcDbBlockBegin
  2
Текст на выноске18
 70
     0
 10
0.0
 20
0.0
 30
0.0
  3
Текст на выноске18
  1

  0
LINE
  5
B2A
330
B27
100
AcDbEntity
  8
Обозначение (ISO)
370
    25
100
AcDbLine
 10
9955.827211236204
 20
-2976.116392883461
 30
0.0
 11
9950.828364595588
 21
-2976.22378126097
 31
0.0
  0
LINE
  5
B2B
330
B27
100
AcDbEntity
  8
Обозначение (ISO)
370
    25
100
AcDbLine
 10
9955.827211236204
 20
-2976.116392883461
 30
0.0
 11
10224.41063863092
 21
-2970.346514235988
 31
0.0
  0
LINE
  5
B2C
330
B27
100
AcDbEntity
  8
Обозначение (ISO)
370
    25
100
AcDbLine
 10
10224.41063863092
 20
-2970.346514235988
 30
0.0
 11
10703.98458971364
 21
-2960.044004036169
 31
0.0
  0
MTEXT
  5
B2D
330
B27
100
AcDbEntity
  8
Обозначение (ISO)
100
AcDbMText
 10
10232.55468120271
 20
-2947.166252097776
 30
0.0
 40
100.0
 41
0.0
 46
0.0
 71
     7
 72
     1
  1
3215-24
  7
Стиль текста72
 11
0.9997693281227631
 21
0.0214776755017593
 31
0.0
 73
     1
 44
1.0
  0
ENDBLK
  5
B29
330
B27
100
AcDbEntity
  8
0
100
AcDbBlockEnd
  0
BLOCK
  5
B30
330
B2F
100
AcDbEntity
  8
0
100
AcDbBlockBegin
  2
Текст на выноске19
 70
     0
 10
0.0
 20
0.0
 30
0.0
  3
Текст на выноске19
  1

  0
LINE
  5
B32
330
B2F
100
AcDbEntity
  8
Обозначение (ISO)
370
    25
100
AcDbLine
 10
10013.29089979727
 20
-3838.071745949946
 30
0.0
 11
10008.29205315665
 21
-3838.179134327454
 31
0.0
  0
LINE
  5
B33
330
B2F
100
AcDbEntity
  8
Обозначение (ISO)
370
    25
100
AcDbLine
 10
10013.29089979727
 20
-3838.071745949946
 30
0.0
 11
10281.87432719199
 21
-3832.301867302472
 31
0.0
  0
LINE
  5
B34
330
B2F
100
AcDbEntity
  8
Обозначение (ISO)
370
    25
100
AcDbLine
 10
10281.87432719199
 20
-3832.301867302472
 30
0.0
 11
10761.44827827471
 21
-3821.999357102654
 31
0.0
  0
MTEXT
  5
B35
330
B2F
100
AcDbEntity
  8
Обозначение (ISO)
100
AcDbMText
 10
10290.01836976378
 20
-3809.121605164261
 30
0.0
 40
100.0
 41
0.0
 46
0.0
 71
     7
 72
     1
  1
3216-24
  7
Стиль текста72
 11
0.9997693281227631
 21
0.0214776755017593
 31
0.0
 73
     1
 44
1.0
  0
ENDBLK
  5
B31
330
B2F
100
AcDbEntity
  8
0
100
AcDbBlockEnd
  0
BLOCK
  5
B38
330
B37
100
AcDbEntity
  8
0
100
AcDbBlockBegin
  2
Текст на выноске20
 70
     0
 10
0.0
 20
0.0
 30
0.0
  3
Текст на выноске20
  1

  0
LINE
  5
B3A
330
B37
100
AcDbEntity
  8
Обозначение (ISO)
370
    25
100
AcDbLine
 10
10119.27469139251
 20
-4610.763076966121
 30
0.0
 11
10114.2758447519
 21
-4610.870465343629
 31
0.0
  0
LINE
  5
B3B
330
B37
100
AcDbEntity
  8
Обозначение (ISO)
370
    25
100
AcDbLine
 10
10119.27469139251
 20
-4610.763076966121
 30
0.0
 11
10387.85811878722
 21
-4604.993198318651
 31
0.0
  0
LINE
  5
B3C
330
B37
100
AcDbEntity
  8
Обозначение (ISO)
370
    25
100
AcDbLine
 10
10387.85811878722
 20
-4604.993198318651
 30
0.0
 11
10837.47606033064
 21
-4595.334222016223
 31
0.0
  0
MTEXT
  5
B3D
330
B37
100
AcDbEntity
  8
Обозначение (ISO)
100
AcDbMText
 10
10396.00216135902
 20
-4581.812936180439
 30
0.0
 40
100.0
 41
0.0
 46
0.0
 71
     7
 72
     1
  1
3212-12
  7
Стиль текста72
 11
0.9997693281227634
 21
0.0214776755017438
 31
0.0
 73
     1
 44
1.0
  0
ENDBLK
  5
B39
330
B37
100
AcDbEntity
  8
0
100
AcDbBlockEnd
  0
BLOCK
  5
B40
330
B3F
100
AcDbEntity
  8
0
100
AcDbBlockBegin
  2
Текст на выноске21
 70
     0
 10
0.0
 20
0.0
 30
0.0
  3
Текст на выноске21
  1

  0
LINE
  5
B42
330
B3F
100
AcDbEntity
  8
Обозначение (ISO)
370
    25
100
AcDbLine
 10
10301.19556897595
 20
-5499.300919810089
 30
0.0
 11
10296.19672233534
 21
-5499.408308187597
 31
0.0
  0
LINE
  5
B43
330
B3F
100
AcDbEntity
  8
Обозначение (ISO)
370
    25
100
AcDbLine
 10
10301.19556897595
 20
-5499.300919810089
 30
0.0
 11
10569.77899637067
 21
-5493.531041162614
 31
0.0
  0
LINE
  5
B44
330
B3F
100
AcDbEntity
  8
Обозначение (ISO)
370
    25
100
AcDbLine
 10
10569.77899637067
 20
-5493.531041162614
 30
0.0
 11
11049.35294745339
 21
-5483.228530962793
 31
0.0
  0
MTEXT
  5
B45
330
B3F
100
AcDbEntity
  8
Обозначение (ISO)
100
AcDbMText
 10
10577.92303894246
 20
-5470.350779024403
 30
0.0
 40
100.0
 41
0.0
 46
0.0
 71
     7
 72
     1
  1
3212-48
  7
Стиль текста72
 11
0.9997693281227629
 21
0.0214776755017645
 31
0.0
 73
     1
 44
1.0
  0
ENDBLK
  5
B41
330
B3F
100
AcDbEntity
  8
0
100
AcDbBlockEnd
  0
BLOCK
  5
B48
330
B47
100
AcDbEntity
  8
0
100
AcDbBlockBegin
  2
Текст на выноске22
 70
     0
 10
0.0
 20
0.0
 30
0.0
  3
Текст на выноске22
  1

  0
LINE
  5
B4A
330
B47
100
AcDbEntity
  8
Обозначение (ISO)
370
    25
100
AcDbLine
 10
10426.58840363345
 20
-6564.013190485012
 30
0.0
 11
10421.58955699284
 21
-6564.120578862521
 31
0.0
  0
LINE
  5
B4B
330
B47
100
AcDbEntity
  8
Обозначение (ISO)
370
    25
100
AcDbLine
 10
10426.58840363345
 20
-6564.013190485012
 30
0.0
 11
10695.17183102817
 21
-6558.24331183754
 31
0.0
  0
LINE
  5
B4C
330
B47
100
AcDbEntity
  8
Обозначение (ISO)
370
    25
100
AcDbLine
 10
10695.17183102816
 20
-6558.24331183754
 30
0.0
 11
11174.74578211089
 21
-6547.940801637721
 31
0.0
  0
MTEXT
  5
B4D
330
B47
100
AcDbEntity
  8
Обозначение (ISO)
100
AcDbMText
 10
10703.31587359996
 20
-6535.063049699328
 30
0.0
 40
100.0
 41
0.0
 46
0.0
 71
     7
 72
     1
  1
3312-24
  7
Стиль текста72
 11
0.9997693281227631
 21
0.0214776755017593
 31
0.0
 73
     1
 44
1.0
  0
ENDBLK
  5
B49
330
B47
100
AcDbEntity
  8
0
100
AcDbBlockEnd
  0
BLOCK
  5
B50
330
B4F
100
AcDbEntity
  8
0
100
AcDbBlockBegin
  2
Текст на выноске23
 70
     0
 10
0.0
 20
0.0
 30
0.0
  3
Текст на выноске23
  1

  0
LINE
  5
B52
330
B4F
100
AcDbEntity
  8
Обозначение (ISO)
370
    25
100
AcDbLine
 10
10316.93816015253
 20
-7454.857838073245
 30
0.0
 11
10311.93931351191
 21
-7454.965226450754
 31
0.0
  0
LINE
  5
B53
330
B4F
100
AcDbEntity
  8
Обозначение (ISO)
370
    25
100
AcDbLine
 10
10316.93816015253
 20
-7454.857838073245
 30
0.0
 11
10585.52158754724
 21
-7449.087959425773
 31
0.0
  0
LINE
  5
B54
330
B4F
100
AcDbEntity
  8
Обозначение (ISO)
370
    25
100
AcDbLine
 10
10585.52158754724
 20
-7449.087959425773
 30
0.0
 11
11065.09553862996
 21
-7438.785449225953
 31
0.0
  0
MTEXT
  5
B55
330
B4F
100
AcDbEntity
  8
Обозначение (ISO)
100
AcDbMText
 10
10593.66563011903
 20
-7425.907697287562
 30
0.0
 40
100.0
 41
0.0
 46
0.0
 71
     7
 72
     1
  1
3313-24
  7
Стиль текста72
 11
0.9997693281227631
 21
0.0214776755017593
 31
0.0
 73
     1
 44
1.0
  0
ENDBLK
  5
B51
330
B4F
100
AcDbEntity
  8
0
100
AcDbBlockEnd
  0
BLOCK
  5
B58
330
B57
100
AcDbEntity
  8
0
100
AcDbBlockBegin
  2
Текст на выноске24
 70
     0
 10
0.0
 20
0.0
 30
0.0
  3
Текст на выноске24
  1

  0
LINE
  5
B5A
330
B57
100
AcDbEntity
  8
Обозначение (ISO)
370
    25
100
AcDbLine
 10
9850.225626926322
 20
-8135.692319118987
 30
0.0
 11
9845.226780285708
 21
-8135.799707496495
 31
0.0
  0
LINE
  5
B5B
330
B57
100
AcDbEntity
  8
Обозначение (ISO)
370
    25
100
AcDbLine
 10
9850.225626926322
 20
-8135.692319118987
 30
0.0
 11
10118.80905432104
 21
-8129.922440471515
 31
0.0
  0
LINE
  5
B5C
330
B57
100
AcDbEntity
  8
Обозначение (ISO)
370
    25
100
AcDbLine
 10
10118.80905432104
 20
-8129.922440471515
 30
0.0
 11
10518.43852945831
 21
-8121.337347944168
 31
0.0
  0
MTEXT
  5
B5D
330
B57
100
AcDbEntity
  8
Обозначение (ISO)
100
AcDbMText
 10
10126.95309689283
 20
-8106.742178333304
 30
0.0
 40
100.0
 41
0.0
 46
0.0
 71
     7
 72
     1
  1
3315-6
  7
Стиль текста72
 11
0.9997693281227631
 21
0.0214776755017593
 31
0.0
 73
     1
 44
1.0
  0
ENDBLK
  5
B59
330
B57
100
AcDbEntity
  8
0
100
AcDbBlockEnd
  0
BLOCK
  5
B60
330
B5F
100
AcDbEntity
  8
0
100
AcDbBlockBegin
  2
Текст на выноске25
 70
     0
 10
0.0
 20
0.0
 30
0.0
  3
Текст на выноске25
  1

  0
LINE
  5
B62
330
B5F
100
AcDbEntity
  8
Обозначение (ISO)
370
    25
100
AcDbLine
 10
9793.409303872081
 20
-8805.612534905071
 30
0.0
 11
9788.410457231467
 21
-8805.71992328258
 31
0.0
  0
LINE
  5
B63
330
B5F
100
AcDbEntity
  8
Обозначение (ISO)
370
    25
100
AcDbLine
 10
9793.409303872081
 20
-8805.612534905071
 30
0.0
 11
10061.9927312668
 21
-8799.842656257599
 31
0.0
  0
LINE
  5
B64
330
B5F
100
AcDbEntity
  8
Обозначение (ISO)
370
    25
100
AcDbLine
 10
10061.9927312668
 20
-8799.842656257599
 30
0.0
 11
10441.68246343635
 21
-8791.685921869477
 31
0.0
  0
MTEXT
  5
B65
330
B5F
100
AcDbEntity
  8
Обозначение (ISO)
100
AcDbMText
 10
10070.13677383859
 20
-8776.662394119387
 30
0.0
 40
100.0
 41
0.0
 46
0.0
 71
     7
 72
     1
  1
3311-6
  7
Стиль текста72
 11
0.9997693281227631
 21
0.0214776755017593
 31
0.0
 73
     1
 44
1.0
  0
ENDBLK
  5
B61
330
B5F
100
AcDbEntity
  8
0
100
AcDbBlockEnd
  0
BLOCK
  5
B68
330
B67
100
AcDbEntity
  8
0
100
AcDbBlockBegin
  2
Текст на выноске26
 70
     0
 10
0.0
 20
0.0
 30
0.0
  3
Текст на выноске26
  1

  0
LINE
  5
B6A
330
B67
100
AcDbEntity
  8
Обозначение (ISO)
370
    25
100
AcDbLine
 10
10267.1541378065
 20
-9804.117441694208
 30
0.0
 11
10262.15529116588
 21
-9804.224830071715
 31
0.0
  0
LINE
  5
B6B
330
B67
100
AcDbEntity
  8
Обозначение (ISO)
370
    25
100
AcDbLine
 10
10267.1541378065
 20
-9804.117441694208
 30
0.0
 11
10535.73756520121
 21
-9798.347563046737
 31
0.0
  0
LINE
  5
B6C
330
B67
100
AcDbEntity
  8
Обозначение (ISO)
370
    25
100
AcDbLine
 10
10535.73756520121
 20
-9798.347563046737
 30
0.0
 11
10985.35550674462
 21
-9788.688586744308
 31
0.0
  0
MTEXT
  5
B6D
330
B67
100
AcDbEntity
  8
Обозначение (ISO)
100
AcDbMText
 10
10543.88160777301
 20
-9775.167300908526
 30
0.0
 40
100.0
 41
0.0
 46
0.0
 71
     7
 72
     1
  1
3212-12
  7
Стиль текста72
 11
0.9997693281227634
 21
0.0214776755017438
 31
0.0
 73
     1
 44
1.0
  0
ENDBLK
  5
B69
330
B67
100
AcDbEntity
  8
0
100
AcDbBlockEnd
  0
BLOCK
  5
B70
330
B6F
100
AcDbEntity
  8
0
100
AcDbBlockBegin
  2
Текст на выноске27
 70
     0
 10
0.0
 20
0.0
 30
0.0
  3
Текст на выноске27
  1

  0
LINE
  5
B72
330
B6F
100
AcDbEntity
  8
Обозначение (ISO)
370
    25
100
AcDbLine
 10
10366.26587149114
 20
-10878.95140437875
 30
0.0
 11
10361.26702485053
 21
-10879.05879275626
 31
0.0
  0
LINE
  5
B73
330
B6F
100
AcDbEntity
  8
Обозначение (ISO)
370
    25
100
AcDbLine
 10
10366.26587149114
 20
-10878.95140437875
 30
0.0
 11
10634.84929888585
 21
-10873.18152573128
 31
0.0
  0
LINE
  5
B74
330
B6F
100
AcDbEntity
  8
Обозначение (ISO)
370
    25
100
AcDbLine
 10
10634.84929888585
 20
-10873.18152573128
 30
0.0
 11
11014.53903105541
 21
-10865.02479134316
 31
0.0
  0
MTEXT
  5
B75
330
B6F
100
AcDbEntity
  8
Обозначение (ISO)
100
AcDbMText
 10
10642.99334145765
 20
-10850.00126359306
 30
0.0
 40
100.0
 41
0.0
 46
0.0
 71
     7
 72
     1
  1
3112-6
  7
Стиль текста72
 11
0.9997693281227631
 21
0.0214776755017593
 31
0.0
 73
     1
 44
1.0
  0
ENDBLK
  5
B71
330
B6F
100
AcDbEntity
  8
0
100
AcDbBlockEnd
  0
BLOCK
  5
B78
330
B77
100
AcDbEntity
  8
0
100
AcDbBlockBegin
  2
Текст на выноске28
 70
     0
 10
0.0
 20
0.0
 30
0.0
  3
Текст на выноске28
  1

  0
LINE
  5
B7A
330
B77
100
AcDbEntity
  8
Обозначение (ISO)
370
    25
100
AcDbLine
 10
3160.170944669818
 20
-35791.67439950061
 30
0.0
 11
3155.172098029205
 21
-35791.78178787812
 31
0.0
  0
LINE
  5
B7B
330
B77
100
AcDbEntity
  8
Обозначение (ISO)
370
    25
100
AcDbLine
 10
3160.170944669818
 20
-35791.67439950061
 30
0.0
 11
3428.754372064542
 21
-35785.90452085314
 31
0.0
  0
LINE
  5
B7C
330
B77
100
AcDbEntity
  8
Обозначение (ISO)
370
    25
100
AcDbLine
 10
3428.754372064542
 20
-35785.90452085314
 30
0.0
 11
3808.444104234092
 21
-35777.74778646502
 31
0.0
  0
MTEXT
  5
B7D
330
B77
100
AcDbEntity
  8
Обозначение (ISO)
100
AcDbMText
 10
3436.898414636337
 20
-35762.72425871493
 30
0.0
 40
100.0
 41
0.0
 46
0.0
 71
     7
 72
     1
  1
3133-1
  7
Стиль текста72
 11
0.9997693281227631
 21
0.0214776755017593
 31
0.0
 73
     1
 44
1.0
  0
ENDBLK
  5
B79
330
B77
100
AcDbEntity
  8
0
100
AcDbBlockEnd
  0
BLOCK
  5
B80
330
B7F
100
AcDbEntity
  8
0
100
AcDbBlockBegin
  2
Текст на выноске29
 70
     0
 10
0.0
 20
0.0
 30
0.0
  3
Текст на выноске29
  1

  0
LINE
  5
B82
330
B7F
100
AcDbEntity
  8
Обозначение (ISO)
370
    25
100
AcDbLine
 10
3914.845906250949
 20
-33879.75771913636
 30
0.0
 11
3909.847059610336
 21
-33879.86510751387
 31
0.0
  0
LINE
  5
B83
330
B7F
100
AcDbEntity
  8
Обозначение (ISO)
370
    25
100
AcDbLine
 10
3914.845906250949
 20
-33879.75771913636
 30
0.0
 11
4183.429333645665
 21
-33873.98784048889
 31
0.0
  0
LINE
  5
B84
330
B7F
100
AcDbEntity
  8
Обозначение (ISO)
370
    25
100
AcDbLine
 10
4183.429333645665
 20
-33873.98784048889
 30
0.0
 11
4583.05880878294
 21
-33865.40274796155
 31
0.0
  0
MTEXT
  5
B85
330
B7F
100
AcDbEntity
  8
Обозначение (ISO)
100
AcDbMText
 10
4191.57337621746
 20
-33850.80757835068
 30
0.0
 40
100.0
 41
0.0
 46
0.0
 71
     7
 72
     1
  1
3236-1
  7
Стиль текста72
 11
0.9997693281227631
 21
0.0214776755017593
 31
0.0
 73
     1
 44
1.0
  0
ENDBLK
  5
B81
330
B7F
100
AcDbEntity
  8
0
100
AcDbBlockEnd
  0
BLOCK
  5
B88
330
B87
100
AcDbEntity
  8
0
100
AcDbBlockBegin
  2
Текст на выноске30
 70
     0
 10
0.0
 20
0.0
 30
0.0
  3
Текст на выноске30
  1

  0
LINE
  5
B8A
330
B87
100
AcDbEntity
  8
Обозначение (ISO)
370
    25
100
AcDbLine
 10
2681.450892550581
 20
-32010.41008629836
 30
0.0
 11
2676.452045909967
 21
-32010.51747467587
 31
0.0
  0
LINE
  5
B8B
330
B87
100
AcDbEntity
  8
Обозначение (ISO)
370
    25
100
AcDbLine
 10
2681.450892550581
 20
-32010.41008629836
 30
0.0
 11
2950.034319945285
 21
-32004.64020765088
 31
0.0
  0
LINE
  5
B8C
330
B87
100
AcDbEntity
  8
Обозначение (ISO)
370
    25
100
AcDbLine
 10
2950.034319945285
 20
-32004.64020765089
 30
0.0
 11
3349.663795082559
 21
-31996.05511512355
 31
0.0
  0
MTEXT
  5
B8D
330
B87
100
AcDbEntity
  8
Обозначение (ISO)
100
AcDbMText
 10
2958.17836251708
 20
-31981.45994551267
 30
0.0
 40
100.0
 41
0.0
 46
0.0
 71
     7
 72
     1
  1
3339-1
  7
Стиль текста72
 11
0.9997693281227631
 21
0.0214776755017541
 31
0.0
 73
     1
 44
1.0
  0
ENDBLK
  5
B89
330
B87
100
AcDbEntity
  8
0
100
AcDbBlockEnd
  0
BLOCK
  5
B90
330
B8F
100
AcDbEntity
  8
0
100
AcDbBlockBegin
  2
Текст на выноске31
 70
     0
 10
0.0
 20
0.0
 30
0.0
  3
Текст на выноске31
  1

  0
LINE
  5
B92
330
B8F
100
AcDbEntity
  8
Обозначение (ISO)
370
    25
100
AcDbLine
 10
3771.583808938605
 20
-29760.2589162251
 30
0.0
 11
3766.584962297991
 21
-29760.36630460261
 31
0.0
  0
LINE
  5
B93
330
B8F
100
AcDbEntity
  8
Обозначение (ISO)
370
    25
100
AcDbLine
 10
3771.583808938605
 20
-29760.2589162251
 30
0.0
 11
4040.167236333327
 21
-29754.48903757763
 31
0.0
  0
LINE
  5
B94
330
B8F
100
AcDbEntity
  8
Обозначение (ISO)
370
    25
100
AcDbLine
 10
4040.167236333327
 20
-29754.48903757763
 30
0.0
 11
4459.736454438324
 21
-29745.47558691106
 31
0.0
  0
MTEXT
  5
B95
330
B8F
100
AcDbEntity
  8
Обозначение (ISO)
100
AcDbMText
 10
4048.311278905122
 20
-29731.30877543942
 30
0.0
 40
100.0
 41
0.0
 46
0.0
 71
     7
 72
     1
  1
3328-5
  7
Стиль текста72
 11
0.9997693281227633
 21
0.021477675501749
 31
0.0
 73
     1
 44
1.0
  0
ENDBLK
  5
B91
330
B8F
100
AcDbEntity
  8
0
100
AcDbBlockEnd
  0
BLOCK
  5
B98
330
B97
100
AcDbEntity
  8
0
100
AcDbBlockBegin
  2
Текст на выноске32
 70
     0
 10
0.0
 20
0.0
 30
0.0
  3
Текст на выноске32
  1

  0
LINE
  5
B9A
330
B97
100
AcDbEntity
  8
Обозначение (ISO)
370
    25
100
AcDbLine
 10
3139.743213735919
 20
-27795.66969362706
 30
0.0
 11
3134.744367095306
 21
-27795.77708200457
 31
0.0
  0
LINE
  5
B9B
330
B97
100
AcDbEntity
  8
Обозначение (ISO)
370
    25
100
AcDbLine
 10
3139.743213735919
 20
-27795.66969362706
 30
0.0
 11
3408.326641130634
 21
-27789.89981497959
 31
0.0
  0
LINE
  5
B9C
330
B97
100
AcDbEntity
  8
Обозначение (ISO)
370
    25
100
AcDbLine
 10
3408.326641130634
 20
-27789.89981497959
 30
0.0
 11
3788.016373300184
 21
-27781.74308059147
 31
0.0
  0
MTEXT
  5
B9D
330
B97
100
AcDbEntity
  8
Обозначение (ISO)
100
AcDbMText
 10
3416.470683702429
 20
-27766.71955284138
 30
0.0
 40
100.0
 41
0.0
 46
0.0
 71
     7
 72
     1
  1
3317-1
  7
Стиль текста72
 11
0.9997693281227633
 21
0.021477675501749
 31
0.0
 73
     1
 44
1.0
  0
ENDBLK
  5
B99
330
B97
100
AcDbEntity
  8
0
100
AcDbBlockEnd
  0
BLOCK
  5
BA0
330
B9F
100
AcDbEntity
  8
0
100
AcDbBlockBegin
  2
Текст на выноске33
 70
     0
 10
0.0
 20
0.0
 30
0.0
  3
Текст на выноске33
  1

  0
LINE
  5
BA2
330
B9F
100
AcDbEntity
  8
Обозначение (ISO)
370
    25
100
AcDbLine
 10
3447.84305644516
 20
-25058.46151703015
 30
0.0
 11
3442.844209804547
 21
-25058.56890540766
 31
0.0
  0
LINE
  5
BA3
330
B9F
100
AcDbEntity
  8
Обозначение (ISO)
370
    25
100
AcDbLine
 10
3447.84305644516
 20
-25058.46151703015
 30
0.0
 11
3716.426483839869
 21
-25052.69163838268
 31
0.0
  0
LINE
  5
BA4
330
B9F
100
AcDbEntity
  8
Обозначение (ISO)
370
    25
100
AcDbLine
 10
3716.42648383987
 20
-25052.69163838268
 30
0.0
 11
4146.011968516453
 21
-25043.46301195795
 31
0.0
  0
MTEXT
  5
BA5
330
B9F
100
AcDbEntity
  8
Обозначение (ISO)
100
AcDbMText
 10
3724.570526411664
 20
-25029.51137624447
 30
0.0
 40
100.0
 41
0.0
 46
0.0
 71
     7
 72
     1
  1
3225-4
  7
Стиль текста72
 11
0.9997693281227633
 21
0.021477675501749
 31
0.0
 73
     1
 44
1.0
  0
ENDBLK
  5
BA1
330
B9F
100
AcDbEntity
  8
0
100
AcDbBlockEnd
  0
BLOCK
  5
BA8
330
BA7
100
AcDbEntity
  8
0
100
AcDbBlockBegin
  2
Текст на выноске34
 70
     0
 10
0.0
 20
0.0
 30
0.0
  3
Текст на выноске34
  1

  0
LINE
  5
BAA
330
BA7
100
AcDbEntity
  8
Обозначение (ISO)
370
    25
100
AcDbLine
 10
3356.596150413147
 20
-23055.53363828714
 30
0.0
 11
3351.597303772533
 21
-23055.64102666465
 31
0.0
  0
LINE
  5
BAB
330
BA7
100
AcDbEntity
  8
Обозначение (ISO)
370
    25
100
AcDbLine
 10
3356.596150413147
 20
-23055.53363828714
 30
0.0
 11
3625.179577807863
 21
-23049.76375963967
 31
0.0
  0
LINE
  5
BAC
330
BA7
100
AcDbEntity
  8
Обозначение (ISO)
370
    25
100
AcDbLine
 10
3625.179577807862
 20
-23049.76375963967
 30
0.0
 11
4014.885576548999
 21
-23041.3918494934
 31
0.0
  0
MTEXT
  5
BAD
330
BA7
100
AcDbEntity
  8
Обозначение (ISO)
100
AcDbMText
 10
3633.323620379657
 20
-23026.58349750146
 30
0.0
 40
100.0
 41
0.0
 46
0.0
 71
     7
 72
     1
  1
3214-1
  7
Стиль текста72
 11
0.9997693281227633
 21
0.021477675501749
 31
0.0
 73
     1
 44
1.0
  0
ENDBLK
  5
BA9
330
BA7
100
AcDbEntity
  8
0
100
AcDbBlockEnd
  0
BLOCK
  5
BB0
330
BAF
100
AcDbEntity
  8
0
100
AcDbBlockBegin
  2
Текст на выноске35
 70
     0
 10
0.0
 20
0.0
 30
0.0
  3
Текст на выноске35
  1

  0
LINE
  5
BB2
330
BAF
100
AcDbEntity
  8
Обозначение (ISO)
370
    25
100
AcDbLine
 10
3579.006665958593
 20
-20220.60521914107
 30
0.0
 11
3574.00781931798
 21
-20220.71260751858
 31
0.0
  0
LINE
  5
BB3
330
BAF
100
AcDbEntity
  8
Обозначение (ISO)
370
    25
100
AcDbLine
 10
3579.006665958593
 20
-20220.60521914107
 30
0.0
 11
3847.590093353309
 21
-20214.8353404936
 31
0.0
  0
LINE
  5
BB4
330
BAF
100
AcDbEntity
  8
Обозначение (ISO)
370
    25
100
AcDbLine
 10
3847.590093353309
 20
-20214.8353404936
 30
0.0
 11
4247.219568490582
 21
-20206.25024796625
 31
0.0
  0
MTEXT
  5
BB5
330
BAF
100
AcDbEntity
  8
Обозначение (ISO)
100
AcDbMText
 10
3855.734135925104
 20
-20191.65507835539
 30
0.0
 40
100.0
 41
0.0
 46
0.0
 71
     7
 72
     1
  1
3122-5
  7
Стиль текста72
 11
0.9997693281227629
 21
0.0214776755017645
 31
0.0
 73
     1
 44
1.0
  0
ENDBLK
  5
BB1
330
BAF
100
AcDbEntity
  8
0
100
AcDbBlockEnd
  0
BLOCK
  5
BB8
330
BB7
100
AcDbEntity
  8
0
100
AcDbBlockBegin
  2
Текст на выноске36
 70
     0
 10
0.0
 20
0.0
 30
0.0
  3
Текст на выноске36
  1

  0
LINE
  5
BBA
330
BB7
100
AcDbEntity
  8
Обозначение (ISO)
370
    25
100
AcDbLine
 10
3470.024184459641
 20
-18175.1086367185
 30
0.0
 11
3465.025337819027
 21
-18175.21602509601
 31
0.0
  0
LINE
  5
BBB
330
BB7
100
AcDbEntity
  8
Обозначение (ISO)
370
    25
100
AcDbLine
 10
3470.024184459641
 20
-18175.1086367185
 30
0.0
 11
3738.607611854355
 21
-18169.33875807103
 31
0.0
  0
LINE
  5
BBC
330
BB7
100
AcDbEntity
  8
Обозначение (ISO)
370
    25
100
AcDbLine
 10
3738.607611854355
 20
-18169.33875807103
 30
0.0
 11
4078.417896226631
 21
-18162.03873914206
 31
0.0
  0
MTEXT
  5
BBD
330
BB7
100
AcDbEntity
  8
Обозначение (ISO)
100
AcDbMText
 10
3746.751654426151
 20
-18146.15849593282
 30
0.0
 40
100.0
 41
0.0
 46
0.0
 71
     7
 72
     1
  1
3111-1
  7
Стиль текста72
 11
0.9997693281227633
 21
0.021477675501749
 31
0.0
 73
     1
 44
1.0
  0
ENDBLK
  5
BB9
330
BB7
100
AcDbEntity
  8
0
100
AcDbBlockEnd
  0
BLOCK
  5
BC0
330
BBF
100
AcDbEntity
  8
0
100
AcDbBlockBegin
  2
Текст на выноске37
 70
     0
 10
0.0
 20
0.0
 30
0.0
  3
Текст на выноске37
  1

  0
LINE
  5
BC2
330
BBF
100
AcDbEntity
  8
Обозначение (ISO)
370
    25
100
AcDbLine
 10
3497.225461713196
 20
-15501.12571016591
 30
0.0
 11
3492.226615072582
 21
-15501.23309854342
 31
0.0
  0
LINE
  5
BC3
330
BBF
100
AcDbEntity
  8
Обозначение (ISO)
370
    25
100
AcDbLine
 10
3497.225461713196
 20
-15501.12571016591
 30
0.0
 11
3765.808889107911
 21
-15495.35583151844
 31
0.0
  0
LINE
  5
BC4
330
BBF
100
AcDbEntity
  8
Обозначение (ISO)
370
    25
100
AcDbLine
 10
3765.808889107911
 20
-15495.35583151844
 30
0.0
 11
4165.438364245185
 21
-15486.7707389911
 31
0.0
  0
MTEXT
  5
BC5
330
BBF
100
AcDbEntity
  8
Обозначение (ISO)
100
AcDbMText
 10
3773.952931679705
 20
-15472.17556938023
 30
0.0
 40
100.0
 41
0.0
 46
0.0
 71
     7
 72
     1
  1
2339-1
  7
Стиль текста72
 11
0.9997693281227629
 21
0.0214776755017645
 31
0.0
 73
     1
 44
1.0
  0
ENDBLK
  5
BC1
330
BBF
100
AcDbEntity
  8
0
100
AcDbBlockEnd
  0
BLOCK
  5
BC8
330
BC7
100
AcDbEntity
  8
0
100
AcDbBlockBegin
  2
Текст на выноске38
 70
     0
 10
0.0
 20
0.0
 30
0.0
  3
Текст на выноске38
  1

  0
LINE
  5
BCA
330
BC7
100
AcDbEntity
  8
Обозначение (ISO)
370
    25
100
AcDbLine
 10
4483.302222765727
 20
-12629.76388486233
 30
0.0
 11
4478.303376125114
 21
-12629.87127323984
 31
0.0
  0
LINE
  5
BCB
330
BC7
100
AcDbEntity
  8
Обозначение (ISO)
370
    25
100
AcDbLine
 10
4483.302222765727
 20
-12629.76388486233
 30
0.0
 11
4751.885650160446
 21
-12623.99400621486
 31
0.0
  0
LINE
  5
BCC
330
BC7
100
AcDbEntity
  8
Обозначение (ISO)
370
    25
100
AcDbLine
 10
4751.885650160446
 20
-12623.99400621486
 30
0.0
 11
5151.51512529772
 21
-12615.40891368751
 31
0.0
  0
MTEXT
  5
BCD
330
BC7
100
AcDbEntity
  8
Обозначение (ISO)
100
AcDbMText
 10
4760.02969273224
 20
-12600.81374407665
 30
0.0
 40
100.0
 41
0.0
 46
0.0
 71
     7
 72
     1
  1
2321-6
  7
Стиль текста72
 11
0.9997693281227629
 21
0.0214776755017645
 31
0.0
 73
     1
 44
1.0
  0
ENDBLK
  5
BC9
330
BC7
100
AcDbEntity
  8
0
100
AcDbBlockEnd
  0
BLOCK
  5
BD0
330
BCF
100
AcDbEntity
  8
0
100
AcDbBlockBegin
  2
Текст на выноске39
 70
     0
 10
0.0
 20
0.0
 30
0.0
  3
Текст на выноске39
  1

  0
LINE
  5
BD2
330
BCF
100
AcDbEntity
  8
Обозначение (ISO)
370
    25
100
AcDbLine
 10
2866.534252930576
 20
-10574.59871720315
 30
0.0
 11
2861.535406289963
 21
-10574.70610558066
 31
0.0
  0
LINE
  5
BD3
330
BCF
100
AcDbEntity
  8
Обозначение (ISO)
370
    25
100
AcDbLine
 10
2866.534252930576
 20
-10574.59871720315
 30
0.0
 11
3135.117680325293
 21
-10568.82883855568
 31
0.0
  0
LINE
  5
BD4
330
BCF
100
AcDbEntity
  8
Обозначение (ISO)
370
    25
100
AcDbLine
 10
3135.117680325293
 20
-10568.82883855568
 30
0.0
 11
3514.807412494844
 21
-10560.67210416755
 31
0.0
  0
MTEXT
  5
BD5
330
BCF
100
AcDbEntity
  8
Обозначение (ISO)
100
AcDbMText
 10
3143.261722897088
 20
-10545.64857641747
 30
0.0
 40
100.0
 41
0.0
 46
0.0
 71
     7
 72
     1
  1
2311-2
  7
Стиль текста72
 11
0.9997693281227629
 21
0.0214776755017645
 31
0.0
 73
     1
 44
1.0
  0
ENDBLK
  5
BD1
330
BCF
100
AcDbEntity
  8
0
100
AcDbBlockEnd
  0
BLOCK
  5
BD8
330
BD7
100
AcDbEntity
  8
0
100
AcDbBlockBegin
  2
Текст на выноске40
 70
     0
 10
0.0
 20
0.0
 30
0.0
  3
Текст на выноске40
  1

  0
LINE
  5
BDA
330
BD7
100
AcDbEntity
  8
Обозначение (ISO)
370
    25
100
AcDbLine
 10
4364.714591408564
 20
-8601.262590705308
 30
0.0
 11
4359.715744767951
 21
-8601.369979082818
 31
0.0
  0
LINE
  5
BDB
330
BD7
100
AcDbEntity
  8
Обозначение (ISO)
370
    25
100
AcDbLine
 10
4364.714591408564
 20
-8601.262590705308
 30
0.0
 11
4633.298018803281
 21
-8595.492712057836
 31
0.0
  0
LINE
  5
BDC
330
BD7
100
AcDbEntity
  8
Обозначение (ISO)
370
    25
100
AcDbLine
 10
4633.298018803281
 20
-8595.492712057836
 30
0.0
 11
5052.86723690828
 21
-8586.479261391266
 31
0.0
  0
MTEXT
  5
BDD
330
BD7
100
AcDbEntity
  8
Обозначение (ISO)
100
AcDbMText
 10
4641.442061375077
 20
-8572.312449919627
 30
0.0
 40
100.0
 41
0.0
 46
0.0
 71
     7
 72
     1
  1
2236-2
  7
Стиль текста72
 11
0.9997693281227631
 21
0.0214776755017593
 31
0.0
 73
     1
 44
1.0
  0
ENDBLK
  5
BD9
330
BD7
100
AcDbEntity
  8
0
100
AcDbBlockEnd
  0
BLOCK
  5
BE0
330
BDF
100
AcDbEntity
  8
0
100
AcDbBlockBegin
  2
Текст на выноске41
 70
     0
 10
0.0
 20
0.0
 30
0.0
  3
Текст на выноске41
  1

  0
LINE
  5
BE2
330
BDF
100
AcDbEntity
  8
Обозначение (ISO)
370
    25
100
AcDbLine
 10
4399.572418214608
 20
-6649.145126840173
 30
0.0
 11
4394.573571573995
 21
-6649.252515217681
 31
0.0
  0
LINE
  5
BE3
330
BDF
100
AcDbEntity
  8
Обозначение (ISO)
370
    25
100
AcDbLine
 10
4399.572418214608
 20
-6649.145126840173
 30
0.0
 11
4668.155845609317
 21
-6643.3752481927
 31
0.0
  0
LINE
  5
BE4
330
BDF
100
AcDbEntity
  8
Обозначение (ISO)
370
    25
100
AcDbLine
 10
4668.155845609318
 20
-6643.3752481927
 30
0.0
 11
5077.801587318179
 21
-6634.574979907194
 31
0.0
  0
MTEXT
  5
BE5
330
BDF
100
AcDbEntity
  8
Обозначение (ISO)
100
AcDbMText
 10
4676.299888181112
 20
-6620.194986054489
 30
0.0
 40
100.0
 41
0.0
 46
0.0
 71
     7
 72
     1
  1
2221-4
  7
Стиль текста72
 11
0.9997693281227631
 21
0.0214776755017593
 31
0.0
 73
     1
 44
1.0
  0
ENDBLK
  5
BE1
330
BDF
100
AcDbEntity
  8
0
100
AcDbBlockEnd
  0
BLOCK
  5
BE8
330
BE7
100
AcDbEntity
  8
0
100
AcDbBlockBegin
  2
Текст на выноске42
 70
     0
 10
0.0
 20
0.0
 30
0.0
  3
Текст на выноске42
  1

  0
LINE
  5
BEA
330
BE7
100
AcDbEntity
  8
Обозначение (ISO)
370
    25
100
AcDbLine
 10
4003.332908889315
 20
-4256.024703395957
 30
0.0
 11
3998.334062248701
 21
-4256.132091773465
 31
0.0
  0
LINE
  5
BEB
330
BE7
100
AcDbEntity
  8
Обозначение (ISO)
370
    25
100
AcDbLine
 10
4003.332908889315
 20
-4256.024703395957
 30
0.0
 11
4271.916336284035
 21
-4250.254824748483
 31
0.0
  0
LINE
  5
BEC
330
BE7
100
AcDbEntity
  8
Обозначение (ISO)
370
    25
100
AcDbLine
 10
4271.916336284035
 20
-4250.254824748483
 30
0.0
 11
4651.606068453585
 21
-4242.098090360362
 31
0.0
  0
MTEXT
  5
BED
330
BE7
100
AcDbEntity
  8
Обозначение (ISO)
100
AcDbMText
 10
4280.060378855829
 20
-4227.074562610272
 30
0.0
 40
100.0
 41
0.0
 46
0.0
 71
     7
 72
     1
  1
2211-2
  7
Стиль текста72
 11
0.9997693281227631
 21
0.0214776755017593
 31
0.0
 73
     1
 44
1.0
  0
ENDBLK
  5
BE9
330
BE7
100
AcDbEntity
  8
0
100
AcDbBlockEnd
  0
BLOCK
  5
BF0
330
BEF
100
AcDbEntity
  8
0
100
AcDbBlockBegin
  2
Текст на выноске43
 70
     0
 10
0.0
 20
0.0
 30
0.0
  3
Текст на выноске43
  1

  0
LINE
  5
BF2
330
BEF
100
AcDbEntity
  8
Обозначение (ISO)
370
    25
100
AcDbLine
 10
2446.543964740365
 20
-2095.618964720049
 30
0.0
 11
2441.545118099751
 21
-2095.726353097557
 31
0.0
  0
LINE
  5
BF3
330
BEF
100
AcDbEntity
  8
Обозначение (ISO)
370
    25
100
AcDbLine
 10
2446.543964740365
 20
-2095.618964720049
 30
0.0
 11
2715.127392135083
 21
-2089.849086072576
 31
0.0
  0
LINE
  5
BF4
330
BEF
100
AcDbEntity
  8
Обозначение (ISO)
370
    25
100
AcDbLine
 10
2715.127392135083
 20
-2089.849086072576
 30
0.0
 11
3114.756867272358
 21
-2081.263993545229
 31
0.0
  0
MTEXT
  5
BF5
330
BEF
100
AcDbEntity
  8
Обозначение (ISO)
100
AcDbMText
 10
2723.271434706878
 20
-2066.668823934364
 30
0.0
 40
100.0
 41
0.0
 46
0.0
 71
     7
 72
     1
  1
2133-2
  7
Стиль текста72
 11
0.9997693281227631
 21
0.0214776755017593
 31
0.0
 73
     1
 44
1.0
  0
ENDBLK
  5
BF1
330
BEF
100
AcDbEntity
  8
0
100
AcDbBlockEnd
  0
BLOCK
  5
BF8
330
BF7
100
AcDbEntity
  8
0
100
AcDbBlockBegin
  2
Текст на выноске44
 70
     0
 10
0.0
 20
0.0
 30
0.0
  3
Текст на выноске44
  1

  0
LINE
  5
BFA
330
BF7
100
AcDbEntity
  8
Обозначение (ISO)
370
    25
100
AcDbLine
 10
4001.057287301095
 20
-329.0648588215021
 30
0.0
 11
3996.058440660482
 21
-329.1722471990108
 31
0.0
  0
LINE
  5
BFB
330
BF7
100
AcDbEntity
  8
Обозначение (ISO)
370
    25
100
AcDbLine
 10
4001.057287301095
 20
-329.0648588215021
 30
0.0
 11
4269.640714695805
 21
-323.2949801740284
 31
0.0
  0
LINE
  5
BFC
330
BF7
100
AcDbEntity
  8
Обозначение (ISO)
370
    25
100
AcDbLine
 10
4269.640714695805
 20
-323.2949801740284
 30
0.0
 11
4669.270189833079
 21
-314.7098876466801
 31
0.0
  0
MTEXT
  5
BFD
330
BF7
100
AcDbEntity
  8
Обозначение (ISO)
100
AcDbMText
 10
4277.7847572676
 20
-300.1147180358166
 30
0.0
 40
100.0
 41
0.0
 46
0.0
 71
     7
 72
     1
  1
2122-3
  7
Стиль текста72
 11
0.9997693281227629
 21
0.0214776755017645
 31
0.0
 73
     1
 44
1.0
  0
ENDBLK
  5
BF9
330
BF7
100
AcDbEntity
  8
0
100
AcDbBlockEnd
  0
BLOCK
  5
C00
330
BFF
100
AcDbEntity
  8
0
100
AcDbBlockBegin
  2
Текст на выноске45
 70
     0
 10
0.0
 20
0.0
 30
0.0
  3
Текст на выноске45
  1

  0
LINE
  5
C02
330
BFF
100
AcDbEntity
  8
Обозначение (ISO)
370
    25
100
AcDbLine
 10
2173.817154831962
 20
1660.085294901531
 30
0.0
 11
2168.818308191348
 21
1659.977906524022
 31
0.0
  0
LINE
  5
C03
330
BFF
100
AcDbEntity
  8
Обозначение (ISO)
370
    25
100
AcDbLine
 10
2173.817154831962
 20
1660.085294901531
 30
0.0
 11
2442.400582226683
 21
1665.855173549004
 31
0.0
  0
LINE
  5
C04
330
BFF
100
AcDbEntity
  8
Обозначение (ISO)
370
    25
100
AcDbLine
 10
2442.400582226682
 20
1665.855173549004
 30
0.0
 11
2862.155304406235
 21
1674.872609331147
 31
0.0
  0
MTEXT
  5
C05
330
BFF
100
AcDbEntity
  8
Обозначение (ISO)
100
AcDbMText
 10
2450.544624798478
 20
1689.035435687216
 30
0.0
 40
100.0
 41
0.0
 46
0.0
 71
     7
 72
     1
  1
2111 -2
  7
Стиль текста72
 11
0.9997693281227631
 21
0.0214776755017593
 31
0.0
 73
     1
 44
1.0
  0
ENDBLK
  5
C01
330
BFF
100
AcDbEntity
  8
0
100
AcDbBlockEnd
  0
BLOCK
  5
C08
330
C07
100
AcDbEntity
  8
0
100
AcDbBlockBegin
  2
Текст на выноске46
 70
     0
 10
0.0
 20
0.0
 30
0.0
  3
Текст на выноске46
  1

  0
LINE
  5
C0A
330
C07
100
AcDbEntity
  8
Обозначение (ISO)
370
    25
100
AcDbLine
 10
2397.977384836512
 20
3347.234163336089
 30
0.0
 11
2392.978538195898
 21
3347.126774958581
 31
0.0
  0
LINE
  5
C0B
330
C07
100
AcDbEntity
  8
Обозначение (ISO)
370
    25
100
AcDbLine
 10
2397.977384836512
 20
3347.234163336089
 30
0.0
 11
2666.560812231226
 21
3353.004041983563
 31
0.0
  0
LINE
  5
C0C
330
C07
100
AcDbEntity
  8
Обозначение (ISO)
370
    25
100
AcDbLine
 10
2666.560812231226
 20
3353.004041983563
 30
0.0
 11
3046.250544400776
 21
3361.160776371684
 31
0.0
  0
MTEXT
  5
C0D
330
C07
100
AcDbEntity
  8
Обозначение (ISO)
100
AcDbMText
 10
2674.624873052017
 20
3376.182585903336
 30
0.0
 40
100.0
 41
0.0
 46
0.0
 71
     7
 72
     1
  1
1318-3
  7
Стиль текста72
 11
0.9997693281227631
 21
0.0214776755017593
 31
0.0
 73
     1
 44
1.0
  0
ENDBLK
  5
C09
330
C07
100
AcDbEntity
  8
0
100
AcDbBlockEnd
  0
BLOCK
  5
C10
330
C0F
100
AcDbEntity
  8
0
100
AcDbBlockBegin
  2
Текст на выноске47
 70
     0
 10
0.0
 20
0.0
 30
0.0
  3
Текст на выноске47
  1

  0
LINE
  5
C12
330
C0F
100
AcDbEntity
  8
Обозначение (ISO)
370
    25
100
AcDbLine
 10
2396.688487043509
 20
4842.885492686231
 30
0.0
 11
2391.689640402895
 21
4842.778104308721
 31
0.0
  0
LINE
  5
C13
330
C0F
100
AcDbEntity
  8
Обозначение (ISO)
370
    25
100
AcDbLine
 10
2396.688487043509
 20
4842.885492686231
 30
0.0
 11
2665.271914438239
 21
4848.655371333704
 31
0.0
  0
LINE
  5
C14
330
C0F
100
AcDbEntity
  8
Обозначение (ISO)
370
    25
100
AcDbLine
 10
2665.271914438239
 20
4848.655371333704
 30
0.0
 11
3025.021941778239
 21
4856.383748401906
 31
0.0
  0
MTEXT
  5
C15
330
C0F
100
AcDbEntity
  8
Обозначение (ISO)
100
AcDbMText
 10
2673.33597525903
 20
4871.833915253477
 30
0.0
 40
100.0
 41
0.0
 46
0.0
 71
     7
 72
     1
  1
1115-3
  7
Стиль текста72
 11
0.9997693281227631
 21
0.0214776755017541
 31
0.0
 73
     1
 44
1.0
  0
ENDBLK
  5
C11
330
C0F
100
AcDbEntity
  8
0
100
AcDbBlockEnd
  0
BLOCK
  5
C18
330
C17
100
AcDbEntity
  8
0
100
AcDbBlockBegin
  2
Текст на выноске48
 70
     0
 10
0.0
 20
0.0
 30
0.0
  3
Текст на выноске48
  1

  0
LINE
  5
C1A
330
C17
100
AcDbEntity
  8
Обозначение (ISO)
370
    25
100
AcDbLine
 10
3886.386971259756
 20
6340.923460437597
 30
0.0
 11
3881.388124619142
 21
6340.816072060088
 31
0.0
  0
LINE
  5
C1B
330
C17
100
AcDbEntity
  8
Обозначение (ISO)
370
    25
100
AcDbLine
 10
3886.386971259756
 20
6340.923460437597
 30
0.0
 11
4154.970398654467
 21
6346.693339085069
 31
0.0
  0
LINE
  5
C1C
330
C17
100
AcDbEntity
  8
Обозначение (ISO)
370
    25
100
AcDbLine
 10
4154.970398654467
 20
6346.693339085069
 30
0.0
 11
4604.58834019788
 21
6356.352315387503
 31
0.0
  0
MTEXT
  5
C1D
330
C17
100
AcDbEntity
  8
Обозначение (ISO)
100
AcDbMText
 10
4163.034459475258
 20
6369.871883004843
 30
0.0
 40
100.0
 41
0.0
 46
0.0
 71
     7
 72
     1
  1
1325-10
  7
Стиль текста72
 11
0.9997693281227631
 21
0.0214776755017593
 31
0.0
 73
     1
 44
1.0
  0
ENDBLK
  5
C19
330
C17
100
AcDbEntity
  8
0
100
AcDbBlockEnd
  0
BLOCK
  5
C20
330
C1F
100
AcDbEntity
  8
0
100
AcDbBlockBegin
  2
Текст на выноске49
 70
     0
 10
0.0
 20
0.0
 30
0.0
  3
Текст на выноске49
  1

  0
LINE
  5
C22
330
C1F
100
AcDbEntity
  8
Обозначение (ISO)
370
    25
100
AcDbLine
 10
3839.009128930499
 20
8624.052133062106
 30
0.0
 11
3834.010282289885
 21
8623.944744684598
 31
0.0
  0
LINE
  5
C23
330
C1F
100
AcDbEntity
  8
Обозначение (ISO)
370
    25
100
AcDbLine
 10
3839.009128930499
 20
8624.052133062106
 30
0.0
 11
4107.592556325212
 21
8629.822011709579
 31
0.0
  0
LINE
  5
C24
330
C1F
100
AcDbEntity
  8
Обозначение (ISO)
370
    25
100
AcDbLine
 10
4107.592556325213
 20
8629.822011709579
 30
0.0
 11
4487.282288494763
 21
8637.978746097699
 31
0.0
  0
MTEXT
  5
C25
330
C1F
100
AcDbEntity
  8
Обозначение (ISO)
100
AcDbMText
 10
4115.656617146004
 20
8653.000555629352
 30
0.0
 40
100.0
 41
0.0
 46
0.0
 71
     7
 72
     1
  1
1217-0
  7
Стиль текста72
 11
0.9997693281227631
 21
0.0214776755017593
 31
0.0
 73
     1
 44
1.0
  0
ENDBLK
  5
C21
330
C1F
100
AcDbEntity
  8
0
100
AcDbBlockEnd
  0
BLOCK
  5
C28
330
C27
100
AcDbEntity
  8
0
100
AcDbBlockBegin
  2
Текст на выноске50
 70
     0
 10
0.0
 20
0.0
 30
0.0
  3
Текст на выноске50
  1

  0
LINE
  5
C2A
330
C27
100
AcDbEntity
  8
Обозначение (ISO)
370
    25
100
AcDbLine
 10
3780.25149689106
 20
10512.51358942066
 30
0.0
 11
3775.252650250445
 21
10512.40620104315
 31
0.0
  0
LINE
  5
C2B
330
C27
100
AcDbEntity
  8
Обозначение (ISO)
370
    25
100
AcDbLine
 10
3780.25149689106
 20
10512.51358942066
 30
0.0
 11
4048.834924285781
 21
10518.28346806813
 31
0.0
  0
LINE
  5
C2C
330
C27
100
AcDbEntity
  8
Обозначение (ISO)
370
    25
100
AcDbLine
 10
4048.834924285781
 20
10518.28346806813
 30
0.0
 11
4428.524656455333
 21
10526.44020245625
 31
0.0
  0
MTEXT
  5
C2D
330
C27
100
AcDbEntity
  8
Обозначение (ISO)
100
AcDbMText
 10
4056.898985106573
 20
10541.4620119879
 30
0.0
 40
100.0
 41
0.0
 46
0.0
 71
     7
 72
     1
  1
1126-0
  7
Стиль текста72
 11
0.9997693281227629
 21
0.0214776755017645
 31
0.0
 73
     1
 44
1.0
  0
ENDBLK
  5
C29
330
C27
100
AcDbEntity
  8
0
100
AcDbBlockEnd
  0
BLOCK
  5
C41
330
C40
100
AcDbEntity
  8
0
100
AcDbBlockBegin
  2
Текст на выноске51
 70
     0
 10
0.0
 20
0.0
 30
0.0
  3
Текст на выноске51
  1

  0
LINE
  5
C43
330
C40
100
AcDbEntity
  8
Обозначение (ISO)
370
    25
100
AcDbLine
 10
10338.3036447268
 20
-11617.91425136938
 30
0.0
 11
10333.30479808619
 21
-11618.02163974689
 31
0.0
  0
LINE
  5
C44
330
C40
100
AcDbEntity
  8
Обозначение (ISO)
370
    25
100
AcDbLine
 10
10338.3036447268
 20
-11617.91425136938
 30
0.0
 11
10606.88707212152
 21
-11612.14437272191
 31
0.0
  0
LINE
  5
C45
330
C40
100
AcDbEntity
  8
Обозначение (ISO)
370
    25
100
AcDbLine
 10
10606.88707212152
 20
-11612.14437272191
 30
0.0
 11
11086.46102320424
 21
-11601.84186252209
 31
0.0
  0
MTEXT
  5
C46
330
C40
100
AcDbEntity
  8
Обозначение (ISO)
100
AcDbMText
 10
10615.03111469331
 20
-11588.9641105837
 30
0.0
 40
100.0
 41
0.0
 46
0.0
 71
     7
 72
     1
  1
3314-60
  7
Стиль текста72
 11
0.9997693281227631
 21
0.0214776755017593
 31
0.0
 73
     1
 44
1.0
  0
ENDBLK
  5
C42
330
C40
100
AcDbEntity
  8
0
100
AcDbBlockEnd
  0
BLOCK
  5
C49
330
C48
100
AcDbEntity
  8
0
100
AcDbBlockBegin
  2
Текст на выноске52
 70
     0
 10
0.0
 20
0.0
 30
0.0
  3
Текст на выноске52
  1

  0
LINE
  5
C4B
330
C48
100
AcDbEntity
  8
Обозначение (ISO)
370
    25
100
AcDbLine
 10
10338.3036447268
 20
-11655.12005825734
 30
0.0
 11
10333.30479808619
 21
-11655.22744663485
 31
0.0
  0
LINE
  5
C4C
330
C48
100
AcDbEntity
  8
Обозначение (ISO)
370
    25
100
AcDbLine
 10
10338.3036447268
 20
-11655.12005825734
 30
0.0
 11
10346.98391178795
 21
-11654.9335832836
 31
0.0
  0
LINE
  5
C4D
330
C48
100
AcDbEntity
  8
Обозначение (ISO)
370
    25
100
AcDbLine
 10
10346.98391178795
 20
-11654.9335832836
 30
0.0
 11
10363.76899974214
 21
-11654.57299543377
 31
0.0
  0
MTEXT
  5
C4E
330
C48
100
AcDbEntity
  8
Обозначение (ISO)
100
AcDbMText
 10
10347.25859029468
 20
-11653.63988542146
 30
0.0
 40
3.499999940395355
 41
0.0
 46
0.0
 71
     7
 72
     1
  1
3314-60
  7
Пояснительный текст (DIN)
 11
0.9997693281227604
 21
0.0214776755018834
 31
0.0
 73
     1
 44
1.0
  0
ENDBLK
  5
C4A
330
C48
100
AcDbEntity
  8
0
100
AcDbBlockEnd
  0
ENDSEC
  0
SECTION
  2
ENTITIES
  0
LINE
  5
265
330
70
100
AcDbEntity
  8
Видимый контур (ISO)
100
AcDbLine
 10
854.0102822898843
 20
9270.153377997386
 30
0.0
 11
854.0102822898843
 21
9319.224638110744
 31
0.0
  0
LINE
  5
266
330
70
100
AcDbEntity
  8
Видимый контур (ISO)
100
AcDbLine
 10
854.0102822898843
 20
7839.224638110744
 30
0.0
 11
854.0102822898843
 21
8269.896184285139
 31
0.0
  0
LINE
  5
267
330
70
100
AcDbEntity
  8
Видимый контур (ISO)
100
AcDbLine
 10
854.0102822898843
 20
8269.896184285139
 30
0.0
 11
854.0102822898836
 21
8770.024781141261
 31
0.0
  0
LINE
  5
268
330
70
100
AcDbEntity
  8
Видимый контур (ISO)
100
AcDbLine
 10
854.0102822898836
 20
8770.024781141261
 30
0.0
 11
854.0102822898843
 21
9270.153377997386
 31
0.0
  0
LINE
  5
269
330
70
100
AcDbEntity
  8
Видимый контур (ISO)
100
AcDbLine
 10
3574.510282289893
 20
9319.224638110744
 30
0.0
 11
3834.010282289884
 21
9319.224638110744
 31
0.0
  0
LINE
  5
26A
330
70
100
AcDbEntity
  8
Видимый контур (ISO)
100
AcDbLine
 10
854.0102822898843
 20
9319.224638110744
 30
0.0
 11
1091.176948956561
 21
9319.224638110744
 31
0.0
  0
LINE
  5
26B
330
70
100
AcDbEntity
  8
Видимый контур (ISO)
100
AcDbLine
 10
1091.176948956561
 20
9319.224638110744
 30
0.0
 11
1587.843615623227
 21
9319.224638110744
 31
0.0
  0
LINE
  5
26C
330
70
100
AcDbEntity
  8
Видимый контур (ISO)
100
AcDbLine
 10
1587.843615623227
 20
9319.224638110744
 30
0.0
 11
2084.510282289894
 21
9319.224638110744
 31
0.0
  0
LINE
  5
26D
330
70
100
AcDbEntity
  8
Видимый контур (ISO)
100
AcDbLine
 10
2084.510282289894
 20
9319.224638110744
 30
0.0
 11
2581.17694895656
 21
9319.224638110744
 31
0.0
  0
LINE
  5
26E
330
70
100
AcDbEntity
  8
Видимый контур (ISO)
100
AcDbLine
 10
2581.17694895656
 20
9319.224638110744
 30
0.0
 11
3077.843615623227
 21
9319.224638110744
 31
0.0
  0
LINE
  5
26F
330
70
100
AcDbEntity
  8
Видимый контур (ISO)
100
AcDbLine
 10
3077.843615623227
 20
9319.224638110744
 30
0.0
 11
3574.510282289893
 21
9319.224638110744
 31
0.0
  0
LINE
  5
270
330
70
100
AcDbEntity
  8
Видимый контур (ISO)
100
AcDbLine
 10
3834.010282289884
 20
9319.224638110744
 30
0.0
 11
3834.010282289884
 21
7839.224638110744
 31
0.0
  0
LINE
  5
271
330
70
100
AcDbEntity
  8
Видимый контур (ISO)
100
AcDbLine
 10
3834.010282289884
 20
7839.224638110744
 30
0.0
 11
854.0102822898843
 21
7839.224638110744
 31
0.0
  0
LINE
  5
272
330
70
100
AcDbEntity
  8
Видимый контур (ISO)
 62
     5
100
AcDbLine
 10
2088.510282289879
 20
7869.224638110759
 30
0.0
 11
2084.51028228988
 21
7869.224638110759
 31
0.0
  0
LINE
  5
273
330
70
100
AcDbEntity
  8
Видимый контур (ISO)
 62
     5
100
AcDbLine
 10
2084.51028228988
 20
7869.224638110759
 30
0.0
 11
2084.51028228988
 21
7839.904910219603
 31
0.0
  0
LINE
  5
274
330
70
100
AcDbEntity
  8
Видимый контур (ISO)
 62
     5
100
AcDbLine
 10
1591.843615623213
 20
7869.224638110759
 30
0.0
 11
1587.843615623213
 21
7869.224638110759
 31
0.0
  0
LINE
  5
275
330
70
100
AcDbEntity
  8
Видимый контур (ISO)
 62
     5
100
AcDbLine
 10
1587.843615623213
 20
7869.224638110759
 30
0.0
 11
1587.843615623213
 21
7839.904910219603
 31
0.0
  0
LINE
  5
276
330
70
100
AcDbEntity
  8
Видимый контур (ISO)
 62
     5
100
AcDbLine
 10
1095.176948956546
 20
7869.224638110759
 30
0.0
 11
1091.176948956547
 21
7869.224638110759
 31
0.0
  0
LINE
  5
277
330
70
100
AcDbEntity
  8
Видимый контур (ISO)
 62
     5
100
AcDbLine
 10
1091.176948956547
 20
7869.224638110759
 30
0.0
 11
1091.176948956545
 21
7839.904910219603
 31
0.0
  0
LINE
  5
278
330
70
100
AcDbEntity
  8
Видимый контур (ISO)
 62
     5
100
AcDbLine
 10
2585.176948956546
 20
7869.224638110759
 30
0.0
 11
2581.176948956545
 21
7869.224638110759
 31
0.0
  0
LINE
  5
279
330
70
100
AcDbEntity
  8
Видимый контур (ISO)
 62
     5
100
AcDbLine
 10
2581.176948956545
 20
7869.224638110759
 30
0.0
 11
2581.176948956545
 21
7839.904910219603
 31
0.0
  0
LINE
  5
27A
330
70
100
AcDbEntity
  8
Видимый контур (ISO)
 62
     5
100
AcDbLine
 10
3582.010282289882
 20
8269.216006664972
 30
0.0
 11
3679.010282289882
 21
8269.216006664972
 31
0.0
  0
LINE
  5
27B
330
70
100
AcDbEntity
  8
Видимый контур (ISO)
 62
     5
100
AcDbLine
 10
3679.010282289882
 20
8269.216006664972
 30
0.0
 11
3679.010282289882
 21
8265.217035175295
 31
0.0
  0
LINE
  5
27C
330
70
100
AcDbEntity
  8
Видимый контур (ISO)
 62
     5
100
AcDbLine
 10
3582.010282289888
 20
8769.3446035211
 30
0.0
 11
3679.010282289887
 21
8769.3446035211
 31
0.0
  0
LINE
  5
27D
330
70
100
AcDbEntity
  8
Видимый контур (ISO)
 62
     5
100
AcDbLine
 10
3679.010282289887
 20
8769.3446035211
 30
0.0
 11
3679.010282289887
 21
8765.345632031424
 31
0.0
  0
LINE
  5
27E
330
70
100
AcDbEntity
  8
Видимый контур (ISO)
 62
     5
100
AcDbLine
 10
3582.010282289894
 20
9269.473200377227
 30
0.0
 11
3679.010282289893
 21
9269.473200377227
 31
0.0
  0
LINE
  5
27F
330
70
100
AcDbEntity
  8
Видимый контур (ISO)
 62
     5
100
AcDbLine
 10
3679.010282289893
 20
9269.473200377227
 30
0.0
 11
3679.010282289893
 21
9265.47422888755
 31
0.0
  0
LINE
  5
280
330
70
100
AcDbEntity
  8
Видимый контур (ISO)
 62
     5
100
AcDbLine
 10
3766.943993143033
 20
9080.146427270269
 30
0.0
 11
3775.277326476366
 21
9110.146427270271
 31
0.0
  0
LINE
  5
281
330
70
100
AcDbEntity
  8
Видимый контур (ISO)
 62
     5
100
AcDbLine
 10
3775.277326476366
 20
9110.146427270271
 30
0.0
 11
3761.943993143033
 21
9110.146427270271
 31
0.0
  0
LINE
  5
282
330
70
100
AcDbEntity
  8
Видимый контур (ISO)
 62
     5
100
AcDbLine
 10
3705.277326476366
 20
9103.479760603603
 30
0.0
 11
3711.943993143032
 21
9110.146427270269
 31
0.0
  0
LINE
  5
283
330
70
100
AcDbEntity
  8
Видимый контур (ISO)
 62
     5
100
AcDbLine
 10
3711.943993143032
 20
9110.146427270269
 30
0.0
 11
3711.943993143033
 21
9080.146427270269
 31
0.0
  0
LINE
  5
284
330
70
100
AcDbEntity
  8
Видимый контур (ISO)
 62
     5
100
AcDbLine
 10
3735.277326476366
 20
9080.146427270269
 30
0.0
 11
3721.943993143032
 21
9080.146427270269
 31
0.0
  0
LINE
  5
285
330
70
100
AcDbEntity
  8
Видимый контур (ISO)
 62
     5
100
AcDbLine
 10
3721.943993143032
 20
9080.146427270269
 30
0.0
 11
3733.6106598097
 21
9098.479760603602
 31
0.0
  0
ARC
  5
286
330
70
100
AcDbEntity
  8
Видимый контур (ISO)
 62
     5
100
AcDbCircle
 10
3726.305410465867
 20
9103.847739606228
 30
0.0
 40
9.065421476587706
100
AcDbArc
 50
323.6911376697133
 51
8.236375394438653
  0
ARC
  5
287
330
70
100
AcDbEntity
  8
Видимый контур (ISO)
 62
     5
100
AcDbCircle
 10
3728.610659809699
 20
9103.183725239603
 30
0.0
 40
6.949578671087167
100
AcDbArc
 50
16.40470848925485
 51
163.5952915107451
  0
LINE
  5
288
330
70
100
AcDbEntity
  8
Видимый контур (ISO)
 62
     5
100
AcDbLine
 10
3745.277326476366
 20
9103.479760603603
 30
0.0
 11
3751.943993143033
 21
9110.146427270271
 31
0.0
  0
LINE
  5
289
330
70
100
AcDbEntity
  8
Видимый контур (ISO)
 62
     5
100
AcDbLine
 10
3751.943993143033
 20
9110.146427270271
 30
0.0
 11
3751.943993143033
 21
9080.146427270269
 31
0.0
  0
LINE
  5
28A
330
70
100
AcDbEntity
  8
Видимый контур (ISO)
 62
     5
100
AcDbLine
 10
3081.843615623212
 20
7869.224638110759
 30
0.0
 11
3077.843615623212
 21
7869.224638110759
 31
0.0
  0
LINE
  5
28B
330
70
100
AcDbEntity
  8
Видимый контур (ISO)
 62
     5
100
AcDbLine
 10
3077.843615623212
 20
7869.224638110759
 30
0.0
 11
3077.843615623212
 21
7839.904910219603
 31
0.0
  0
LINE
  5
28C
330
70
100
AcDbEntity
  8
Видимый контур (ISO)
 62
     5
100
AcDbLine
 10
3578.510282289879
 20
7869.224638110759
 30
0.0
 11
3574.510282289879
 21
7869.224638110759
 31
0.0
  0
LINE
  5
28D
330
70
100
AcDbEntity
  8
Видимый контур (ISO)
 62
     5
100
AcDbLine
 10
3574.510282289879
 20
7869.224638110759
 30
0.0
 11
3574.510282289879
 21
7839.904910219603
 31
0.0
  0
ELLIPSE
  5
28E
330
70
100
AcDbEntity
  8
Видимый контур (ISO)
 62
     5
100
AcDbEllipse
 10
853.510282289435
 20
9269.473200377344
 30
0.0
 11
-29.99999999999939
 21
0.0000000000000242
 31
0.0
210
0.0
220
0.0
230
1.0
 40
0.0226757369614509
 41
3.141592653586486
 42
4.695721542001668
  0
LINE
  5
28F
330
70
100
AcDbEntity
  8
Видимый контур (ISO)
 62
     5
100
AcDbLine
 10
883.510282289434
 20
9269.473200377341
 30
0.0
 11
883.510282289434
 21
9265.474228887665
 31
0.0
  0
ELLIPSE
  5
290
330
70
100
AcDbEntity
  8
Видимый контур (ISO)
 62
     5
100
AcDbEllipse
 10
853.5102822893765
 20
8769.344603521219
 30
0.0
 11
-29.99999999999952
 21
0.000000000000024
 31
0.0
210
0.0
220
0.0
230
1.0
 40
0.022675736961451
 41
3.141592653586485
 42
4.695721541999735
  0
LINE
  5
291
330
70
100
AcDbEntity
  8
Видимый контур (ISO)
 62
     5
100
AcDbLine
 10
883.5102822893754
 20
8769.344603521215
 30
0.0
 11
883.5102822893754
 21
8765.345632031538
 31
0.0
  0
ELLIPSE
  5
292
330
70
100
AcDbEntity
  8
Видимый контур (ISO)
 62
     5
100
AcDbEllipse
 10
853.5102822892913
 20
8269.216006665095
 30
0.0
 11
-29.99999999999959
 21
0.0000000000000244
 31
0.0
210
0.0
220
0.0
230
1.0
 40
0.0226757369614512
 41
3.141592653586486
 42
4.695721541996874
  0
LINE
  5
293
330
70
100
AcDbEntity
  8
Видимый контур (ISO)
 62
     5
100
AcDbLine
 10
883.5102822892906
 20
8269.216006665093
 30
0.0
 11
883.5102822892912
 21
8265.217035175414
 31
0.0
  0
LINE
  5
294
330
70
100
AcDbEntity
  8
Видимый контур (ISO)
 62
     5
100
AcDbLine
 10
3574.510282289893
 20
9319.224638110744
 30
0.0
 11
3574.510282289893
 21
9289.224638110743
 31
0.0
  0
LINE
  5
295
330
70
100
AcDbEntity
  8
Видимый контур (ISO)
 62
     5
100
AcDbLine
 10
3578.510282289893
 20
9289.224638110743
 30
0.0
 11
3574.510282289893
 21
9289.224638110743
 31
0.0
  0
LINE
  5
296
330
70
100
AcDbEntity
  8
Видимый контур (ISO)
 62
     5
100
AcDbLine
 10
3077.843615623227
 20
9319.224638110744
 30
0.0
 11
3077.843615623226
 21
9289.224638110743
 31
0.0
  0
LINE
  5
297
330
70
100
AcDbEntity
  8
Видимый контур (ISO)
 62
     5
100
AcDbLine
 10
3081.843615623227
 20
9289.224638110743
 30
0.0
 11
3077.843615623226
 21
9289.224638110743
 31
0.0
  0
LINE
  5
298
330
70
100
AcDbEntity
  8
Видимый контур (ISO)
 62
     5
100
AcDbLine
 10
2581.17694895656
 20
9319.224638110744
 30
0.0
 11
2581.17694895656
 21
9289.224638110743
 31
0.0
  0
LINE
  5
299
330
70
100
AcDbEntity
  8
Видимый контур (ISO)
 62
     5
100
AcDbLine
 10
2585.17694895656
 20
9289.224638110743
 30
0.0
 11
2581.17694895656
 21
9289.224638110743
 31
0.0
  0
LINE
  5
29A
330
70
100
AcDbEntity
  8
Видимый контур (ISO)
 62
     5
100
AcDbLine
 10
2084.510282289894
 20
9319.224638110744
 30
0.0
 11
2084.510282289894
 21
9289.224638110743
 31
0.0
  0
LINE
  5
29B
330
70
100
AcDbEntity
  8
Видимый контур (ISO)
 62
     5
100
AcDbLine
 10
2088.510282289893
 20
9289.224638110743
 30
0.0
 11
2084.510282289894
 21
9289.224638110743
 31
0.0
  0
LINE
  5
29C
330
70
100
AcDbEntity
  8
Видимый контур (ISO)
 62
     5
100
AcDbLine
 10
1587.843615623227
 20
9319.224638110744
 30
0.0
 11
1587.843615623227
 21
9289.224638110743
 31
0.0
  0
LINE
  5
29D
330
70
100
AcDbEntity
  8
Видимый контур (ISO)
 62
     5
100
AcDbLine
 10
1591.843615623227
 20
9289.224638110743
 30
0.0
 11
1587.843615623227
 21
9289.224638110743
 31
0.0
  0
LINE
  5
29E
330
70
100
AcDbEntity
  8
Видимый контур (ISO)
 62
     5
100
AcDbLine
 10
1091.176948956561
 20
9319.224638110744
 30
0.0
 11
1091.176948956561
 21
9289.224638110743
 31
0.0
  0
LINE
  5
29F
330
70
100
AcDbEntity
  8
Видимый контур (ISO)
 62
     5
100
AcDbLine
 10
1095.17694895656
 20
9289.224638110743
 30
0.0
 11
1091.176948956561
 21
9289.224638110743
 31
0.0
  0
LINE
  5
388
330
70
100
AcDbEntity
  8
Видимый контур (ISO)
100
AcDbLine
 10
3201.101253747101
 20
6896.519481051526
 30
0.0
 11
3201.101253747101
 21
6826.364195433129
 31
0.0
  0
LINE
  5
389
330
70
100
AcDbEntity
  8
Видимый контур (ISO)
100
AcDbLine
 10
3201.101253747101
 20
6826.364195433129
 30
0.0
 11
3201.1012537471
 21
6326.106836996682
 31
0.0
  0
LINE
  5
38A
330
70
100
AcDbEntity
  8
Видимый контур (ISO)
100
AcDbLine
 10
3201.1012537471
 20
6326.106836996682
 30
0.0
 11
3201.101253747099
 21
5825.849478560237
 31
0.0
  0
LINE
  5
38B
330
70
100
AcDbEntity
  8
Видимый контур (ISO)
100
AcDbLine
 10
3201.101253747099
 20
5825.849478560237
 30
0.0
 11
3201.101253747099
 21
5416.138444773934
 31
0.0
  0
LINE
  5
38C
330
70
100
AcDbEntity
  8
Видимый контур (ISO)
100
AcDbLine
 10
1886.439722487752
 20
6866.68563740332
 30
0.0
 11
2127.04444379807
 21
6872.145722349836
 31
0.0
  0
LINE
  5
38D
330
70
100
AcDbEntity
  8
Видимый контур (ISO)
100
AcDbLine
 10
2127.04444379807
 20
6872.145722349836
 30
0.0
 11
2623.583273094995
 21
6883.413764690982
 31
0.0
  0
LINE
  5
38E
330
70
100
AcDbEntity
  8
Видимый контур (ISO)
100
AcDbLine
 10
2623.583273094995
 20
6883.413764690982
 30
0.0
 11
3120.122102391922
 21
6894.68180703213
 31
0.0
  0
LINE
  5
38F
330
70
100
AcDbEntity
  8
Видимый контур (ISO)
100
AcDbLine
 10
3120.122102391922
 20
6894.68180703213
 30
0.0
 11
3201.101253747101
 21
6896.519481051526
 31
0.0
  0
LINE
  5
390
330
70
100
AcDbEntity
  8
Видимый контур (ISO)
100
AcDbLine
 10
1888.015517765553
 20
6797.246464318766
 30
0.0
 11
1886.439722487752
 21
6866.68563740332
 31
0.0
  0
LINE
  5
391
330
70
100
AcDbEntity
  8
Видимый контур (ISO)
100
AcDbLine
 10
1920.016976175466
 20
5387.066575605726
 30
0.0
 11
1910.708686377876
 21
5797.246727483067
 31
0.0
  0
LINE
  5
392
330
70
100
AcDbEntity
  8
Видимый контур (ISO)
100
AcDbLine
 10
1910.708686377876
 20
5797.246727483067
 30
0.0
 11
1899.362102071715
 21
6297.246595900916
 31
0.0
  0
LINE
  5
393
330
70
100
AcDbEntity
  8
Видимый контур (ISO)
100
AcDbLine
 10
1899.362102071715
 20
6297.246595900916
 30
0.0
 11
1888.015517765553
 21
6797.246464318766
 31
0.0
  0
LINE
  5
394
330
70
100
AcDbEntity
  8
Видимый контур (ISO)
100
AcDbLine
 10
3201.101253747099
 20
5416.138444773934
 30
0.0
 11
1920.016976175466
 21
5387.066575605726
 31
0.0
  0
LINE
  5
395
330
70
100
AcDbEntity
  8
Видимый контур (ISO)
 62
     5
100
AcDbLine
 10
3153.668488959116
 20
5416.422939260826
 30
0.0
 11
3152.338116065258
 21
5475.047301793898
 31
0.0
  0
LINE
  5
396
330
70
100
AcDbEntity
  8
Видимый контур (ISO)
 62
     5
100
AcDbLine
 10
3152.338116065258
 20
5475.047301793898
 30
0.0
 11
3148.339145627967
 21
5474.956552459606
 31
0.0
  0
LINE
  5
397
330
70
100
AcDbEntity
  8
Видимый контур (ISO)
 62
     5
100
AcDbLine
 10
2946.796998384903
 20
6697.86795439941
 30
0.0
 11
2953.310700223236
 21
6704.684154018713
 31
0.0
  0
LINE
  5
398
330
70
100
AcDbEntity
  8
Видимый контур (ISO)
 62
     5
100
AcDbLine
 10
2953.310700223236
 20
6704.684154018713
 30
0.0
 11
2953.991320230418
 21
6674.691875739032
 31
0.0
  0
LINE
  5
399
330
70
100
AcDbEntity
  8
Видимый контур (ISO)
 62
     5
100
AcDbLine
 10
2920.666566586327
 20
6673.935631286608
 30
0.0
 11
2907.336665128692
 21
6673.633133505639
 31
0.0
  0
LINE
  5
39A
330
70
100
AcDbEntity
  8
Видимый контур (ISO)
 62
     5
100
AcDbLine
 10
2907.336665128692
 20
6673.633133505639
 30
0.0
 11
2918.58439445529
 21
6692.226433568237
 31
0.0
  0
ARC
  5
39B
330
70
100
AcDbEntity
  8
Видимый контур (ISO)
 62
     5
100
AcDbCircle
 10
2911.15924028429
 20
6697.427294274415
 30
0.0
 40
9.065421476587705
100
AcDbArc
 50
324.9911376697221
 51
9.536375394454516
  0
ARC
  5
39C
330
70
100
AcDbEntity
  8
Видимый контур (ISO)
 62
     5
100
AcDbCircle
 10
2913.478960993865
 20
6696.81575077973
 30
0.0
 40
6.949578671087168
100
AcDbArc
 50
17.70470848926355
 51
164.895291510754
  0
LINE
  5
39D
330
70
100
AcDbEntity
  8
Видимый контур (ISO)
 62
     5
100
AcDbLine
 10
2930.134621562857
 20
6697.489832173198
 30
0.0
 11
2936.648323401191
 21
6704.306031792501
 31
0.0
  0
LINE
  5
39E
330
70
100
AcDbEntity
  8
Видимый контур (ISO)
 62
     5
100
AcDbLine
 10
2936.648323401191
 20
6704.306031792501
 30
0.0
 11
2937.328943408373
 21
6674.313753512821
 31
0.0
  0
LINE
  5
39F
330
70
100
AcDbEntity
  8
Видимый контур (ISO)
 62
     5
100
AcDbLine
 10
2963.459375206948
 20
6698.246076625622
 30
0.0
 11
2969.973077045282
 21
6705.062276244925
 31
0.0
  0
LINE
  5
3A0
330
70
100
AcDbEntity
  8
Видимый контур (ISO)
 62
     5
100
AcDbLine
 10
2969.973077045282
 20
6705.062276244925
 30
0.0
 11
2970.653697052462
 21
6675.069997965244
 31
0.0
  0
LINE
  5
3A1
330
70
100
AcDbEntity
  8
Видимый контур (ISO)
 62
     5
100
AcDbLine
 10
2657.129659662191
 20
5405.154896919679
 30
0.0
 11
2655.799286768332
 21
5463.779259452752
 31
0.0
  0
LINE
  5
3A2
330
70
100
AcDbEntity
  8
Видимый контур (ISO)
 62
     5
100
AcDbLine
 10
2655.799286768332
 20
5463.779259452752
 30
0.0
 11
2651.800316331041
 21
5463.688510118461
 31
0.0
  0
LINE
  5
3A3
330
70
100
AcDbEntity
  8
Видимый контур (ISO)
 62
     5
100
AcDbLine
 10
2160.590830365264
 20
5393.886854578532
 30
0.0
 11
2159.260457471405
 21
5452.511217111604
 31
0.0
  0
LINE
  5
3A4
330
70
100
AcDbEntity
  8
Видимый контур (ISO)
 62
     5
100
AcDbLine
 10
2159.260457471405
 20
5452.511217111604
 30
0.0
 11
2155.261487034115
 21
5452.420467777313
 31
0.0
  0
ELLIPSE
  5
3A5
330
70
100
AcDbEntity
  8
Видимый контур (ISO)
 62
     5
100
AcDbEllipse
 10
1887.531077877441
 20
6796.555118103313
 30
0.0
 11
-29.99227827968008
 21
-0.6806200071833954
 31
0.0
210
0.0
220
0.0
230
1.0
 40
0.022675736961451
 41
3.14159265358962
 42
4.695721542016278
  0
LINE
  5
3A6
330
70
100
AcDbEntity
  8
Видимый контур (ISO)
 62
     5
100
AcDbLine
 10
1917.523356157121
 20
6797.235738110497
 30
0.0
 11
1917.614082157256
 21
6793.2377959188
 31
0.0
  0
ELLIPSE
  5
3A7
330
70
100
AcDbEntity
  8
Видимый контур (ISO)
 62
     5
100
AcDbEllipse
 10
1898.877662183598
 20
6296.555249685463
 30
0.0
 11
-29.99227827968008
 21
-0.6806200071833965
 31
0.0
210
0.0
220
0.0
230
1.0
 40
0.022675736961451
 41
3.141592653589619
 42
4.695721542016121
  0
LINE
  5
3A8
330
70
100
AcDbEntity
  8
Видимый контур (ISO)
 62
     5
100
AcDbLine
 10
1928.869940463278
 20
6297.235869692648
 30
0.0
 11
1928.960666463413
 21
6293.23792750095
 31
0.0
  0
ELLIPSE
  5
3A9
330
70
100
AcDbEntity
  8
Видимый контур (ISO)
 62
     5
100
AcDbEllipse
 10
1910.224246489756
 20
5796.555381267615
 30
0.0
 11
-29.99227827968008
 21
-0.6806200071833965
 31
0.0
210
0.0
220
0.0
230
1.0
 40
0.022675736961451
 41
3.141592653589619
 42
4.695721542015987
  0
LINE
  5
3AA
330
70
100
AcDbEntity
  8
Видимый контур (ISO)
 62
     5
100
AcDbLine
 10
1940.216524769435
 20
5797.236001274797
 30
0.0
 11
1940.30725076957
 21
5793.238059083101
 31
0.0
  0
LINE
  5
3AB
330
70
100
AcDbEntity
  8
Видимый контур (ISO)
 62
     5
100
AcDbLine
 10
3147.905596831221
 20
5824.642300230715
 30
0.0
 11
3201.101253747099
 21
5825.849478560237
 31
0.0
  0
LINE
  5
3AC
330
70
100
AcDbEntity
  8
Видимый контур (ISO)
 62
     5
100
AcDbLine
 10
3136.559012525064
 20
6324.642168648566
 30
0.0
 11
3201.1012537471
 21
6326.106836996682
 31
0.0
  0
LINE
  5
3AD
330
70
100
AcDbEntity
  8
Видимый контур (ISO)
 62
     5
100
AcDbLine
 10
3125.212428218906
 20
6824.642037066415
 30
0.0
 11
3201.101253747101
 21
6826.364195433129
 31
0.0
  0
LINE
  5
3AE
330
70
100
AcDbEntity
  8
Видимый контур (ISO)
 62
     5
100
AcDbLine
 10
3120.802722399105
 20
6864.689528752447
 30
0.0
 11
3120.122102391922
 21
6894.68180703213
 31
0.0
  0
LINE
  5
3AF
330
70
100
AcDbEntity
  8
Видимый контур (ISO)
 62
     5
100
AcDbLine
 10
3120.802722399105
 20
6864.689528752447
 30
0.0
 11
3116.803751961815
 21
6864.598779418155
 31
0.0
  0
LINE
  5
3B0
330
70
100
AcDbEntity
  8
Видимый контур (ISO)
 62
     5
100
AcDbLine
 10
2624.263893102179
 20
6853.421486411297
 30
0.0
 11
2623.583273094995
 21
6883.413764690982
 31
0.0
  0
LINE
  5
3B1
330
70
100
AcDbEntity
  8
Видимый контур (ISO)
 62
     5
100
AcDbLine
 10
2624.263893102179
 20
6853.421486411297
 30
0.0
 11
2620.264922664889
 21
6853.330737077006
 31
0.0
  0
LINE
  5
3B2
330
70
100
AcDbEntity
  8
Видимый контур (ISO)
 62
     5
100
AcDbLine
 10
2127.725063805253
 20
6842.153444070149
 30
0.0
 11
2127.04444379807
 21
6872.145722349836
 31
0.0
  0
LINE
  5
3B3
330
70
100
AcDbEntity
  8
Видимый контур (ISO)
 62
     5
100
AcDbLine
 10
2127.725063805253
 20
6842.153444070149
 30
0.0
 11
2123.726093367962
 21
6842.062694735858
 31
0.0
  0
MTEXT
  5
CCF
330
70
100
AcDbEntity
  8
Обозначение (ISO)
100
AcDbMText
 10
4115.656617146004
 20
8653.000555629352
 30
0.0
 40
100.0
 41
0.0
 46
0.0
 71
     7
 72
     1
  1
1217-11
  7
Стиль текста72
 11
0.9997693281227631
 21
0.0214776755017593
 31
0.0
 73
     1
 44
1.0
  0
MTEXT
  5
CD7
330
70
100
AcDbEntity
  8
Обозначение (ISO)
100
AcDbMText
 10
3482.827570354229
 20
6159.500683296315
 30
0.0
 40
100.0
 41
0.0
 46
0.0
 71
     7
 72
     1
  1
2111 -1
  7
Стиль текста72
 11
0.9997693281227631
 21
0.0214776755017593
 31
0.0
 73
     1
 44
1.0
  0
ENDSEC
  0
SECTION
  2
OBJECTS
  0
DICTIONARY
  5
C
330
0
100
AcDbDictionary
281
     1
  3
ACAD_CIP_PREVIOUS_PRODUCT_INFO
350
C50
  3
ACAD_COLOR
350
63
  3
ACAD_DETAILVIEWSTYLE
350
6A
  3
ACAD_GROUP
350
D
  3
ACAD_LAYOUT
350
62
  3
ACAD_MATERIAL
350
10
  3
ACAD_MLEADERSTYLE
350
66
  3
ACAD_MLINESTYLE
350
5F
  3
ACAD_PLOTSETTINGS
350
61
  3
ACAD_PLOTSTYLENAME
350
E
  3
ACAD_SCALELIST
350
42
  3
ACAD_SECTIONVIEWSTYLE
350
68
  3
ACAD_TABLESTYLE
350
64
  3
ACAD_VISUALSTYLE
350
29
  3
ACDB_RECOMPOSE_DATA
350
DD2
  3
AcDbVariableDictionary
350
78
  3
AcDsDecomposeData
350
DD8
  0
DICTIONARY
  5
C97
330
2
100
AcDbDictionary
280
     1
281
     1
  3
ACAD_LAYERSTATES
360
C98
  0
DICTIONARY
  5
CC2
330
70
100
AcDbDictionary
280
     1
281
     1
  3
ACAD_SORTENTS
360
CC3
  0
XRECORD
  5
C50
102
{ACAD_REACTORS
330
C
102
}
330
C
100
AcDbXrecord
280
     1
300
ACD
300
2020
300
ACD_F_S
  0
DICTIONARY
  5
63
102
{ACAD_REACTORS
330
C
102
}
330
C
100
AcDbDictionary
281
     1
  0
DICTIONARY
  5
6A
102
{ACAD_REACTORS
330
C
102
}
330
C
100
AcDbDictionary
281
     1
  3
Imperial24
350
6B
  3
Metric50
350
80
  0
DICTIONARY
  5
D
102
{ACAD_REACTORS
330
C
102
}
330
C
100
AcDbDictionary
281
     1
  0
DICTIONARY
  5
62
102
{ACAD_REACTORS
330
C
102
}
330
C
100
AcDbDictionary
281
     1
  3
Model
350
73
  3
Лист1
350
6F
  3
Лист2
350
77
  0
DICTIONARY
  5
10
102
{ACAD_REACTORS
330
C
102
}
330
C
100
AcDbDictionary
281
     1
  3
ByBlock
350
19
  3
ByLayer
350
11
  3
Global
350
21
  0
DICTIONARY
  5
66
102
{ACAD_REACTORS
330
C
102
}
330
C
100
AcDbDictionary
281
     1
  3
Standard
350
67
  0
DICTIONARY
  5
5F
102
{ACAD_REACTORS
330
C
102
}
330
C
100
AcDbDictionary
281
     1
  3
Standard
350
60
  0
DICTIONARY
  5
61
102
{ACAD_REACTORS
330
C
102
}
330
C
100
AcDbDictionary
281
     1
  0
ACDBDICTIONARYWDFLT
  5
E
102
{ACAD_REACTORS
330
C
102
}
330
C
100
AcDbDictionary
281
     1
  3
Normal
350
F
100
AcDbDictionaryWithDefault
340
F
  0
DICTIONARY
  5
42
102
{ACAD_REACTORS
330
C
102
}
330
C
100
AcDbDictionary
281
     1
  3
A0
350
43
  3
A1
350
44
  3
A2
350
45
  3
A3
350
46
  3
A4
350
47
  3
A5
350
48
  3
A6
350
49
  3
A7
350
4A
  3
A8
350
4B
  3
A9
350
4C
  3
B0
350
4D
  3
B1
350
4E
  3
B2
350
4F
  3
B3
350
50
  3
B4
350
51
  3
B5
350
52
  3
B6
350
53
  0
DICTIONARY
  5
68
102
{ACAD_REACTORS
330
C
102
}
330
C
100
AcDbDictionary
281
     1
  3
Imperial24
350
69
  3
Metric50
350
7F
  0
DICTIONARY
  5
64
102
{ACAD_REACTORS
330
C
102
}
330
C
100
AcDbDictionary
281
     1
  3
Standard
350
65
  0
DICTIONARY
  5
29
102
{ACAD_REACTORS
330
C
102
}
330
C
100
AcDbDictionary
281
     1
  3
2dWireframe
350
2F
  3
Basic
350
2E
  3
Brighten
350
35
  3
ColorChange
350
39
  3
Conceptual
350
32
  3
Dim
350
34
  3
EdgeColorOff
350
41
  3
Facepattern
350
38
  3
Flat
350
2A
  3
FlatWithEdges
350
2B
  3
Gouraud
350
2C
  3
GouraudWithEdges
350
2D
  3
Hidden
350
31
  3
JitterOff
350
3F
  3
Linepattern
350
37
  3
OverhangOff
350
40
  3
Realistic
350
33
  3
Shaded
350
3E
  3
Shaded with edges
350
3D
  3
Shades of Gray
350
3A
  3
Sketchy
350
3B
  3
Thicken
350
36
  3
Wireframe
350
30
  3
X-Ray
350
3C
  0
XRECORD
  5
DD2
102
{ACAD_REACTORS
330
C
102
}
330
C
100
AcDbXrecord
280
     1
 90
        1
330
65
  0
DICTIONARY
  5
78
102
{ACAD_REACTORS
330
C
102
}
330
C
100
AcDbDictionary
281
     1
  3
CANNOSCALE
350
7D
  3
CMLEADERSTYLE
350
7A
  3
CTABLESTYLE
350
79
  3
CVIEWDETAILSTYLE
350
7B
  3
CVIEWSECTIONSTYLE
350
7C
  0
DICTIONARY
  5
DD8
102
{ACAD_REACTORS
330
C
102
}
330
C
100
AcDbDictionary
281
     1
  3
AcDsRecords
350
DDA
  3
AcDsSchemas
350
DD9
1001
ACAD
1070
     2
  0
DICTIONARY
  5
C98
102
{ACAD_REACTORS
330
C97
102
}
330
C97
100
AcDbDictionary
281
     1
  0
SORTENTSTABLE
  5
CC3
102
{ACAD_REACTORS
330
CC2
102
}
330
CC2
100
AcDbSortentsTable
330
70
331
CCF
  5
CD7
331
CD7
  5
CD6
  0
ACDBDETAILVIEWSTYLE
  5
6B
102
{ACAD_XDICTIONARY
360
DDD
102
}
102
{ACAD_REACTORS
330
6A
102
}
330
6A
100
AcDbModelDocViewStyle
 70
     0
  3
Imperial24
290
     0
100
AcDbDetailViewStyle
 70
     0
 71
     0
 90
        3
 71
     1
340
55
 62
   256
 40
0.24
340
0
 62
   256
 40
0.24
300

 40
0.36
280
     3
 71
     2
340
5D
 90
       25
 62
   256
 71
     3
340
55
 62
   256
 40
0.24
 90
        1
 40
0.75
 90
        1
300
%<\AcVar ViewType \f "%tc1">% %<\AcVar ViewDetailId>%\PМАСШТАБ %<\AcVar ViewScale \f "%sn">%
 71
     4
340
5D
 90
       25
 62
   256
340
5D
 90
       25
 62
   256
280
     0
  0
ACDBDETAILVIEWSTYLE
  5
80
102
{ACAD_XDICTIONARY
360
DE1
102
}
102
{ACAD_REACTORS
330
6A
102
}
330
6A
100
AcDbModelDocViewStyle
 70
     0
  3
Metric50
290
     0
100
AcDbDetailViewStyle
 70
     0
 71
     0
 90
        3
 71
     1
340
55
 62
   256
 40
5.0
340
0
 62
   256
 40
5.0
300

 40
0.0
280
     1
 71
     2
340
5D
 90
       25
 62
   256
 71
     3
340
55
 62
   256
 40
5.0
 90
        0
 40
15.0
 90
        1
300
%<\AcVar ViewDetailId>% (%<\AcVar ViewScale \f "%sn">%)
 71
     4
340
5D
 90
       25
 62
   256
340
5D
 90
       25
 62
   256
280
     0
  0
LAYOUT
  5
73
102
{ACAD_REACTORS
330
62
102
}
330
62
100
AcDbPlotSettings
  1

  2

  4

  6

 40
0.0
 41
0.0
 42
0.0
 43
0.0
 44
0.0
 45
0.0
 46
0.0
 47
0.0
 48
0.0
 49
0.0
140
0.0
141
0.0
142
1.0
143
1.0
 70
  1712
 72
     0
 73
     0
 74
     0
  7

 75
     0
147
1.0
 76
     0
 77
     2
 78
   300
148
0.0
149
0.0
100
AcDbLayout
  1
Model
 70
     1
 71
     0
 10
0.0
 20
0.0
 11
12.0
 21
9.0
 12
0.0
 22
0.0
 32
0.0
 14
0.0
 24
0.0
 34
0.0
 15
0.0
 25
0.0
 35
0.0
146
0.0
 13
0.0
 23
0.0
 33
0.0
 16
1.0
 26
0.0
 36
0.0
 17
0.0
 27
1.0
 37
0.0
 76
     0
330
70
331
57
  0
LAYOUT
  5
6F
102
{ACAD_REACTORS
330
62
102
}
330
62
100
AcDbPlotSettings
  1

  2

  4

  6

 40
0.0
 41
0.0
 42
0.0
 43
0.0
 44
0.0
 45
0.0
 46
0.0
 47
0.0
 48
0.0
 49
0.0
140
0.0
141
0.0
142
1.0
143
1.0
 70
   688
 72
     0
 73
     0
 74
     5
  7

 75
    16
147
1.0
 76
     0
 77
     2
 78
   300
148
0.0
149
0.0
100
AcDbLayout
  1
Лист1
 70
     1
 71
     1
 10
0.0
 20
0.0
 11
12000.0
 21
12000.0
 12
0.0
 22
0.0
 32
0.0
 14
0.0
 24
0.0
 34
0.0
 15
12000.0
 25
12000.0
 35
0.0
146
0.0
 13
0.0
 23
0.0
 33
0.0
 16
1.0
 26
0.0
 36
0.0
 17
0.0
 27
1.0
 37
0.0
 76
     0
330
6C
  0
LAYOUT
  5
77
102
{ACAD_REACTORS
330
62
102
}
330
62
100
AcDbPlotSettings
  1

  2

  4

  6

 40
0.0
 41
0.0
 42
0.0
 43
0.0
 44
0.0
 45
0.0
 46
0.0
 47
0.0
 48
0.0
 49
0.0
140
0.0
141
0.0
142
1.0
143
1.0
 70
   688
 72
     0
 73
     0
 74
     5
  7

 75
    16
147
1.0
 76
     0
 77
     2
 78
   300
148
0.0
149
0.0
100
AcDbLayout
  1
Лист2
 70
     1
 71
     2
 10
0.0
 20
0.0
 11
12.0
 21
9.0
 12
0.0
 22
0.0
 32
0.0
 14
0.0
 24
0.0
 34
0.0
 15
0.0
 25
0.0
 35
0.0
146
0.0
 13
0.0
 23
0.0
 33
0.0
 16
1.0
 26
0.0
 36
0.0
 17
0.0
 27
1.0
 37
0.0
 76
     0
330
74
  0
MATERIAL
  5
19
102
{ACAD_XDICTIONARY
360
1A
102
}
102
{ACAD_REACTORS
330
10
102
}
330
10
100
AcDbMaterial
  1
ByBlock
 72
     0
 43
0.0208333333333333
 43
0.0
 43
0.0
 43
0.0
 43
0.0
 43
0.0208333333333333
 43
0.0
 43
0.0
 43
0.0
 43
0.0
 43
1.0
 43
0.0
 43
0.0
 43
0.0
 43
0.0
 43
1.0
 77
     0
 47
0.0208333333333333
 47
0.0
 47
0.0
 47
0.0
 47
0.0
 47
0.0208333333333333
 47
0.0
 47
0.0
 47
0.0
 47
0.0
 47
1.0
 47
0.0
 47
0.0
 47
0.0
 47
0.0
 47
1.0
171
     0
 49
0.0208333333333333
 49
0.0
 49
0.0
 49
0.0
 49
0.0
 49
0.0208333333333333
 49
0.0
 49
0.0
 49
0.0
 49
0.0
 49
1.0
 49
0.0
 49
0.0
 49
0.0
 49
0.0
 49
1.0
175
     0
142
0.0208333333333333
142
0.0
142
0.0
142
0.0
142
0.0
142
0.0208333333333333
142
0.0
142
0.0
142
0.0
142
0.0
142
1.0
142
0.0
142
0.0
142
0.0
142
0.0
142
1.0
179
     0
144
0.0208333333333333
144
0.0
144
0.0
144
0.0
144
0.0
144
0.0208333333333333
144
0.0
144
0.0
144
0.0
144
0.0
144
1.0
144
0.0
144
0.0
144
0.0
144
0.0
144
1.0
147
0.0208333333333333
147
0.0
147
0.0
147
0.0
147
0.0
147
0.0208333333333333
147
0.0
147
0.0
147
0.0
147
0.0
147
1.0
147
0.0
147
0.0
147
0.0
147
0.0
147
1.0
  0
MATERIAL
  5
11
102
{ACAD_XDICTIONARY
360
12
102
}
102
{ACAD_REACTORS
330
10
102
}
330
10
100
AcDbMaterial
  1
ByLayer
 72
     0
 43
0.0208333333333333
 43
0.0
 43
0.0
 43
0.0
 43
0.0
 43
0.0208333333333333
 43
0.0
 43
0.0
 43
0.0
 43
0.0
 43
1.0
 43
0.0
 43
0.0
 43
0.0
 43
0.0
 43
1.0
 77
     0
 47
0.0208333333333333
 47
0.0
 47
0.0
 47
0.0
 47
0.0
 47
0.0208333333333333
 47
0.0
 47
0.0
 47
0.0
 47
0.0
 47
1.0
 47
0.0
 47
0.0
 47
0.0
 47
0.0
 47
1.0
171
     0
 49
0.0208333333333333
 49
0.0
 49
0.0
 49
0.0
 49
0.0
 49
0.0208333333333333
 49
0.0
 49
0.0
 49
0.0
 49
0.0
 49
1.0
 49
0.0
 49
0.0
 49
0.0
 49
0.0
 49
1.0
175
     0
142
0.0208333333333333
142
0.0
142
0.0
142
0.0
142
0.0
142
0.0208333333333333
142
0.0
142
0.0
142
0.0
142
0.0
142
1.0
142
0.0
142
0.0
142
0.0
142
0.0
142
1.0
179
     0
144
0.0208333333333333
144
0.0
144
0.0
144
0.0
144
0.0
144
0.0208333333333333
144
0.0
144
0.0
144
0.0
144
0.0
144
1.0
144
0.0
144
0.0
144
0.0
144
0.0
144
1.0
147
0.0208333333333333
147
0.0
147
0.0
147
0.0
147
0.0
147
0.0208333333333333
147
0.0
147
0.0
147
0.0
147
0.0
147
1.0
147
0.0
147
0.0
147
0.0
147
0.0
147
1.0
  0
MATERIAL
  5
21
102
{ACAD_XDICTIONARY
360
22
102
}
102
{ACAD_REACTORS
330
10
102
}
330
10
100
AcDbMaterial
  1
Global
 72
     0
 43
0.0208333333333333
 43
0.0
 43
0.0
 43
0.0
 43
0.0
 43
0.0208333333333333
 43
0.0
 43
0.0
 43
0.0
 43
0.0
 43
1.0
 43
0.0
 43
0.0
 43
0.0
 43
0.0
 43
1.0
 77
     0
 47
0.0208333333333333
 47
0.0
 47
0.0
 47
0.0
 47
0.0
 47
0.0208333333333333
 47
0.0
 47
0.0
 47
0.0
 47
0.0
 47
1.0
 47
0.0
 47
0.0
 47
0.0
 47
0.0
 47
1.0
171
     0
 49
0.0208333333333333
 49
0.0
 49
0.0
 49
0.0
 49
0.0
 49
0.0208333333333333
 49
0.0
 49
0.0
 49
0.0
 49
0.0
 49
1.0
 49
0.0
 49
0.0
 49
0.0
 49
0.0
 49
1.0
175
     0
142
0.0208333333333333
142
0.0
142
0.0
142
0.0
142
0.0
142
0.0208333333333333
142
0.0
142
0.0
142
0.0
142
0.0
142
1.0
142
0.0
142
0.0
142
0.0
142
0.0
142
1.0
179
     0
144
0.0208333333333333
144
0.0
144
0.0
144
0.0
144
0.0
144
0.0208333333333333
144
0.0
144
0.0
144
0.0
144
0.0
144
1.0
144
0.0
144
0.0
144
0.0
144
0.0
144
1.0
147
0.0208333333333333
147
0.0
147
0.0
147
0.0
147
0.0
147
0.0208333333333333
147
0.0
147
0.0
147
0.0
147
0.0
147
1.0
147
0.0
147
0.0
147
0.0
147
0.0
147
1.0
  0
MLEADERSTYLE
  5
67
102
{ACAD_REACTORS
330
66
102
}
330
66
100
AcDbMLeaderStyle
179
     2
170
     2
171
     1
172
     0
 90
        2
 40
0.0
 41
0.0
173
     1
 91
-1056964608
340
5B
 92
       -2
290
     1
 42
0.09
291
     1
 43
0.36
  3
Standard
 44
0.18
300

342
55
174
     1
178
     6
175
     1
176
     0
 93
-1056964608
 45
0.18
292
     0
297
     0
 46
0.18
 94
-1056964608
 47
1.0
 49
1.0
140
1.0
293
     1
141
0.0
294
     1
177
     0
142
1.0
295
     0
296
     0
143
0.125
271
     0
272
     9
273
     9
298
     1
  0
MLINESTYLE
  5
60
102
{ACAD_REACTORS
330
5F
102
}
330
5F
100
AcDbMlineStyle
  2
STANDARD
 70
     0
  3

 62
   256
 51
90.0
 52
90.0
 71
     2
 49
0.5
 62
   256
  6
BYLAYER
 49
-0.5
 62
   256
  6
BYLAYER
  0
ACDBPLACEHOLDER
  5
F
102
{ACAD_REACTORS
330
E
102
}
330
E
  0
SCALE
  5
43
102
{ACAD_REACTORS
330
42
102
}
330
42
100
AcDbScale
 70
     0
300
1:1
140
1.0
141
1.0
290
     1
  0
SCALE
  5
44
102
{ACAD_REACTORS
330
42
102
}
330
42
100
AcDbScale
 70
     0
300
1/128" = 1'-0"
140
0.0078125
141
12.0
290
     0
  0
SCALE
  5
45
102
{ACAD_REACTORS
330
42
102
}
330
42
100
AcDbScale
 70
     0
300
1/64" = 1'-0"
140
0.015625
141
12.0
290
     0
  0
SCALE
  5
46
102
{ACAD_REACTORS
330
42
102
}
330
42
100
AcDbScale
 70
     0
300
1/32" = 1'-0"
140
0.03125
141
12.0
290
     0
  0
SCALE
  5
47
102
{ACAD_REACTORS
330
42
102
}
330
42
100
AcDbScale
 70
     0
300
1/16" = 1'-0"
140
0.0625
141
12.0
290
     0
  0
SCALE
  5
48
102
{ACAD_REACTORS
330
42
102
}
330
42
100
AcDbScale
 70
     0
300
3/32" = 1'-0"
140
0.09375
141
12.0
290
     0
  0
SCALE
  5
49
102
{ACAD_REACTORS
330
42
102
}
330
42
100
AcDbScale
 70
     0
300
1/8" = 1'-0"
140
0.125
141
12.0
290
     0
  0
SCALE
  5
4A
102
{ACAD_REACTORS
330
42
102
}
330
42
100
AcDbScale
 70
     0
300
3/16" = 1'-0"
140
0.1875
141
12.0
290
     0
  0
SCALE
  5
4B
102
{ACAD_REACTORS
330
42
102
}
330
42
100
AcDbScale
 70
     0
300
1/4" = 1'-0"
140
0.25
141
12.0
290
     0
  0
SCALE
  5
4C
102
{ACAD_REACTORS
330
42
102
}
330
42
100
AcDbScale
 70
     0
300
3/8" = 1'-0"
140
0.375
141
12.0
290
     0
  0
SCALE
  5
4D
102
{ACAD_REACTORS
330
42
102
}
330
42
100
AcDbScale
 70
     0
300
1/2" = 1'-0"
140
0.5
141
12.0
290
     0
  0
SCALE
  5
4E
102
{ACAD_REACTORS
330
42
102
}
330
42
100
AcDbScale
 70
     0
300
3/4" = 1'-0"
140
0.75
141
12.0
290
     0
  0
SCALE
  5
4F
102
{ACAD_REACTORS
330
42
102
}
330
42
100
AcDbScale
 70
     0
300
1" = 1'-0"
140
1.0
141
12.0
290
     0
  0
SCALE
  5
50
102
{ACAD_REACTORS
330
42
102
}
330
42
100
AcDbScale
 70
     0
300
1-1/2" = 1'-0"
140
1.5
141
12.0
290
     0
  0
SCALE
  5
51
102
{ACAD_REACTORS
330
42
102
}
330
42
100
AcDbScale
 70
     0
300
3" = 1'-0"
140
3.0
141
12.0
290
     0
  0
SCALE
  5
52
102
{ACAD_REACTORS
330
42
102
}
330
42
100
AcDbScale
 70
     0
300
6" = 1'-0"
140
6.0
141
12.0
290
     0
  0
SCALE
  5
53
102
{ACAD_REACTORS
330
42
102
}
330
42
100
AcDbScale
 70
     0
300
1'-0" = 1'-0"
140
12.0
141
12.0
290
     0
  0
ACDBSECTIONVIEWSTYLE
  5
69
102
{ACAD_XDICTIONARY
360
DDB
102
}
102
{ACAD_REACTORS
330
68
102
}
330
68
100
AcDbModelDocViewStyle
 70
     0
  3
Imperial24
290
     0
100
AcDbSectionViewStyle
 70
     0
 71
     0
 90
       78
 71
     1
340
55
 62
   256
 40
0.24
340
0
340
0
 62
   256
 40
0.24
300
I, O, Q, S, X, Z
 40
0.48
 90
        3
 40
0.18
 90
        1
 71
     2
340
5D
 90
       25
 62
   256
340
5D
 90
       50
 62
   256
 40
0.24
 40
0.0
 40
0.24
 71
     3
340
55
 62
   256
 40
0.24
 90
        1
 40
0.75
 90
        1
300
%<\AcVar ViewType \f "%tc1">% %<\AcVar ViewSectionStartId>%-%<\AcVar ViewSectionEndId>%\PМАСШТАБ %<\AcVar ViewScale \f "%sn">%
 71
     4
 62
   256
 62
   257
300
ANSI31
 40
1.0
 90
        0
290
     0
290
     0
 90
        6
 40
0.0
 40
1.570796326794896
 40
0.2617993877991494
 40
1.308996938995747
 40
-0.2617993877991494
 40
1.832595714594046
  0
ACDBSECTIONVIEWSTYLE
  5
7F
102
{ACAD_XDICTIONARY
360
DDF
102
}
102
{ACAD_REACTORS
330
68
102
}
330
68
100
AcDbModelDocViewStyle
 70
     0
  3
Metric50
290
     0
100
AcDbSectionViewStyle
 70
     0
 71
     0
 90
      102
 71
     1
340
55
 62
   256
 40
5.0
340
0
340
0
 62
   256
 40
5.0
300
I, O, Q, S, X, Z
 40
10.0
 90
        0
 40
2.5
 90
        0
 71
     2
340
5D
 90
       25
 62
   256
340
5D
 90
       50
 62
   256
 40
5.0
 40
2.5
 40
5.0
 71
     3
340
55
 62
   256
 40
5.0
 90
        0
 40
15.0
 90
        1
300
%<\AcVar ViewSectionStartId>%-%<\AcVar ViewSectionEndId>% (%<\AcVar ViewScale \f "%sn">%)
 71
     4
 62
   256
 62
   257
300
ANSI31
 40
1.0
 90
        0
290
     0
290
     0
 90
        6
 40
0.0
 40
1.570796326794896
 40
0.2617993877991494
 40
1.308996938995747
 40
-0.2617993877991494
 40
1.832595714594046
  0
TABLESTYLE
  5
65
102
{ACAD_XDICTIONARY
360
DD0
102
}
102
{ACAD_REACTORS
330
64
102
}
330
64
100
AcDbTableStyle
280
     0
  3
Standard
 70
     0
 71
     0
 40
0.06
 41
0.06
280
     0
281
     0
  7
Standard
140
0.18
170
     2
 62
     0
 63
     7
283
     0
 90
      512
 91
        0
  1

274
    -2
284
     1
 64
     0
275
    -2
285
     1
 65
     0
276
    -2
286
     1
 66
     0
277
    -2
287
     1
 67
     0
278
    -2
288
     1
 68
     0
279
    -2
289
     1
 69
     0
  7
Standard
140
0.25
170
     5
 62
     0
 63
     7
283
     0
 90
      512
 91
        0
  1

274
    -2
284
     1
 64
     0
275
    -2
285
     1
 65
     0
276
    -2
286
     1
 66
     0
277
    -2
287
     1
 67
     0
278
    -2
288
     1
 68
     0
279
    -2
289
     1
 69
     0
  7
Standard
140
0.18
170
     5
 62
     0
 63
     7
283
     0
 90
      512
 91
        0
  1

274
    -2
284
     1
 64
     0
275
    -2
285
     1
 65
     0
276
    -2
286
     1
 66
     0
277
    -2
287
     1
 67
     0
278
    -2
288
     1
 68
     0
279
    -2
289
     1
 69
     0
  0
VISUALSTYLE
  5
2F
102
{ACAD_REACTORS
330
29
102
}
330
29
100
AcDbVisualStyle
  2
2dWireframe
 70
     4
177
     3
291
     0
 70
    58
 90
        0
176
     1
 90
        2
176
     1
 90
        0
176
     1
 90
        0
176
     1
 40
0.6
176
     1
 40
30.0
176
     1
 62
     7
420
 16777215
176
     1
 90
        1
176
     1
 90
        4
176
     1
 62
     7
176
     1
 62
   257
176
     1
 90
        1
176
     1
 90
        1
176
     1
 40
1.0
176
     1
 90
        0
176
     1
 62
   257
176
     1
 40
1.0
176
     1
 90
        1
176
     1
 90
        6
176
     1
 90
        2
176
     1
 62
     7
176
     1
 90
        5
176
     1
 90
        0
176
     1
 90
        0
176
     1
290
     0
176
     1
 90
        1
176
     1
 40
0.0
176
     1
 90
        0
176
     1
290
     1
176
     1
290
     1
176
     1
290
     0
176
     1
290
     0
176
     1
290
     0
176
     1
290
     0
176
     1
290
     0
176
     1
290
     0
176
     1
290
     0
176
     1
 90
       50
176
     1
 40
0.0
176
     1
 40
1.0
176
     1
 90
        0
176
     1
 62
    18
420
        0
176
     1
 90
       50
176
     1
 90
        3
176
     1
 62
     5
420
      255
176
     1
290
     0
176
     1
 90
       50
176
     1
 90
       50
176
     1
 90
       50
176
     1
290
     0
176
     1
 90
       50
176
     1
 62
   256
176
     0
 40
1.0
176
     0
 90
        2
176
     1
  1
strokes_ogs.tif
176
     1
290
     0
176
     1
 40
1.0
176
     1
 40
1.0
176
     1
1001
ACAD
1000
AcDbSavedByObjectVersion
1070
     0
  0
VISUALSTYLE
  5
2E
102
{ACAD_REACTORS
330
29
102
}
330
29
100
AcDbVisualStyle
  2
Basic
 70
     7
177
     3
291
     1
 70
    58
 90
        1
176
     1
 90
        0
176
     1
 90
        1
176
     1
 90
        0
176
     1
 40
0.6
176
     1
 40
30.0
176
     1
 62
     7
420
 16777215
176
     1
 90
        0
176
     1
 90
        4
176
     1
 62
     7
176
     1
 62
   257
176
     1
 90
        1
176
     1
 90
        1
176
     1
 40
1.0
176
     1
 90
        8
176
     1
 62
     7
176
     1
 40
1.0
176
     1
 90
        1
176
     1
 90
        6
176
     1
 90
        2
176
     1
 62
     7
176
     1
 90
        5
176
     1
 90
        0
176
     1
 90
        0
176
     1
290
     0
176
     1
 90
        1
176
     1
 40
0.0
176
     1
 90
        0
176
     1
290
     0
176
     1
290
     1
176
     1
290
     1
176
     1
290
     0
176
     1
290
     0
176
     1
290
     0
176
     1
290
     0
176
     1
290
     0
176
     1
290
     0
176
     1
 90
       50
176
     1
 40
0.0
176
     1
 40
1.0
176
     1
 90
        0
176
     1
 62
    18
420
        0
176
     1
 90
       50
176
     1
 90
        3
176
     1
 62
     5
420
      255
176
     1
290
     0
176
     1
 90
       50
176
     1
 90
       50
176
     1
 90
       50
176
     1
290
     0
176
     1
 90
       50
176
     1
 62
   256
176
     0
 40
1.0
176
     0
 90
        2
176
     1
  1
strokes_ogs.tif
176
     1
290
     0
176
     1
 40
1.0
176
     1
 40
1.0
176
     1
1001
ACAD
1000
AcDbSavedByObjectVersion
1070
     0
  0
VISUALSTYLE
  5
35
102
{ACAD_REACTORS
330
29
102
}
330
29
100
AcDbVisualStyle
  2
Brighten
 70
    12
177
     3
291
     1
 70
    58
 90
        2
176
     1
 90
        2
176
     1
 90
        0
176
     1
 90
        0
176
     1
 40
0.6
176
     1
 40
30.0
176
     1
 62
     7
420
 16777215
176
     1
 90
        1
176
     1
 90
        4
176
     1
 62
     7
176
     1
 62
   257
176
     1
 90
        1
176
     1
 90
        1
176
     1
 40
1.0
176
     1
 90
        8
176
     1
 62
     7
176
     1
 40
1.0
176
     1
 90
        1
176
     1
 90
        6
176
     1
 90
        2
176
     1
 62
     7
176
     1
 90
        5
176
     1
 90
        0
176
     1
 90
        0
176
     1
290
     0
176
     1
 90
        1
176
     1
 40
50.0
176
     1
 90
        0
176
     1
290
     0
176
     1
290
     1
176
     1
290
     1
176
     1
290
     0
176
     1
290
     0
176
     1
290
     0
176
     1
290
     0
176
     1
290
     0
176
     1
290
     0
176
     1
 90
       50
176
     1
 40
0.0
176
     1
 40
1.0
176
     1
 90
        0
176
     1
 62
    18
420
        0
176
     1
 90
       50
176
     1
 90
        3
176
     1
 62
     5
420
      255
176
     1
290
     0
176
     1
 90
       50
176
     1
 90
       50
176
     1
 90
       50
176
     1
290
     0
176
     1
 90
       50
176
     1
 62
   256
176
     0
 40
1.0
176
     0
 90
        2
176
     1
  1
strokes_ogs.tif
176
     1
290
     0
176
     1
 40
1.0
176
     1
 40
1.0
176
     1
1001
ACAD
1000
AcDbSavedByObjectVersion
1070
     0
  0
VISUALSTYLE
  5
39
102
{ACAD_REACTORS
330
29
102
}
330
29
100
AcDbVisualStyle
  2
ColorChange
 70
    16
177
     3
291
     1
 70
    58
 90
        2
176
     1
 90
        2
176
     1
 90
        3
176
     1
 90
        0
176
     1
 40
0.6
176
     1
 40
30.0
176
     1
 62
     8
420
  8421504
176
     1
 90
        1
176
     1
 90
        4
176
     1
 62
     7
176
     1
 62
   257
176
     1
 90
        1
176
     1
 90
        1
176
     1
 40
1.0
176
     1
 90
        8
176
     1
 62
     8
420
  8421504
176
     1
 40
1.0
176
     1
 90
        1
176
     1
 90
        6
176
     1
 90
        2
176
     1
 62
     7
176
     1
 90
        5
176
     1
 90
        0
176
     1
 90
        0
176
     1
290
     0
176
     1
 90
        1
176
     1
 40
0.0
176
     1
 90
        0
176
     1
290
     0
176
     1
290
     1
176
     1
290
     1
176
     1
290
     0
176
     1
290
     0
176
     1
290
     0
176
     1
290
     0
176
     1
290
     0
176
     1
290
     0
176
     1
 90
       50
176
     1
 40
0.0
176
     1
 40
1.0
176
     1
 90
        0
176
     1
 62
    18
420
        0
176
     1
 90
       50
176
     1
 90
        3
176
     1
 62
     5
420
      255
176
     1
290
     0
176
     1
 90
       50
176
     1
 90
       50
176
     1
 90
       50
176
     1
290
     0
176
     1
 90
       50
176
     1
 62
   256
176
     0
 40
1.0
176
     0
 90
        2
176
     1
  1
strokes_ogs.tif
176
     1
290
     0
176
     1
 40
1.0
176
     1
 40
1.0
176
     1
1001
ACAD
1000
AcDbSavedByObjectVersion
1070
     0
  0
VISUALSTYLE
  5
32
102
{ACAD_REACTORS
330
29
102
}
330
29
100
AcDbVisualStyle
  2
Conceptual
 70
     9
177
     3
291
     0
 70
    58
 90
        3
176
     1
 90
        2
176
     1
 90
        0
176
     1
 90
        0
176
     1
 40
0.6
176
     1
 40
30.0
176
     1
 62
     7
420
 16777215
176
     1
 90
        2
176
     1
 90
        2
176
     1
 62
     7
176
     1
 62
   257
176
     1
 90
        1
176
     1
 90
        1
176
     1
 40
179.0
176
     1
 90
        8
176
     1
 62
     7
176
     1
 40
1.0
176
     1
 90
        1
176
     1
 90
        6
176
     1
 90
        2
176
     1
 62
     7
176
     1
 90
        3
176
     1
 90
        0
176
     1
 90
        0
176
     1
290
     0
176
     1
 90
        1
176
     1
 40
0.0
176
     1
 90
        0
176
     1
290
     0
176
     1
290
     1
176
     1
290
     1
176
     1
290
     0
176
     1
290
     0
176
     1
290
     0
176
     1
290
     0
176
     1
290
     0
176
     1
290
     0
176
     1
 90
       50
176
     1
 40
0.0
176
     1
 40
1.0
176
     1
 90
        0
176
     1
 62
    18
420
        0
176
     1
 90
       50
176
     1
 90
        3
176
     1
 62
     5
420
      255
176
     1
290
     0
176
     1
 90
       50
176
     1
 90
       50
176
     1
 90
       50
176
     1
290
     0
176
     1
 90
       50
176
     1
 62
   256
176
     0
 40
1.0
176
     0
 90
        2
176
     1
  1
strokes_ogs.tif
176
     1
290
     0
176
     1
 40
1.0
176
     1
 40
1.0
176
     1
1001
ACAD
1000
AcDbSavedByObjectVersion
1070
     0
  0
VISUALSTYLE
  5
34
102
{ACAD_REACTORS
330
29
102
}
330
29
100
AcDbVisualStyle
  2
Dim
 70
    11
177
     3
291
     1
 70
    58
 90
        2
176
     1
 90
        2
176
     1
 90
        0
176
     1
 90
        0
176
     1
 40
0.6
176
     1
 40
30.0
176
     1
 62
     7
420
 16777215
176
     1
 90
        1
176
     1
 90
        4
176
     1
 62
     7
176
     1
 62
   257
176
     1
 90
        1
176
     1
 90
        1
176
     1
 40
1.0
176
     1
 90
        8
176
     1
 62
     7
176
     1
 40
1.0
176
     1
 90
        1
176
     1
 90
        6
176
     1
 90
        2
176
     1
 62
     7
176
     1
 90
        5
176
     1
 90
        0
176
     1
 90
        0
176
     1
290
     0
176
     1
 90
        1
176
     1
 40
-50.0
176
     1
 90
        0
176
     1
290
     0
176
     1
290
     1
176
     1
290
     1
176
     1
290
     0
176
     1
290
     0
176
     1
290
     0
176
     1
290
     0
176
     1
290
     0
176
     1
290
     0
176
     1
 90
       50
176
     1
 40
0.0
176
     1
 40
1.0
176
     1
 90
        0
176
     1
 62
    18
420
        0
176
     1
 90
       50
176
     1
 90
        3
176
     1
 62
     5
420
      255
176
     1
290
     0
176
     1
 90
       50
176
     1
 90
       50
176
     1
 90
       50
176
     1
290
     0
176
     1
 90
       50
176
     1
 62
   256
176
     0
 40
1.0
176
     0
 90
        2
176
     1
  1
strokes_ogs.tif
176
     1
290
     0
176
     1
 40
1.0
176
     1
 40
1.0
176
     1
1001
ACAD
1000
AcDbSavedByObjectVersion
1070
     0
  0
VISUALSTYLE
  5
41
102
{ACAD_REACTORS
330
29
102
}
330
29
100
AcDbVisualStyle
  2
EdgeColorOff
 70
    22
177
     3
291
     1
 70
    58
 90
        2
176
     0
 90
        2
176
     0
 90
        0
176
     0
 90
        0
176
     0
 40
0.6
176
     0
 40
30.0
176
     0
 62
     7
420
 16777215
176
     0
 90
        1
176
     0
 90
        4
176
     0
 62
     7
176
     0
 62
   257
176
     0
 90
        1
176
     0
 90
        1
176
     0
 40
1.0
176
     0
 90
        8
176
     2
 62
     7
176
     0
 40
1.0
176
     0
 90
        1
176
     0
 90
        6
176
     0
 90
        2
176
     0
 62
     7
176
     0
 90
        5
176
     0
 90
        0
176
     0
 90
        0
176
     0
290
     0
176
     0
 90
        1
176
     0
 40
0.0
176
     0
 90
        0
176
     0
290
     0
176
     0
290
     1
176
     0
290
     1
176
     0
290
     0
176
     0
290
     0
176
     0
290
     0
176
     0
290
     0
176
     0
290
     0
176
     0
290
     0
176
     0
 90
       50
176
     0
 40
0.0
176
     0
 40
1.0
176
     0
 90
        0
176
     0
 62
    18
420
        0
176
     0
 90
       50
176
     0
 90
        3
176
     0
 62
     5
420
      255
176
     0
290
     0
176
     0
 90
       50
176
     0
 90
       50
176
     0
 90
       50
176
     0
290
     0
176
     0
 90
       50
176
     0
 62
   256
176
     0
 40
1.0
176
     0
 90
        2
176
     0
  1
strokes_ogs.tif
176
     0
290
     0
176
     0
 40
1.0
176
     0
 40
1.0
176
     0
1001
ACAD
1000
AcDbSavedByObjectVersion
1070
     0
  0
VISUALSTYLE
  5
38
102
{ACAD_REACTORS
330
29
102
}
330
29
100
AcDbVisualStyle
  2
Facepattern
 70
    15
177
     3
291
     1
 70
    58
 90
        2
176
     1
 90
        2
176
     1
 90
        0
176
     1
 90
        0
176
     1
 40
0.6
176
     1
 40
30.0
176
     1
 62
     7
420
 16777215
176
     1
 90
        1
176
     1
 90
        4
176
     1
 62
     7
176
     1
 62
   257
176
     1
 90
        1
176
     1
 90
        1
176
     1
 40
1.0
176
     1
 90
        8
176
     1
 62
     7
176
     1
 40
1.0
176
     1
 90
        1
176
     1
 90
        6
176
     1
 90
        2
176
     1
 62
     7
176
     1
 90
        5
176
     1
 90
        0
176
     1
 90
        0
176
     1
290
     0
176
     1
 90
        1
176
     1
 40
0.0
176
     1
 90
        0
176
     1
290
     0
176
     1
290
     1
176
     1
290
     1
176
     1
290
     0
176
     1
290
     0
176
     1
290
     0
176
     1
290
     0
176
     1
290
     0
176
     1
290
     0
176
     1
 90
       50
176
     1
 40
0.0
176
     1
 40
1.0
176
     1
 90
        0
176
     1
 62
    18
420
        0
176
     1
 90
       50
176
     1
 90
        3
176
     1
 62
     5
420
      255
176
     1
290
     0
176
     1
 90
       50
176
     1
 90
       50
176
     1
 90
       50
176
     1
290
     0
176
     1
 90
       50
176
     1
 62
   256
176
     0
 40
1.0
176
     0
 90
        2
176
     1
  1
strokes_ogs.tif
176
     1
290
     0
176
     1
 40
1.0
176
     1
 40
1.0
176
     1
1001
ACAD
1000
AcDbSavedByObjectVersion
1070
     0
  0
VISUALSTYLE
  5
2A
102
{ACAD_REACTORS
330
29
102
}
330
29
100
AcDbVisualStyle
  2
Flat
 70
     0
177
     3
291
     1
 70
    58
 90
        2
176
     1
 90
        1
176
     1
 90
        1
176
     1
 90
        2
176
     1
 40
0.6
176
     1
 40
30.0
176
     1
 62
     7
420
 16777215
176
     1
 90
        0
176
     1
 90
        0
176
     1
 62
     7
176
     1
 62
   257
176
     1
 90
        1
176
     1
 90
        1
176
     1
 40
1.0
176
     1
 90
        8
176
     1
 62
     7
176
     1
 40
1.0
176
     1
 90
        1
176
     1
 90
        6
176
     1
 90
        2
176
     1
 62
     7
176
     1
 90
        5
176
     1
 90
        0
176
     1
 90
        0
176
     1
290
     0
176
     1
 90
       13
176
     1
 40
0.0
176
     1
 90
        0
176
     1
290
     0
176
     1
290
     1
176
     1
290
     1
176
     1
290
     0
176
     1
290
     0
176
     1
290
     0
176
     1
290
     0
176
     1
290
     0
176
     1
290
     0
176
     1
 90
       50
176
     1
 40
0.0
176
     1
 40
1.0
176
     1
 90
        0
176
     1
 62
    18
420
        0
176
     1
 90
       50
176
     1
 90
        3
176
     1
 62
     5
420
      255
176
     1
290
     0
176
     1
 90
       50
176
     1
 90
       50
176
     1
 90
       50
176
     1
290
     0
176
     1
 90
       50
176
     1
 62
   256
176
     0
 40
1.0
176
     0
 90
        2
176
     1
  1
strokes_ogs.tif
176
     1
290
     0
176
     1
 40
1.0
176
     1
 40
1.0
176
     1
1001
ACAD
1000
AcDbSavedByObjectVersion
1070
     0
  0
VISUALSTYLE
  5
2B
102
{ACAD_REACTORS
330
29
102
}
330
29
100
AcDbVisualStyle
  2
FlatWithEdges
 70
     1
177
     3
291
     1
 70
    58
 90
        2
176
     1
 90
        1
176
     1
 90
        1
176
     1
 90
        2
176
     1
 40
0.6
176
     1
 40
30.0
176
     1
 62
     7
420
 16777215
176
     1
 90
        1
176
     1
 90
        0
176
     1
 62
     7
176
     1
 62
   257
176
     1
 90
        1
176
     1
 90
        1
176
     1
 40
1.0
176
     1
 90
        0
176
     1
 62
   257
176
     1
 40
1.0
176
     1
 90
        1
176
     1
 90
        6
176
     1
 90
        2
176
     1
 62
     7
176
     1
 90
        5
176
     1
 90
        0
176
     1
 90
        0
176
     1
290
     0
176
     1
 90
       13
176
     1
 40
0.0
176
     1
 90
        0
176
     1
290
     0
176
     1
290
     1
176
     1
290
     1
176
     1
290
     0
176
     1
290
     0
176
     1
290
     0
176
     1
290
     0
176
     1
290
     0
176
     1
290
     0
176
     1
 90
       50
176
     1
 40
0.0
176
     1
 40
1.0
176
     1
 90
        0
176
     1
 62
    18
420
        0
176
     1
 90
       50
176
     1
 90
        3
176
     1
 62
     5
420
      255
176
     1
290
     0
176
     1
 90
       50
176
     1
 90
       50
176
     1
 90
       50
176
     1
290
     0
176
     1
 90
       50
176
     1
 62
   256
176
     0
 40
1.0
176
     0
 90
        2
176
     1
  1
strokes_ogs.tif
176
     1
290
     0
176
     1
 40
1.0
176
     1
 40
1.0
176
     1
1001
ACAD
1000
AcDbSavedByObjectVersion
1070
     0
  0
VISUALSTYLE
  5
2C
102
{ACAD_REACTORS
330
29
102
}
330
29
100
AcDbVisualStyle
  2
Gouraud
 70
     2
177
     3
291
     1
 70
    58
 90
        2
176
     1
 90
        2
176
     1
 90
        1
176
     1
 90
        2
176
     1
 40
0.6
176
     1
 40
30.0
176
     1
 62
     7
420
 16777215
176
     1
 90
        0
176
     1
 90
        0
176
     1
 62
     7
176
     1
 62
   257
176
     1
 90
        1
176
     1
 90
        1
176
     1
 40
1.0
176
     1
 90
        0
176
     1
 62
     7
176
     1
 40
1.0
176
     1
 90
        1
176
     1
 90
        6
176
     1
 90
        2
176
     1
 62
     7
176
     1
 90
        5
176
     1
 90
        0
176
     1
 90
        0
176
     1
290
     0
176
     1
 90
       13
176
     1
 40
0.0
176
     1
 90
        0
176
     1
290
     0
176
     1
290
     1
176
     1
290
     1
176
     1
290
     0
176
     1
290
     0
176
     1
290
     0
176
     1
290
     0
176
     1
290
     0
176
     1
290
     0
176
     1
 90
       50
176
     1
 40
0.0
176
     1
 40
1.0
176
     1
 90
        0
176
     1
 62
    18
420
        0
176
     1
 90
       50
176
     1
 90
        3
176
     1
 62
     5
420
      255
176
     1
290
     0
176
     1
 90
       50
176
     1
 90
       50
176
     1
 90
       50
176
     1
290
     0
176
     1
 90
       50
176
     1
 62
   256
176
     0
 40
1.0
176
     0
 90
        2
176
     1
  1
strokes_ogs.tif
176
     1
290
     0
176
     1
 40
1.0
176
     1
 40
1.0
176
     1
1001
ACAD
1000
AcDbSavedByObjectVersion
1070
     0
  0
VISUALSTYLE
  5
2D
102
{ACAD_REACTORS
330
29
102
}
330
29
100
AcDbVisualStyle
  2
GouraudWithEdges
 70
     3
177
     3
291
     1
 70
    58
 90
        2
176
     1
 90
        2
176
     1
 90
        1
176
     1
 90
        2
176
     1
 40
0.6
176
     1
 40
30.0
176
     1
 62
     7
420
 16777215
176
     1
 90
        1
176
     1
 90
        0
176
     1
 62
     7
176
     1
 62
   257
176
     1
 90
        1
176
     1
 90
        1
176
     1
 40
1.0
176
     1
 90
        0
176
     1
 62
   257
176
     1
 40
1.0
176
     1
 90
        1
176
     1
 90
        6
176
     1
 90
        2
176
     1
 62
     7
176
     1
 90
        5
176
     1
 90
        0
176
     1
 90
        0
176
     1
290
     0
176
     1
 90
       13
176
     1
 40
0.0
176
     1
 90
        0
176
     1
290
     0
176
     1
290
     1
176
     1
290
     1
176
     1
290
     0
176
     1
290
     0
176
     1
290
     0
176
     1
290
     0
176
     1
290
     0
176
     1
290
     0
176
     1
 90
       50
176
     1
 40
0.0
176
     1
 40
1.0
176
     1
 90
        0
176
     1
 62
    18
420
        0
176
     1
 90
       50
176
     1
 90
        3
176
     1
 62
     5
420
      255
176
     1
290
     0
176
     1
 90
       50
176
     1
 90
       50
176
     1
 90
       50
176
     1
290
     0
176
     1
 90
       50
176
     1
 62
   256
176
     0
 40
1.0
176
     0
 90
        2
176
     1
  1
strokes_ogs.tif
176
     1
290
     0
176
     1
 40
1.0
176
     1
 40
1.0
176
     1
1001
ACAD
1000
AcDbSavedByObjectVersion
1070
     0
  0
VISUALSTYLE
  5
31
102
{ACAD_REACTORS
330
29
102
}
330
29
100
AcDbVisualStyle
  2
Hidden
 70
     6
177
     3
291
     0
 70
    58
 90
        1
176
     1
 90
        2
176
     1
 90
        2
176
     1
 90
        0
176
     1
 40
0.6
176
     1
 40
30.0
176
     1
 62
     7
420
 16777215
176
     1
 90
        2
176
     1
 90
        2
176
     1
 62
     7
176
     1
 62
   257
176
     1
 90
        2
176
     1
 90
        1
176
     1
 40
40.0
176
     1
 90
        0
176
     1
 62
   257
176
     1
 40
1.0
176
     1
 90
        1
176
     1
 90
        6
176
     1
 90
        2
176
     1
 62
     7
176
     1
 90
        3
176
     1
 90
        0
176
     1
 90
        0
176
     1
290
     0
176
     1
 90
        1
176
     1
 40
0.0
176
     1
 90
        0
176
     1
290
     0
176
     1
290
     1
176
     1
290
     1
176
     1
290
     0
176
     1
290
     0
176
     1
290
     0
176
     1
290
     0
176
     1
290
     0
176
     1
290
     0
176
     1
 90
       50
176
     1
 40
0.0
176
     1
 40
1.0
176
     1
 90
        0
176
     1
 62
    18
420
        0
176
     1
 90
       50
176
     1
 90
        3
176
     1
 62
     5
420
      255
176
     1
290
     0
176
     1
 90
       50
176
     1
 90
       50
176
     1
 90
       50
176
     1
290
     0
176
     1
 90
       50
176
     1
 62
   256
176
     0
 40
1.0
176
     0
 90
        2
176
     1
  1
strokes_ogs.tif
176
     1
290
     0
176
     1
 40
1.0
176
     1
 40
1.0
176
     1
1001
ACAD
1000
AcDbSavedByObjectVersion
1070
     0
  0
VISUALSTYLE
  5
3F
102
{ACAD_REACTORS
330
29
102
}
330
29
100
AcDbVisualStyle
  2
JitterOff
 70
    20
177
     3
291
     1
 70
    58
 90
        2
176
     0
 90
        2
176
     0
 90
        0
176
     0
 90
        0
176
     0
 40
0.6
176
     0
 40
30.0
176
     0
 62
     7
420
 16777215
176
     0
 90
        1
176
     0
 90
        4
176
     0
 62
     7
176
     0
 62
   257
176
     0
 90
        1
176
     0
 90
        1
176
     0
 40
1.0
176
     0
 90
       10
176
     2
 62
     7
176
     0
 40
1.0
176
     0
 90
        1
176
     0
 90
        6
176
     0
 90
        2
176
     0
 62
     7
176
     0
 90
        5
176
     0
 90
        0
176
     0
 90
        0
176
     0
290
     0
176
     0
 90
        1
176
     0
 40
0.0
176
     0
 90
        0
176
     0
290
     0
176
     0
290
     1
176
     0
290
     1
176
     0
290
     0
176
     0
290
     0
176
     0
290
     0
176
     0
290
     0
176
     0
290
     0
176
     0
290
     0
176
     0
 90
       50
176
     0
 40
0.0
176
     0
 40
1.0
176
     0
 90
        0
176
     0
 62
    18
420
        0
176
     0
 90
       50
176
     0
 90
        3
176
     0
 62
     5
420
      255
176
     0
290
     0
176
     0
 90
       50
176
     0
 90
       50
176
     0
 90
       50
176
     0
290
     0
176
     0
 90
       50
176
     0
 62
   256
176
     0
 40
1.0
176
     0
 90
        2
176
     0
  1
strokes_ogs.tif
176
     0
290
     0
176
     0
 40
1.0
176
     0
 40
1.0
176
     0
1001
ACAD
1000
AcDbSavedByObjectVersion
1070
     0
  0
VISUALSTYLE
  5
37
102
{ACAD_REACTORS
330
29
102
}
330
29
100
AcDbVisualStyle
  2
Linepattern
 70
    14
177
     3
291
     1
 70
    58
 90
        2
176
     1
 90
        2
176
     1
 90
        0
176
     1
 90
        0
176
     1
 40
0.6
176
     1
 40
30.0
176
     1
 62
     7
420
 16777215
176
     1
 90
        1
176
     1
 90
        4
176
     1
 62
     7
176
     1
 62
   257
176
     1
 90
        7
176
     1
 90
        7
176
     1
 40
1.0
176
     1
 90
        8
176
     1
 62
     7
176
     1
 40
1.0
176
     1
 90
        1
176
     1
 90
        6
176
     1
 90
        2
176
     1
 62
     7
176
     1
 90
        5
176
     1
 90
        0
176
     1
 90
        0
176
     1
290
     0
176
     1
 90
        1
176
     1
 40
0.0
176
     1
 90
        0
176
     1
290
     0
176
     1
290
     1
176
     1
290
     1
176
     1
290
     0
176
     1
290
     0
176
     1
290
     0
176
     1
290
     0
176
     1
290
     0
176
     1
290
     0
176
     1
 90
       50
176
     1
 40
0.0
176
     1
 40
1.0
176
     1
 90
        0
176
     1
 62
    18
420
        0
176
     1
 90
       50
176
     1
 90
        3
176
     1
 62
     5
420
      255
176
     1
290
     0
176
     1
 90
       50
176
     1
 90
       50
176
     1
 90
       50
176
     1
290
     0
176
     1
 90
       50
176
     1
 62
   256
176
     0
 40
1.0
176
     0
 90
        2
176
     1
  1
strokes_ogs.tif
176
     1
290
     0
176
     1
 40
1.0
176
     1
 40
1.0
176
     1
1001
ACAD
1000
AcDbSavedByObjectVersion
1070
     0
  0
VISUALSTYLE
  5
40
102
{ACAD_REACTORS
330
29
102
}
330
29
100
AcDbVisualStyle
  2
OverhangOff
 70
    21
177
     3
291
     1
 70
    58
 90
        2
176
     0
 90
        2
176
     0
 90
        0
176
     0
 90
        0
176
     0
 40
0.6
176
     0
 40
30.0
176
     0
 62
     7
420
 16777215
176
     0
 90
        1
176
     0
 90
        4
176
     0
 62
     7
176
     0
 62
   257
176
     0
 90
        1
176
     0
 90
        1
176
     0
 40
1.0
176
     0
 90
        9
176
     2
 62
     7
176
     0
 40
1.0
176
     0
 90
        1
176
     0
 90
        6
176
     0
 90
        2
176
     0
 62
     7
176
     0
 90
        5
176
     0
 90
        0
176
     0
 90
        0
176
     0
290
     0
176
     0
 90
        1
176
     0
 40
0.0
176
     0
 90
        0
176
     0
290
     0
176
     0
290
     1
176
     0
290
     1
176
     0
290
     0
176
     0
290
     0
176
     0
290
     0
176
     0
290
     0
176
     0
290
     0
176
     0
290
     0
176
     0
 90
       50
176
     0
 40
0.0
176
     0
 40
1.0
176
     0
 90
        0
176
     0
 62
    18
420
        0
176
     0
 90
       50
176
     0
 90
        3
176
     0
 62
     5
420
      255
176
     0
290
     0
176
     0
 90
       50
176
     0
 90
       50
176
     0
 90
       50
176
     0
290
     0
176
     0
 90
       50
176
     0
 62
   256
176
     0
 40
1.0
176
     0
 90
        2
176
     0
  1
strokes_ogs.tif
176
     0
290
     0
176
     0
 40
1.0
176
     0
 40
1.0
176
     0
1001
ACAD
1000
AcDbSavedByObjectVersion
1070
     0
  0
VISUALSTYLE
  5
33
102
{ACAD_REACTORS
330
29
102
}
330
29
100
AcDbVisualStyle
  2
Realistic
 70
     8
177
     3
291
     0
 70
    58
 90
        2
176
     1
 90
        3
176
     1
 90
        0
176
     1
 90
        2
176
     1
 40
0.6
176
     1
 40
30.0
176
     1
 62
     7
420
 16777215
176
     1
 90
        0
176
     1
 90
        0
176
     1
 62
     7
176
     1
 62
   257
176
     1
 90
        1
176
     1
 90
        1
176
     1
 40
1.0
176
     1
 90
        8
176
     1
 62
   257
176
     1
 40
1.0
176
     1
 90
        1
176
     1
 90
        6
176
     1
 90
        2
176
     1
 62
     7
176
     1
 90
        3
176
     1
 90
        0
176
     1
 90
        0
176
     1
290
     0
176
     1
 90
       13
176
     1
 40
0.0
176
     1
 90
        0
176
     1
290
     0
176
     1
290
     1
176
     1
290
     1
176
     1
290
     0
176
     1
290
     0
176
     1
290
     0
176
     1
290
     0
176
     1
290
     0
176
     1
290
     0
176
     1
 90
       50
176
     1
 40
0.0
176
     1
 40
1.0
176
     1
 90
        0
176
     1
 62
    18
420
        0
176
     1
 90
       50
176
     1
 90
        3
176
     1
 62
     5
420
      255
176
     1
290
     0
176
     1
 90
       50
176
     1
 90
       50
176
     1
 90
       50
176
     1
290
     0
176
     1
 90
       50
176
     1
 62
   256
176
     0
 40
1.0
176
     0
 90
        2
176
     1
  1
strokes_ogs.tif
176
     1
290
     0
176
     1
 40
1.0
176
     1
 40
1.0
176
     1
1001
ACAD
1000
AcDbSavedByObjectVersion
1070
     0
  0
VISUALSTYLE
  5
3E
102
{ACAD_REACTORS
330
29
102
}
330
29
100
AcDbVisualStyle
  2
Shaded
 70
    27
177
     3
291
     0
 70
    58
 90
        2
176
     1
 90
        2
176
     1
 90
        1
176
     1
 90
        2
176
     1
 40
0.6
176
     1
 40
30.0
176
     1
 62
     7
420
 16777215
176
     1
 90
        0
176
     1
 90
        4
176
     1
 62
     7
176
     1
 62
   257
176
     1
 90
        1
176
     1
 90
        1
176
     1
 40
1.0
176
     1
 90
        8
176
     1
 62
   257
176
     1
 40
1.0
176
     1
 90
        1
176
     1
 90
        6
176
     1
 90
        2
176
     1
 62
     8
420
  7895160
176
     1
 90
        3
176
     1
 90
        0
176
     1
 90
        0
176
     1
290
     0
176
     1
 90
        5
176
     1
 40
0.0
176
     1
 90
        0
176
     1
290
     0
176
     1
290
     1
176
     1
290
     1
176
     1
290
     0
176
     1
290
     0
176
     1
290
     0
176
     1
290
     0
176
     1
290
     0
176
     1
290
     0
176
     1
 90
       50
176
     1
 40
0.0
176
     1
 40
1.0
176
     1
 90
        0
176
     1
 62
    18
420
        0
176
     1
 90
       50
176
     1
 90
        3
176
     1
 62
     5
420
      255
176
     1
290
     0
176
     1
 90
       50
176
     1
 90
       50
176
     1
 90
       50
176
     1
290
     0
176
     1
 90
       50
176
     1
 62
   256
176
     0
 40
1.0
176
     0
 90
        2
176
     1
  1
strokes_ogs.tif
176
     1
290
     0
176
     1
 40
1.0
176
     1
 40
1.0
176
     1
1001
ACAD
1000
AcDbSavedByObjectVersion
1070
     0
  0
VISUALSTYLE
  5
3D
102
{ACAD_REACTORS
330
29
102
}
330
29
100
AcDbVisualStyle
  2
Shaded with edges
 70
    26
177
     3
291
     0
 70
    58
 90
        2
176
     1
 90
        2
176
     1
 90
        1
176
     1
 90
        2
176
     1
 40
0.6
176
     1
 40
30.0
176
     1
 62
     7
420
 16777215
176
     1
 90
        1
176
     1
 90
        2
176
     1
 62
     7
176
     1
 62
   257
176
     1
 90
        2
176
     1
 90
        1
176
     1
 40
1.0
176
     1
 90
        8
176
     1
 62
   257
176
     1
 40
1.0
176
     1
 90
        1
176
     1
 90
        6
176
     1
 90
        2
176
     1
 62
     7
176
     1
 90
        3
176
     1
 90
        0
176
     1
 90
        0
176
     1
290
     0
176
     1
 90
        5
176
     1
 40
0.0
176
     1
 90
        0
176
     1
290
     0
176
     1
290
     1
176
     1
290
     1
176
     1
290
     0
176
     1
290
     0
176
     1
290
     0
176
     1
290
     0
176
     1
290
     0
176
     1
290
     0
176
     1
 90
       50
176
     1
 40
0.0
176
     1
 40
1.0
176
     1
 90
        0
176
     1
 62
    18
420
        0
176
     1
 90
       50
176
     1
 90
        3
176
     1
 62
     5
420
      255
176
     1
290
     0
176
     1
 90
       50
176
     1
 90
       50
176
     1
 90
       50
176
     1
290
     0
176
     1
 90
       50
176
     1
 62
   256
176
     0
 40
1.0
176
     0
 90
        2
176
     1
  1
strokes_ogs.tif
176
     1
290
     0
176
     1
 40
1.0
176
     1
 40
1.0
176
     1
1001
ACAD
1000
AcDbSavedByObjectVersion
1070
     0
  0
VISUALSTYLE
  5
3A
102
{ACAD_REACTORS
330
29
102
}
330
29
100
AcDbVisualStyle
  2
Shades of Gray
 70
    23
177
     3
291
     0
 70
    58
 90
        2
176
     1
 90
        2
176
     1
 90
        3
176
     1
 90
        0
176
     1
 40
0.6
176
     1
 40
30.0
176
     1
 62
     7
420
 16777215
176
     1
 90
        2
176
     1
 90
        2
176
     1
 62
     7
176
     1
 62
     7
176
     1
 90
        1
176
     1
 90
        1
176
     1
 40
40.0
176
     1
 90
        8
176
     1
 62
     7
176
     1
 40
1.0
176
     1
 90
        1
176
     1
 90
        6
176
     1
 90
        2
176
     1
 62
     7
176
     1
 90
        3
176
     1
 90
        0
176
     1
 90
        0
176
     1
290
     0
176
     1
 90
        1
176
     1
 40
0.0
176
     1
 90
        0
176
     1
290
     0
176
     1
290
     1
176
     1
290
     1
176
     1
290
     0
176
     1
290
     0
176
     1
290
     0
176
     1
290
     0
176
     1
290
     0
176
     1
290
     0
176
     1
 90
       50
176
     1
 40
0.0
176
     1
 40
1.0
176
     1
 90
        0
176
     1
 62
    18
420
        0
176
     1
 90
       50
176
     1
 90
        3
176
     1
 62
     5
420
      255
176
     1
290
     0
176
     1
 90
       50
176
     1
 90
       50
176
     1
 90
       50
176
     1
290
     0
176
     1
 90
       50
176
     1
 62
   256
176
     0
 40
1.0
176
     0
 90
        2
176
     1
  1
strokes_ogs.tif
176
     1
290
     0
176
     1
 40
1.0
176
     1
 40
1.0
176
     1
1001
ACAD
1000
AcDbSavedByObjectVersion
1070
     0
  0
VISUALSTYLE
  5
3B
102
{ACAD_REACTORS
330
29
102
}
330
29
100
AcDbVisualStyle
  2
Sketchy
 70
    24
177
     3
291
     0
 70
    58
 90
        1
176
     1
 90
        2
176
     1
 90
        2
176
     1
 90
        0
176
     1
 40
0.6
176
     1
 40
30.0
176
     1
 62
     7
420
 16777215
176
     1
 90
        2
176
     1
 90
        2
176
     1
 62
     7
176
     1
 62
     7
176
     1
 90
        1
176
     1
 90
        1
176
     1
 40
40.0
176
     1
 90
       11
176
     1
 62
     7
176
     1
 40
1.0
176
     1
 90
        1
176
     1
 90
        6
176
     1
 90
        2
176
     1
 62
     7
176
     1
 90
        6
176
     1
 90
        0
176
     1
 90
        0
176
     1
290
     0
176
     1
 90
        1
176
     1
 40
0.0
176
     1
 90
        0
176
     1
290
     0
176
     1
290
     1
176
     1
290
     1
176
     1
290
     0
176
     1
290
     0
176
     1
290
     0
176
     1
290
     0
176
     1
290
     0
176
     1
290
     0
176
     1
 90
       50
176
     1
 40
0.0
176
     1
 40
1.0
176
     1
 90
        0
176
     1
 62
    18
420
        0
176
     1
 90
       50
176
     1
 90
        3
176
     1
 62
     5
420
      255
176
     1
290
     0
176
     1
 90
       50
176
     1
 90
       50
176
     1
 90
       50
176
     1
290
     0
176
     1
 90
       50
176
     1
 62
   256
176
     0
 40
1.0
176
     0
 90
        2
176
     1
  1
strokes_ogs.tif
176
     1
290
     0
176
     1
 40
1.0
176
     1
 40
1.0
176
     1
1001
ACAD
1000
AcDbSavedByObjectVersion
1070
     0
  0
VISUALSTYLE
  5
36
102
{ACAD_REACTORS
330
29
102
}
330
29
100
AcDbVisualStyle
  2
Thicken
 70
    13
177
     3
291
     1
 70
    58
 90
        2
176
     1
 90
        2
176
     1
 90
        0
176
     1
 90
        0
176
     1
 40
0.6
176
     1
 40
30.0
176
     1
 62
     7
420
 16777215
176
     1
 90
        1
176
     1
 90
        4
176
     1
 62
     7
176
     1
 62
   257
176
     1
 90
        1
176
     1
 90
        1
176
     1
 40
1.0
176
     1
 90
       12
176
     1
 62
     7
176
     1
 40
1.0
176
     1
 90
        1
176
     1
 90
        6
176
     1
 90
        2
176
     1
 62
     7
176
     1
 90
        5
176
     1
 90
        0
176
     1
 90
        0
176
     1
290
     0
176
     1
 90
        1
176
     1
 40
0.0
176
     1
 90
        0
176
     1
290
     0
176
     1
290
     1
176
     1
290
     1
176
     1
290
     0
176
     1
290
     0
176
     1
290
     0
176
     1
290
     0
176
     1
290
     0
176
     1
290
     0
176
     1
 90
       50
176
     1
 40
0.0
176
     1
 40
1.0
176
     1
 90
        0
176
     1
 62
    18
420
        0
176
     1
 90
       50
176
     1
 90
        3
176
     1
 62
     5
420
      255
176
     1
290
     0
176
     1
 90
       50
176
     1
 90
       50
176
     1
 90
       50
176
     1
290
     0
176
     1
 90
       50
176
     1
 62
   256
176
     0
 40
1.0
176
     0
 90
        2
176
     1
  1
strokes_ogs.tif
176
     1
290
     0
176
     1
 40
1.0
176
     1
 40
1.0
176
     1
1001
ACAD
1000
AcDbSavedByObjectVersion
1070
     0
  0
VISUALSTYLE
  5
30
102
{ACAD_REACTORS
330
29
102
}
330
29
100
AcDbVisualStyle
  2
Wireframe
 70
     5
177
     3
291
     0
 70
    58
 90
        0
176
     1
 90
        2
176
     1
 90
        0
176
     1
 90
        0
176
     1
 40
0.6
176
     1
 40
30.0
176
     1
 62
     7
420
 16777215
176
     1
 90
        1
176
     1
 90
        4
176
     1
 62
     7
176
     1
 62
   257
176
     1
 90
        1
176
     1
 90
        1
176
     1
 40
1.0
176
     1
 90
        0
176
     1
 62
   257
176
     1
 40
1.0
176
     1
 90
        1
176
     1
 90
        6
176
     1
 90
        2
176
     1
 62
     7
176
     1
 90
        3
176
     1
 90
        0
176
     1
 90
        0
176
     1
290
     0
176
     1
 90
        1
176
     1
 40
0.0
176
     1
 90
        0
176
     1
290
     0
176
     1
290
     1
176
     1
290
     1
176
     1
290
     0
176
     1
290
     0
176
     1
290
     0
176
     1
290
     0
176
     1
290
     0
176
     1
290
     0
176
     1
 90
       50
176
     1
 40
0.0
176
     1
 40
1.0
176
     1
 90
        0
176
     1
 62
    18
420
        0
176
     1
 90
       50
176
     1
 90
        3
176
     1
 62
     5
420
      255
176
     1
290
     0
176
     1
 90
       50
176
     1
 90
       50
176
     1
 90
       50
176
     1
290
     0
176
     1
 90
       50
176
     1
 62
   256
176
     0
 40
1.0
176
     0
 90
        2
176
     1
  1
strokes_ogs.tif
176
     1
290
     0
176
     1
 40
1.0
176
     1
 40
1.0
176
     1
1001
ACAD
1000
AcDbSavedByObjectVersion
1070
     0
  0
VISUALSTYLE
  5
3C
102
{ACAD_REACTORS
330
29
102
}
330
29
100
AcDbVisualStyle
  2
X-Ray
 70
    25
177
     3
291
     0
 70
    58
 90
        2
176
     1
 90
        2
176
     1
 90
        1
176
     1
 90
        1
176
     1
 40
0.5
176
     1
 40
30.0
176
     1
 62
     7
420
 16777215
176
     1
 90
        1
176
     1
 90
        0
176
     1
 62
     7
176
     1
 62
   257
176
     1
 90
        1
176
     1
 90
        1
176
     1
 40
1.0
176
     1
 90
        8
176
     1
 62
     7
176
     1
 40
1.0
176
     1
 90
        1
176
     1
 90
        6
176
     1
 90
        2
176
     1
 62
     7
176
     1
 90
        3
176
     1
 90
        0
176
     1
 90
        0
176
     1
290
     0
176
     1
 90
       13
176
     1
 40
0.0
176
     1
 90
        0
176
     1
290
     0
176
     1
290
     1
176
     1
290
     1
176
     1
290
     0
176
     1
290
     0
176
     1
290
     0
176
     1
290
     0
176
     1
290
     0
176
     1
290
     0
176
     1
 90
       50
176
     1
 40
0.0
176
     1
 40
1.0
176
     1
 90
        0
176
     1
 62
    18
420
        0
176
     1
 90
       50
176
     1
 90
        3
176
     1
 62
     5
420
      255
176
     1
290
     0
176
     1
 90
       50
176
     1
 90
       50
176
     1
 90
       50
176
     1
290
     0
176
     1
 90
       50
176
     1
 62
   256
176
     0
 40
1.0
176
     0
 90
        2
176
     1
  1
strokes_ogs.tif
176
     1
290
     0
176
     1
 40
1.0
176
     1
 40
1.0
176
     1
1001
ACAD
1000
AcDbSavedByObjectVersion
1070
     0
  0
DICTIONARYVAR
  5
7D
102
{ACAD_REACTORS
330
78
102
}
330
78
100
DictionaryVariables
280
     0
  1
1:1
  0
DICTIONARYVAR
  5
7A
102
{ACAD_REACTORS
330
78
102
}
330
78
100
DictionaryVariables
280
     0
  1
STANDARD
  0
DICTIONARYVAR
  5
79
102
{ACAD_REACTORS
330
78
102
}
330
78
100
DictionaryVariables
280
     0
  1
STANDARD
  0
DICTIONARYVAR
  5
7B
102
{ACAD_REACTORS
330
78
102
}
330
78
100
DictionaryVariables
280
     0
  1
Imperial24
  0
DICTIONARYVAR
  5
7C
102
{ACAD_REACTORS
330
78
102
}
330
78
100
DictionaryVariables
280
     0
  1
Imperial24
  0
DICTIONARY
  5
DDA
102
{ACAD_REACTORS
330
DD8
102
}
330
DD8
100
AcDbDictionary
281
     1
  0
DICTIONARY
  5
DD9
102
{ACAD_REACTORS
330
DD8
102
}
330
DD8
100
AcDbDictionary
281
     1
  3
1893156007600
350
DD3
  3
1893156007616
350
DD4
  3
1893156007632
350
DD5
  3
1893156007648
350
DD6
  3
1893156007664
350
DD7
  0
DICTIONARY
  5
DDD
330
6B
100
AcDbDictionary
280
     1
281
     1
  3
ACAD_XREC_ROUNDTRIP
360
DDE
  0
DICTIONARY
  5
DE1
330
80
100
AcDbDictionary
280
     1
281
     1
  3
ACAD_XREC_ROUNDTRIP
360
DE2
  0
DICTIONARY
  5
1A
330
19
100
AcDbDictionary
280
     1
281
     1
  3
BUMPTILE
360
1C
  3
DIFFUSETILE
360
1B
  3
OPACITYTILE
360
1F
  3
REFLECTIONTILE
360
1E
  3
REFRACTIONTILE
360
20
  3
SPECULARTILE
360
1D
  0
DICTIONARY
  5
12
330
11
100
AcDbDictionary
280
     1
281
     1
  3
BUMPTILE
360
14
  3
DIFFUSETILE
360
13
  3
FBXASSET
360
FF
  3
OPACITYTILE
360
17
  3
REFLECTIONTILE
360
16
  3
REFRACTIONTILE
360
18
  3
SPECULARTILE
360
15
  0
DICTIONARY
  5
22
330
21
100
AcDbDictionary
280
     1
281
     1
  3
BUMPTILE
360
24
  3
DIFFUSETILE
360
23
  3
FBXASSET
360
BE
  3
OPACITYTILE
360
27
  3
REFLECTIONTILE
360
26
  3
REFRACTIONTILE
360
28
  3
SPECULARTILE
360
25
  0
DICTIONARY
  5
DDB
330
69
100
AcDbDictionary
280
     1
281
     1
  3
ACAD_XREC_ROUNDTRIP
360
DDC
  0
DICTIONARY
  5
DDF
330
7F
100
AcDbDictionary
280
     1
281
     1
  3
ACAD_XREC_ROUNDTRIP
360
DE0
  0
DICTIONARY
  5
DD0
330
65
100
AcDbDictionary
280
     1
281
     1
  3
ACAD_ROUNDTRIP_2008_TABLESTYLE_CELLSTYLEMAP
360
DD1
  0
XRECORD
  5
DD3
102
{ACAD_REACTORS
330
DD9
102
}
330
DD9
100
AcDbXrecord
280
     1
  1
AcDb_Thumbnail_Schema
102
{ATTRRECORD
341
DD4
  2
AcDbDs::TreatedAsObjectData
280
     1
291
     1
102
ATTRRECORD}
102
{ATTRRECORD
341
DD5
  2
AcDbDs::Legacy
280
     1
291
     1
102
ATTRRECORD}
  2
AcDbDs::ID
280
    10
 91
        8
102
{ATTRRECORD
341
DD6
  2
AcDs:Indexable
280
     1
291
     1
102
ATTRRECORD}
102
{ATTRRECORD
341
DD7
  2
AcDbDs::HandleAttribute
280
     7
282
     1
102
ATTRRECORD}
  2
Thumbnail_Data
280
    15
 91
        0
  0
XRECORD
  5
DD4
102
{ACAD_REACTORS
330
DD9
102
}
330
DD9
100
AcDbXrecord
280
     1
  1
AcDbDs::TreatedAsObjectDataSchema
  2
AcDbDs::TreatedAsObjectData
280
     1
 91
        0
  0
XRECORD
  5
DD5
102
{ACAD_REACTORS
330
DD9
102
}
330
DD9
100
AcDbXrecord
280
     1
  1
AcDbDs::LegacySchema
  2
AcDbDs::Legacy
280
     1
 91
        0
  0
XRECORD
  5
DD6
102
{ACAD_REACTORS
330
DD9
102
}
330
DD9
100
AcDbXrecord
280
     1
  1
AcDbDs::IndexedPropertySchema
  2
AcDs:Indexable
280
     1
 91
        0
  0
XRECORD
  5
DD7
102
{ACAD_REACTORS
330
DD9
102
}
330
DD9
100
AcDbXrecord
280
     1
  1
AcDbDs::HandleAttributeSchema
  2
AcDbDs::HandleAttribute
280
     7
 91
        1
284
     1
  0
XRECORD
  5
DDE
102
{ACAD_REACTORS
330
DDD
102
}
330
DDD
100
AcDbXrecord
280
     1
102
DISPLAYNAME
  1
Imperial24
102
FLAGS
 90
        0
  0
XRECORD
  5
DE2
102
{ACAD_REACTORS
330
DE1
102
}
330
DE1
100
AcDbXrecord
280
     1
102
DISPLAYNAME
  1
Metric50
102
FLAGS
 90
        0
  0
XRECORD
  5
1C
102
{ACAD_REACTORS
330
1A
102
}
330
1A
100
AcDbXrecord
280
     1
270
     1
271
     1
  0
XRECORD
  5
1B
102
{ACAD_REACTORS
330
1A
102
}
330
1A
100
AcDbXrecord
280
     1
270
     1
271
     1
  0
XRECORD
  5
1F
102
{ACAD_REACTORS
330
1A
102
}
330
1A
100
AcDbXrecord
280
     1
270
     1
271
     1
  0
XRECORD
  5
1E
102
{ACAD_REACTORS
330
1A
102
}
330
1A
100
AcDbXrecord
280
     1
270
     1
271
     1
  0
XRECORD
  5
20
102
{ACAD_REACTORS
330
1A
102
}
330
1A
100
AcDbXrecord
280
     1
270
     1
271
     1
  0
XRECORD
  5
1D
102
{ACAD_REACTORS
330
1A
102
}
330
1A
100
AcDbXrecord
280
     1
270
     1
271
     1
  0
XRECORD
  5
14
102
{ACAD_REACTORS
330
12
102
}
330
12
100
AcDbXrecord
280
     1
270
     1
271
     1
  0
XRECORD
  5
13
102
{ACAD_REACTORS
330
12
102
}
330
12
100
AcDbXrecord
280
     1
270
     1
271
     1
  0
XRECORD
  5
FF
102
{ACAD_REACTORS
330
12
102
}
330
12
100
AcDbXrecord
280
     1
 70
     1
 90
1959938040
 71
     1
  1
15A9F25D-47C7-49BD-963E-A6042D538687
311
504B0304140006080800A582275D0AFC3D223A010000A80100004F00000039423933464246342D383330412D344241332D393544382D3541363536363644323635302F4173736574446174612F446566696E6974696F6E4974657261746F7250726F706572746965732E62696E55503B4FC33010362C88818181BDAA588D1F
311
899DB84A83F2202CB000130B32894923256E1527426C1DF9D77056CB80A5EFEE74AFEF3B7F23847E8E0F427402D883BD007F6FAC19BBFAB9DE9841A333C8E45F0FFACB8CD71052C62A195714E7455EE230900C6771A4709185541605175CD053E8F363A5F9D0733FF99D8F9DAB4DDF6B6BB6B3BB84C4916431E809C8747FE3
311
87CE91B77B00427F05E737B507495EE5274037BBD5AD76CE4C6BA27215547915E238A0190EF32CC04A943116991452CA924B41C99371DB79AC8D234C64AAE202A44745844305472819DCE14CD290972288651C9169E3BFE60A98E6E1DDEAAE27941C25BCED6C5B16324A889BC6CEB66932758359583D98F572DE35704EB34C
311
39E512538569F4C2E48AB31563AF09F19D693277760AF8BF09B74C59420E85342176DB401F69C7EDFC0B504B0304140006080800A582275D687B9EAD14010000300200004500000039423933464246342D383330412D344241332D393544382D3541363536363644323635302F4173736574446174612F496E7374616E6365
311
50726F706572746965732E62696EEB606060F80F0540260323103700495E20ED9E9A975A94991C9C9C919A9BA80214303475B474333275D135317736D735B17472D1B5343376D57534333031723135B630B330674768046931363471713532B5D435353131D635313332D4757203EA3334373670367376B67474B5042A03DB
311
CBA019D37FE8ABC6157B20CD04146B0062181F4C03F940F0C11E2409D1C1C020E0C02000E242808A038C8583FE600F9580337028045AC300B4871928DD805002D3F5006A0C0F420A89050A4F840C4C0F9202283365A703A620B208C40D2011909126C85248EC0FF62C401E28E6F88038B83CB1243943D7A928312F25350524
311
030206FA7B5EEE072A493874144CBFD8771A4C7B5840C481BEB4673C187F09A21AB79301504B0304140006080800A582275DB5A795FFE3790000DE7900006B00000039423933464246342D383330412D344241332D393544382D3541363536363644323635302F5265736F75726365732F31354139463235442D343743372D
311
343942442D393633452D4136303432443533383638372F7468756D626E61696C2F302F67656E657269635F706E6701DE79218689504E470D0A1A0A0000000D49484452000001000000010008030000006BAC58540000000467414D410000B18F0BFC6105000000017352474200AECE1CE900000192504C5445818181B3B3B3
311
5A5A5A4848486060605C5C5C6464648383835E5E5E6262624E4E4EAFAFAF4A4A4AB5B5B54C4C4CB1B1B1858585B7B7B7585858ADADAD7C7C7C464646787878ABABAB747474A7A7A7686868707070B9B9B96E6E6E6A6A6A8B8B8B666666545454565656A5A5A5505050A1A1A1BBBBBB8F8F8F9F9F9F42424252525276767640
311
40403E3E3E9B9B9B7A7A7A8989897E7E7E9393939797974444448787873C3C3C727272BDBDBD3A3A3A6C6C6CA9A9A9A3A3A32020209D9D9DBFBFBF8D8D8D9595959191912626269999992222222424241E1E1EC1C1C1282828C3C3C32C2C2C2A2A2A2E2E2E303030C5C5C53232321C1C1C363636383838343434C7C7C71A1A
311
1A0E0E0E121212484A484C4E4C1616160A0A0A4A4C4A787A781414147C7E7C9193915E605E464846838583878987B1B3B18587856668665A5C5A626462818381A7A7A5A3A3A1B1B1AFADAFAD7072705C5E5C9D9D9BABADAB7E817EB7B9B7585A58BBBDBB4C4C4A8D8F8D747674B5B5B3B7B7B59FA19F606260ABABA9A5A5A3
311
9B9B99A9A9A78F8F8D6C6C6AC7C7C5451AD12700002000494441547801DCBD89771BD7B5A70B8EE04C702641712605CE034890E220088028C93245451215B713AF388E7DFD9EEDB8DDCE6ABFF4B57D97137BE50FEFEFDBA74049B6AEED74869B7E87404D2814EBB7F76F0F67A8835CEEBFA0E42B854AA5B2BB5B6BCC951A8D
311
52A93657A914FE0BEEE39FFE2FF395B9B9C6CAD2D4C4606F4B7FFF8D1B37EEDCB97587F7CD9B4343BD134BABE7DB48E3FFA7A228ECD6F6574E4786C0FC8B5FFCE2CD5FFCE297BF7CF3CD5FFC92B52FFE58BFF9E69B776E0EF5F79E55CBBBF9FC3F5D3DFFB07F5898ABAF7CDA3B74E74EC0CE20230561BF096E97E05712BFFC
311
C59BC80539DCE83DDD6E54FE61B7747DE17FB8980BBBFB2BBD4337DF487881AAE6C5ACC6AF25207877B2B527BFF1CB3B77FA47561ABBD7F7FA7FE146A5B6BD74E3164C7F51449AE95DB412200EC539418717E7F2F11B376FF62E95FEAF1442BED0581DBCA1BD2780D23F506AFA16E1A7AD974EF17876F00DD7BCB187A1A97A
311
E51FCED5BF2BC1F2BBE5B3C19BE27B43CF26DE00933658FE129B109C2FFF922CC22C4260FA01BEFB462A77DEBC35F42F600C3F5B0795D2E9E02DAD5E650B4438A92801B65C35CBAB7B1EE5041CE69D3B6F1822DFB873EBD6AD3B6FBC71EBC6C86AE967DFC2DFA4CEBFF1BF54F6276EBC114E2F43FEC60B01A0D440A868B292
311
0E5C4BC10D60931ADCB871F3268B21D3851B08E1D6AD9BFD4BF57F7577909FAB86F29B982571136AF01DF5FE32AC3BD9406CAAF2440A54CF176EDD01FBADA1FEFEFE21FE4C9858DFF4183458A9FD2B6708A5A5A137E0EE1D11A9EC0C7C58B2C73C0AD6B479BD76B7790CF899E287FA5B06FB7B07C9195B7851FA8794031EF1
311
FC5F9406BBFB23375420286399B631E93B08022A785C4DBF9996EC3551874094D71B6F487E80F6837E50F483BDBDBD83232323AC420A18C68DA196EDDADF68A77F938F78FD972BABBDB7B87FB164AC6FC2CB760365821ACB74AED44FFAD7E7431ECD7E08AC421F391D199998989A383D9D98E8E56F84A318C58D9BFD2DAB73
311
FF5222C8EFAEF4DE7AF30D756E5108683DA471E70D0502099A7240F19E4089D3FD203E620F1B47BF43501E85031AE44B4B9F2E4D2D9D4D51D8970983FA861B3706FF950CA170DE82F6B312CC4F42C8966295F7D725ED29882415DC055F36DEA1FE96FEC141493F05FAA9A9A5A595B333DED5B3D5A533F62183323032F46EFF
311
13EA0AAFA5FBF7C8976F8C10F7280A014832593B90004D52341980D907EAEB73411EB2F1EBC9F507F92746C40E7AE0AFAE54292BAB2BAB67CAE0746264A277B06508168C94BF772BE9765F7BF0B548FE1E07F3B5A521340A5CB5297C4B12811B89E82191ECF3E41B3259C529F135E23CF4C7F961FB13537F5A02ECCAEA76B5
311
BA5D3D3FDF3F2FEFEFB3AA22053E5008833428DC6C59FA2F770595F311F235D427F379BB8A121BD901B96076A388DC4C3C61C7933CCCD770FF375A6E0CE9F535FE2534BF5ADD3E3FAFD71BF57AA951B6D4CFEBFB8864758A26154430080B06ABFF557610ECC93726224F155D1471041E0D42F82F4891C926C1355B0831649F
311
F365F46FF05300A7A790BD8ADEEB0D4AA9569A9BDBADCCD56AA55AE377F5F3F3EA2A34983A1DE91D810543138D7F28E57FF4E2B5335A3928B76EA1CB9B00BF158C8F63A2E788826896D0B5E7C461949ECE089144F8EBEFC7FB4D8C9C4E9DAD60F7FBE572B416C2F2423ECF8B86C439E450DA970634ACFDA977629098D0B2FA
311
F313A36B3869E37AF7853378CDA1171FBEBA95DF1E44FD5144A420588641B0055A79ED91CC0DC41E27064512FB33F1F04D09D0D2DF0203A646A6CECE80DF28356A348CED8C4F1EF137B9319E1BCD29867CA556AA97F7B757567006A447FD375A26CAAFDED9CFDCFB2BB0BEEE8AA5911BC2C7F85DF88A3775389990AA72219D
311
582409210F85A4E66F2987D875C30848023088FDF77E87F96FD7CBA5B9DCCEF4F4C9FC7C676777577B7B7B67E7ECCCE4E8DEE85E81A6D55AA3BC7FBEB242589CE8ED4770E785D7DDE23FF2587EBF57F50B9E820527316488E5C32D50F979BCA58207297E2B6D658702FFCD211840FE43FC9F3A5BAD9E97E6F21B9FCF16BBBB
311
3A3A5A175B5B1787875B5B3B86DFEFFC687A72674F19D46A8DFDF3EACA59E405375ACE76FFA922C817CE86A89BDD92F400F2C55B7462F610459837D3A61ACF50C7471C8F2F2A9D38C3DA2F068007F80EFCDBFBE5DCC674B1D83EBCBEB8BCBCBC3ED0D3D333D0B3DE33BCBEB0D8DA35FBF9F8CECE68AE020BCE61C112A4C113
311
8CD47F9AD13F7DC6AB9CF9CFCFAF9D0E01FFE6CD503F5B91C5218E2899CA15098714848B04FCE5654884ABF0E554F11F6C21D73D5D5AADD64B7B9327DDAD8B0B7D7D6D6D07070763BC0F3E38E8EB4310EBEB8BC3DDB347E3E37B5842B97C4E44A0C630427E5CFDFB71E03F471E12CA9FF70E055AE141042DD81234B879EB46
311
06361D9328149037D7D76A571A7E974FA20AD0323832713AB5BA7ABE3B3E3D3FBC30307070B0B9B645D93C3CDC3CDCA41CFC6AAC2D64D0D579B4B1B397A7C1BDBEBD7D36657A3CD4B2F44F4909F2B9CA597F4245C59DEC354316F0587020D0C661742BC02869435FD12CF195C422DB3C5A3E2305C000CE6B7B27ED8B7D6307
311
9B5B5B878787C787C7C7C757C76C51B60ED60EDAFA06D67B965B3B672677080BB5329E60E9B477847AE2E9EB53E35779FD37EFCD2D0DDD68AA355B6B0D81860502B8B68C801F5C697E9AD62F4B406244CB975560BAC756AAA577675B07C6D03778C17E7C95CAF1B3ABABE3E3ADADE3CDB1B1B6B681014470343EBA979F8B90
311
383545727C63E43549D14FD0F927E5F1FDEFD7263058FE02EBCD1BDCBCA053496BD58E69BC44F9F854D4D979AE9ADB908824382AC1D4014E9756EAF9CE85B6B54DB01F02F8EA5908E0D9D5F1B3E72188C3C3AB67879B07C8A0A767B8B831FE5E7EB754DEAE5261460243FFF07858D8EF0D658BDC563A2C5EF5833C13C90B69
311
248C4DD97842B61DFA7F210A2F6108A0F96B62E2D3B3F3DD939EA47E30ABF5AB2B903F4BE5F9B36757CF65021E616DAC6F60A1FB647274B4B05B2E5341B082D43278F67D8DFDA48AFF9A13F22B34C7586C9992BA6E66CABC190E313E7C811AA57304B421A75B289B9D174CC868C24548823E230B9A5A2DCD2CAFE1F98E61C0
311
15CA7E96B083FC59F3ED06EE60F360B3AD6F79787ED278D0A86FAFE00BA9220EAEFE1D5DE1F7855939C3FCC1332426B377F692406E022C010DB437EF009803F0DCFD3B7C94440571D8F2C328F115F47FD324802070BAB43FBA80EFDB92FCA1F7E7CF9FA875CBB327CF9EB08C4DE4815BC4210E2CB7CF1CEDECEDCED5B75749
311
0968286899FAF95583BF46F9393CEE6A86D6F618CAAD9BFF0BE22B042412C5CFB50556815CC5BBE33E9F61ECEC26A9BCB8145FD10590078F9C9E953B513FAE1FE387FAC246E14F9E3CE7F5F8194BD6594140876B6B84C5D6799C61A16434201E5237582AFD75C07EEED9863F463284E2E13425A036BD41061259289B6BDC1E
311
D656FC8B8592C9D00701E27CEA749F0D8EF44EAD8C1F80FFF8F8F9D513191F6803384C800097F24069C407CFAE88136B7DCB3D5D4A60B711F19070D83235F77331FD35E715966889038E2E0B346EAB7936C4162043E1A1F144093695443A570144898BC4079CEF1912809A3035A1D3F361235F90FFF1E3E0FB93C7E2750719
311
F88E7D8E68123883ADB5B18185AE99F1D11C1238A792DC4BEDE8EC6FF503DF377E0445F68FAF4E08D43082D02170F30131A154206CC559A8D9CFDD762B31273E4947A581E0D9BB71E33FFA07CD02CE2A6BE1EC80167497F2A81CFA3F7EFE58D0CF5D5D170DE4F89070B0BC4040CC17BEAC6B0586C3D3FF0309BC06F44B04A1
311
E13729929B4DF73C44070692C810B08AC3012E8EE9EAE22067796288C193B2139B970B86F47FAD0F98382B1E035D9C32FD318A4FAFCB274F2E1FA772F94411B0CD42493C23393A685B5FEF3E1ACF554AF5F3552A478383374E6B2FDDFC4F6DFE38F4F4ED7A7FE838F488EA852482F412D3CB07E293D02C9F074F12E84C5AAC
311
423271450572A385449844706475FD38DC3C22486A0639E5F1E38B0CFE93CB4B25910EF309A2224BD8DAD40C682C28341AD69047E8539A6AFC14EC573F7FAD10AE0FE6EB13E87B28E093B513B5803514DE408809BC12A14876DE0A25F643009E9176D9F0C330164285A7444DC8CAF0E9FE41429EE0A2F6A6DE91C0856C5012
311
72404A8468822E24C807030B1D33D40D4AFBDBABB411D093D88C86D7205E05FC57EDD1F805FA4CED5920F0CED39157E007CE21757C5DE440ECBCB46CD283E378029B43FB077B4F47E60E9F61E8D01BE017D7E843EB49F50A2028F1E442FCC90C9EE308E4C0C2C94EAE30B75FAD3A0EAFA57FE9EF960F14BE15638840EAF3BA
311
490BB6850EDB38EECAFD21A0C746D0C4234DBD035EFC7EDD121FA585FAB73DB89FE6A03CF833AB0730E5E2F1A36CE3F202A128934B44E396961121E1F2C9F32BFCC0C140CFE22C1CA8E109B182919696BFB98120234F61B59F7BF46EC30CF067B21A33B0FB3E402448EE266CCD93135A8E823DB31F85E677434E608F53F810
311
0BC0098EA2FD6BC01770E0F2F2D1E5452A711C4BB8486248FAD756D852026B6DC90A2AA5C6B69E9068B8F27AFABFFEE8AB36F1D23985D5960014FD711940800B560250D2272CC54FF1D3A660B275AC3881E349689C1616E1E9044129D032313509DE4700BC867C71F128C400159407C761022BA8A040F40A244788808C60B3
311
AD67A17576279F6F946923191921B0545FC2F12AC0EFEFBD7262B6935679FC7F80629160ABFAEC88E8430E76D82A8DE62ACE50BD4A42FBF03B387B37FD321B37E31C3F063D99703F5160E6C9E5A300CF32A91E0A085A29C0FC507F6C21012303C6104B82C1F1E156DB3229D1A855A32A8352C9077AF733A0AFE0FB3EF81FDF
311
2F0F82C21B0EB06998866878B103305E31EC17F4FD43831E570A2118D1667632D4FFFFB125782F96168A833DBE78C3F11F8383A79D49F58F1E3DBC780417AE6581381E8610604888E2913E12492881274822C221AD04CB0B1D273B8542837460898C686864FF6F801E8269F40AD0481DFAF5E6E9C1F3BE391C325004DF0746
311
A4E4448F7B52C0D5EAD39EC46896B888C4210D68E99DFA2820DF7FF850EC407EB55C3EBC5028611409BFCB8889C90F1C52355AEF98B18100094C9D0EF6F64FD47E5CBF3FF5293DDFB4B50DDD54F351446FA1F14580DC3902C085F593CB24ACC917B213BBC11B3F0A61042FD8B24F4FB9C4556D0CB9E1A880DE89934CE9607F
311
18F81FDD950DD0E1D143F41D56110E227C250621FF098838042BC85B5B6BCBCBC31DD37B34966E9FFD9936A2FEFEA9EBA4182E5CD3E17AE35501FCE0707E5525A7DBC64DFD077825BE37CE0BBE1BBEC061410C660B6E49912665E2B3749C7C9F93834022F74CDE6CA5EB501D9CBC04B768292C5CCB84478F3CA83074092C60
311
82169015E5800D5839DC6C1B58EFE83ECA513BDE3EFB8EF1242D2D4B3FD55AFE03D42F8492AF8A3F21444FA2FA9ABBF525EAF84C09F0168527B0138A85D1EC0443C467B28BF844EAF76323BE13D7C11F72FED783837B970FEFDE7D7817E077C17EF7E2A1C2C0FE851FE4C008388C15E818958746129E1009D054B67530D6B3
311
D8DA3D59D82D9D57CF70039FF50FFE0DE94089DB269C3655A4F25B38C49D0BD48E59F1526887C18FC5272197F85CA72862A593A4843CD25F920487DDF7AA0441A2C0600D062001F103FCEEA3D8560CEC3EBACB01CAE5A51E420349F602191E5F901893142381351CE17047E764BE50DEAF9E4D8C38B6ECFFACEB141E54A686
311
5A88A60133EE9CBB4C256930B0B168C1C3AB59FE1743FB422C7166082E934AFA5EFA3E4BCE0B69362FA7041818B7FDECE1DDFB4D022007CA23E521F0700AAEB5888BBBF08023E128B4045381542FA256B0D04E28A0C3804E233A1BFB476A2F48FD135BAF9843BEDA3264EB42BA499601F16B566E72C7EA35908ABCB9176BBE
311
D43204C696AFD3D7B24B08D3AFA44BE243D88A6D9D0B6562B52F741E1610C0EFBBAF2B0829289A640EC4C8A4FF66A24430786CEBE1E1E61AF9507BFB496EAEB64F8F49B4129EBDEC065EC1F8A3F228A3CD0950883B41BEC6D1944AE06147289600A7726313AC69A3F91197F1438BCB743E76F01F6EF1D1C854071670FFFE43
311
FF1EDED702EE5A14C85D0C42DF90B86068800659AC88981855E3E774A71C0CAC2F76754EE7CC87C808D1E1E0F6CF47FD4224731337BE1E39C5010823EE997B1491BBD99FC8D8EF77482BEB5EB2CF66499A8E0F7511B19B3EFBDACB6507BC78731B1B383D02FFDD7BE8DD9256F7D0BA7B46015941097B80018F700FFA024CC0
311
8078F51806100ADBFA163ABA8A3B95B9D2F92AC30BC908ED31FABE0CBEBFFF0279B675868F9AA24E9530B08C174055B7F48E4F58002F3E82F0BDFA003E8B431EB6C4A91E4D9B5FFB791265BA8827BBE5F1BCFA7F789F72F75EC800F8AE43FFAEC42F13009FB905A9A0132015D0068ED7682AC608BA6771038DEDB3B3308289
311
1FAB1ABF5614F93238079726B833958796B845B731FCB86316713C1DC581B1E19B424EE32674093F80776F7E27C6FBFAC85C536CD955B96EDA2A3FBF770FF4BE11845470EB3E42D022000E0FE07D161811020742162444668308801E133A4C163BE68F6826A5523071CA78B2FED51F28F8C70FE4190073A3E5D3259D7A288C
311
D19BDE623F10021BAB0C6E327FD507B2741627727EA00D31856492F9F009D7F152D930704E642795C1C1B336E0DEBB7F0FDCB79318543B25341F36802D64A981A690B94259607DE0B19D466BF8C1C5E1CEF9A3FC5C639FD6117B4BAEAB453F8EFBDA500A67E8BAF76C8A06566E36EE1184E8329419161F83D843D5DE7D8221
311
163E145F56921C3EE383978072129E290A9B7166E63D26BAB1FCDBF710009E4051842390031845F20077CD079407C575F20364C4910ED2A574BC357630B0BCD8DE39335EB175646A698458F6A346F003A93002E846FFE0C459B8006E506D79BF902908A0AA05CB5E73530E33BA1D3C2EF99C712B7C8B41DF4D2A7830BE8707
311
485FCFAEEB85A09AB6D39BBF7B4F23E00509C20DB04E240822A4B810E04D8D53D10D504C059ED86BB8697F514777717A8F8144D48A4C89077F7EDB00E2D89DC02A7B975640A282C49A4AA84B70B12BFED8EA6584860DFB7EE23FCB00C6BAF7332FF259FA3C9346508813E372F1DDE425065BB61FDF8300F7EEDDBE8D0C6EDF
311
46F7D8823478590AE23759D60DA6B7A9F125EDE8F4A5D2B37470D0B63C30DCDE3D3D59A8D1501EB1B0A5377517BDD6E301F995E3F955F0F58FAC2E81CE172A8344AC03DC6781939D2484B8FFC15E8F3ACCD3954CE19576B942D0A029188EC7013FE59AE90B71292DE774F1F63D60230180B30A2EDC65291B6211B408112885
311
6001A680015CE000708254891851D4B3BED0FA4D7166B466BFF1D2A924885AD12B387FC0FCE6819AC3AE06A7AA4B715F0927B74D119D4A668FB54B8A8C268D8B038A207D10A7B1E95E42195B695BE0240F7408B311257C23F581E987C180140C584A02B1670CB817CEC0A080F259F1360E58452013200E3EC107AC1DF4FD7B
311
0F6D23F33347F9527D9F51E6138E31AF35F1BDAAEEEBA3D71BB402E2FB47CECEE96B4DB85536772B07C82A34F3E66D0BCEC207FEB9E70643761276F7B50D5EE963CFF80C7AF4A2130F5BF8C4EBFB5F07B709840480DBD8007FB7EF3F90104908BA457D43AA2A6A02C91422285E5AAC143F3313A0CB74D9D164933B86C25587
311
134E8D342B453FC982860D09FD13ABE72055ED020E85D3E312F74C25CB0293D978A1C4001927C80B86FD06349126EC219F0C735C8053D8F5F310817EA01F1B7851F406144C211C6362C27DD51F1E310C0102280ADB891E9B085CC528A2B1369A46BA195B9A2B351862CE43174BA73FB7CBB430A5798F4C54B7333B96C3224A
311
9863AD02B9FBD8E63092191924E77C199D92887DA594B6DCF0112857162FD0949FE6A441F5E62E42FB2105BC405A2301A3424601DC807912CB2C39C604A27908021CDA30C4C8C2019A883B3A8BD393BB3546136EAF561980FB63E9E035FF73B96D09A905ACB2C11D79571C5159026227DDBDB81396EB03F14100BEB66DE1FA
311
9EF82C3ECCBE318119C4269FD014E66361FC8BB0B4EA9A98EF3D8848A01360430284335004C183CC25BCA82D2302EB03B8419241C64DF4F5ADAF77B533BE786334BFCBB8DA72BDBEFFC36103AFB30608A0B39B58D93F0BF42180841DD26BDC22CF0A770E90240006BAC65197D90920131C7B2EB3CFD3C71C6378A305EE8488
311
FC1FF8D391E2BDDB0F6E3F45E7C8207C419800DB410073A3173942CA8D5242642A74496FF115832A6314D9FA4257577BF7FCF8F8E8CEE8DEDE5EBE76DD3CF892BA7FB8B90F629431B5525E92A15A3A4A6FEA3FDD73136172060959206591F4C927196CF645AA285CF3014630121754261C0D31E1A7E3DA2DBDB54B04703BDE
311
3A4209F02045C4BB0F529A14BED07098A2A1CD47513DA64B512F409BC01663090796D787173B5AA141B1B39BB470EEBCF1E30F9D263ACC4D05110797CEF7B923B027F089F74D1D06F0A4D8C0CDA6604023FCA45B76C5CDE0BF3845ECBE13E0C0ED73700A8A753C1AC8AEFFF1B407FC8A20F42F0D94019121DE304077A027D4
311
112283BB8FF0072444D68AAD111D6F591BC0061854BBC048EBBE9E81F6A33A95C21BFD13AF3C7E7DCDFFEB0DE8903F77B41DF178E99C289895B0EA8CD640549D68935BA7C5294E0A1D66DA0CC419BD398E6265789CA1241441AC94532A3C19C95340BEFC68703077EFC1D307B71F3C500859C11494838E902203A2BE90EACC
311
5135B80B078804340C920C2300BCC06F7A1C71B875DC572C9BD1D84BD5FB9363CA6BA7D03E5C40FDFC54FC23C9B4B9DDD028787D89219038523BF64E638BB37CC25335937A00DFD32869C5B390C8C32FF25C8C47A7181B4A599A224A9DADB0E0406FEFF9F183B7448F081E3C55024FB33828784AB61704482CD0160C04174F
311
9E33BA9291D58C2F1F1B1B3B5863B0D9F3E51C35C253D54A23E560E2C0CB3A6F7A81382601C2079CAE96B7B1560D20A341E85A928A4E01083256420576C2ED477E2E565FD9223BCC691CF394D3D8E281501E0EE5C1C8159E92585D255CF30CC854C75318006EA4A01028EC853F9407C6053910BE105348324002260254886C
311
156260F9189EE0F8C9A3CBAE9D5A992184568A69D5183A7DB97DB089FDC57AEE54F858FE54F577DBA85309640290F2D220952620750C5811FB772A7876D1E4040FBFC6474D51246D8B3FB378283FB514F8AB3C20B8BF7DBE5DE541C9A5D3D38DDB30E00151E02523081BC89C2214103E0BC1B3D0199A08E002681A2613A261
311
6CEDF0F0F9C5DDC75DA395C25C0309C03DEC8091A4AFD3FEB504AAC6633930556DAC86EE3561941E862C4A75DD6B6BB3A0C59BE153DFA73EDFCBC3CE2188D3D378FC976D0EF9A95B7C8532F527CE3CF539581E0FE501291E9139FFB65EFF5DBD8E0C18DE3077170A64E033FD278F18068028802F156C3809FDEB11B1019C20
311
8D020C9BA2870457F0F8E1FDC7EDD393E3B9FC9C4308E9315704233F960E554802C14716B0B45DAB5EAB5E25AB7830EBB8D25E6CA94E4AA01794FB1EE164FE9F040FE82C940A4BCEF913075D087E85A7237D3CF29C47E4E676777779528C4781761F0BFBC1D3A77880E40C9A2E5109180D5255317890394229F0F082010354
311
082D574F1E3FBAB7D6553C2113DACB97BEB5526C7C6F69F9310A94C46CD89FF8F379AD1AA035FD00FF3F320180F01417A6F255A3A8D86319FE0C0B0E06A0DCD33F79841339C01E5BBE1911AFCFF7C1E0A540BFBDBFCF2372352686D863F83F59CB6865F43104007EE06F52406F680341102048A01BB048823082CBCB0B6AC4
311
8C313F3E7CFEF8F2D1FDC3D6F6F9F9D9E98D9D7CAE5EADE2A6512FAD7AB526E17F600C85550DDE9ACFE9D97E694513103BC69F8A2813176032C890C1E9C49FC09C61670FF8705B1D7386260E7C8E7122C7F8208A55139E8C8D4763F7EBF5728DF9C34677364E3A3F9AEFDEC9CD95470788834F9FBEC512379890B38C94205B
311
2557987C4186DF5C0837608DF0F9F3CB87B7EF6E920475752A01460E556919B2B64296FB9FB70DD5F47232A0F77465BF140CD001F00ADCA175090E2665A14E6329B62660E02A1CB50C6025E3DA252A670B3F0FFAA5EAD94A509FE7036B159E0D1D9F2E76B7AE1FD5A606198D3A747AF450023CBDFD162278B9446688111009
311
B4029B0F2180AE20A542D40610C073B47FEFE1416B2B12200F3C991C2F54EC2491027A816B0A34A9D05C6F437AC23462385DADD75642EDDA738AF1600DBE07EE8437804D2D011A94DF71C2085EDD40266A407FFA1D1C00B0C03927E60338E3B9D8C47D1F8CAED578E06F7CFAA4BB63B175FA7C301B747CB377F45192003CB8
311
FD34B12009224543D8604494011A80C1903CE0518C986208E1C5FDDB8FDA161686873BBABABAE74FA637BEA894A44078C19696F326E057D7F95D061A6B0394A9D5F2DCAAFE4C2388D8A6E9AB7695CB0BDD0A332430F1A9333DA41D1FFB97FA09AE84E738C75C407C260408F8DBD5EDED7DE1570A7BE333C54F16963B46AB0C
311
2B71208EA3D16EF4EEDCD7005241166C005A73C03164792151205C007288AE337B4D7103741BDE7B7AC913350B348B2D767515674EC6F72A0402BBCB41C81305AFCF05F2758D3ECAC8D26AB97606DB9581A4B7A8FFB068CD5C0604E6849046B70C2B60FF0CDDF93C13822B4E82FA0479A68220E66D9FD775FB3C1A9CDBDB98
311
29B6AF2F77EC9E0678FB20ED8D1B1A1A39D10F9812E20D6281F5673121AACAA9C53424000DAC173F7E18C3052EEE3E78E7F1160F5AAEAFB70E0F7775CFCE4EF384DDEEBEB9C0889D5243BDF557559FEDE5F17AB21E118C4C31A3DF6A96B56AC62180293910ECD6B721047664BCFCC6B2DD3C65CA0F0C823DFEF84083C7ECCD
311
F05898EEF158F4FEF97EB9C123F1B9D1D1A3D9F9AEC5F5CEDA84A3C96C14A55584D62893D6A54D8D2028D05C8B1F124884543F3223B29D208B04910D3FC43F5C52196AEB5B5F5E58E8E82610F08C21BD443801233C0CE8BD1E40F84A1CA86001990048031ABBAB11EF83F9283EA89F181F2A0D9A9F62D94B7F625FD727E6A9
311
3F63F200F614F7CF100D4511C07DB45FC5F0CB4CA359ABE4774631FDAE85E599EA0878A3C33D5AD6430CF4C055EE5FDB80629000D7855DED3F436F3B61B3DC7FFACEFD2B1BC6FB0696312CFA477CE87A87070C7998E04FBA78AE3F915A065E819FCF35B410321D9ABB308146A11AD5196CDDD7C477A171C8AFC74B45CBC6F6
311
41AB53C8D4ADA5870C02379BC0470CF83DB55F073E29CF5CE5F7A3F8FD62EB7AEB1774C2C6780B9523F9287193FD23DDB79FBEA513B45200E2E0C1B51350163AC19043C600F2C1DBF7DEBA7BB9B5457BC0D840CF325EB0BBABBB786D301437000020004944415472B491ABCCEDAFC0591201CAC8EBFACBF367FE7B6E40E69F
311
551BBBE7123E3C00AC560CE20C62436E8C3C54CC225EE08C0D74CE26148877689EDD004FB2BFBFFFBB984035373A7954EC5EE8591FE531348654514DB1D1C56411DFA2A7C212BE5ED91278F2851A432244C6822C29C85A8B320ADCBDFDD63BF71FD32648E7D098CD018BC35D7FE89E250EF2AC75F96C15271602687965C844
311
B8807C6E7729D93F22E81D39ABD62A0820C1FE9F11CFA7208125D33E96FD69E83AF6052DD32D49FF0802CD9F9DFD39260389A950887A647CCC99BAB17132DFB5DED35138FB3A060F6295AA5E195BF0BB56495A5A4A8FA440026E46A047D40ED2520A441C302D240F201FB8F7E0EDDB0E12A04D8816215A0579E8FE1B1281E9
311
F19C9900DE79842E2A7CCD48E9876EB01C75DBA0E0C8D44AB5512947A00BE7CF5DE9E1A6A6BE43CF1A78783DFD5A404E4477336C1ED8B18908B2A847B2AFE9839E891137A6673BBB96FBBA2A4B8E9373B001F08369BA11BE8ABC4302FD2345FD6014A127068427D007BE28B41D9B0D40FFB7EE531FA673C8870A69135B1CEE
311
E8D009C08042A5B4EDA314920B635BF941E7487E45256439DFE9D276295F87E698389CD49FB394FE19720412DEDDC40E9CE9C6DD605E0B719FADC416CB15AB3A61F9B5B9B9426E54F81D8B03DD950946D432B40CEDAB7BB5AF11213CBA73C9BCCCDAFBCF06127C7980FE6D1DC9B4DF14832D6568FEAEEBA76FBF438300B541
311
064ED33F3AC0B0D10505306FD370AED02859234402F6C3FED006766DDED2034D90D119057225EEE3DAF787EBF30EC51ACB4F551678BD6728E1944730C095F13E4D81A4DFFBF67C5BEE37E62A85FCCEC6CC6C7BC77A5B477E22223ECA4FCC0F87E2A5E3EB782BDB25B8CFC6736A044DE5A7CDA604526361D650484FE283B77E
311
FBD65D52C1C73C4F48E7D0D81ACF572F2E2280F98FB230508FA906B42DE240ED651B301CEC83DE1790C9FD96B6CBF986BECF3BD332C18EF627A0B6EECD5B152E02088D03D828AFFAD26B05BF671B4F9A09A8CE0CD2707F67F2A4B3BB75B9ADA331C1305BBAC182FB4A79820B7EEAF73199B8404C0B81231CDCBB871B80FC41
311
FF5860E8E108222A1A076C29E6E03B6F3FBD4F1F295DC457573C7ADED636D6B7B8C88413DDF3B327E1046AA51040B40CB50C7E3F1D2E44DAD34CFA604029BFFBE714DF0C069908027EB275F1F366C132E1A7450B04011CF82B2B647CE754F650FF6E25BF37AAF65B7BDA16CAA791F1D09F6CAB989EC5AB7809BE145FA459E8
311
D3E4B0FB47DAEF093B946FED585B80FE1A0305FD5330FEDB4FDF79FBF6BDE81D8300CF6815E5F9896552412A03F31FCDCC7CB5E32365550CD9365FDCCEC8752E943161D78047336F8AF6539840A1F2E764FDA2970999F205CD2BD1F5CF496571F76EAEFA0E1CF8FD2A55FD06391F9EEF8B9DC9994E72BEBEE1FC928E2F223E
311
BA0FBFBFB4F2DF137BC894B8087643D64ADE6EDED67F7680FAC9060239E845FC94AE93D880F994FBF71FBCF5F66F9F32C292EA900F9C1E6F1105E81C5B5F58A067A448143842008D7275EA3BBA3D2516FDF02FF79260020D6B3C714711F3CFB61BFF56A826E627E82256F7400FB387FEF23C1C1E77FD6A21EBB1B2B35F2F95
311
E7760BE1FA3ABB3A981423477517EEE36FF96F122B942F6FB64D9502BD1B9089162532A2FEFED255028FE653C9F46FA321E0B588B7DE79FBED07C44106CC85133CA65190543004D01D02D8181DDDA5A9C91A7110805B7875B689FC3902200FB192E7DFD936B37B57D9C338BD49E99E181F4E5FCAB2ABC1CA7AAB382CBC7D51
311
5457CFABE6FBC63D525E5CDF74B16378B9AD6774A58531912D232DF01BAA913DFB7D3AAFF912984302B84D0500077800D26C60A4742101DE420C610C2E92FA93056022EFBCFD5BB6B38651470CD33BD87630C05831BA864C85997B8754B05167F0706499DC442FCD22592AEC2ABF3FF13F950039BF159FA9B36ABDB2778EFF
311
83F70972B83BFD3F4899E64DD8346AA495CB155A7499F2CE39B0AAE755125EB84FD8CF8D8E4F4E9FB4B72E8F1DBCCB98B31BC4607C2CFF21C8145FB48EA0F2159F86A3098415609554DEFA7B27EF1301033DD06D274BAF6821D220DEF96FA4CBB60B3CA241C021D38E1AA76B4406B4767576166766A6C7F77273F5F395291B
311
BA19F64F2E3095C14F3E60371827741CB27E89543857D6D96BF9A47C6A9A26057840332EB843717AAD171880217B71FCCC0355AED3D4819911F79D0EA8AD6DA31A83E36C5DC2D470295C011302387069158F6C9966022367ECF1D00BA9BB95C389AE7B6105A1FB640689033A7FCCFFEDB762189103A61C3A4FEFE0D6A6B5A1
311
9EC5755A443AE78BC5E9235B047890A65919A0D2F96AA3C01CEE913BB3ED239C3E0CD8DDAB99E4348BF3F8B977B6C43DEBEFBD7721A839A63B94C06A10DB87FCBFA3C2932F8C26F88B6D6BB30C3C4E09AFE40FAB52EFAA1EC0316920E031A46D65A0FFE45A673432E907FBCF86717AC04F2CD0EF512D665FF53F05BFCDC434
311
89F150890C60A8E0314E70A06F619D30D841189CA15D3417F3CD50191AE4396543F0C42BCFD696C58DF163F5B46D708BD5FDDA5E5E5FDF9401BC4F7E00E8A17520833D1CBFF495B5D1CE037C664123EEE74737268B5D1D3DBFDA6AAD8C08DF2C0BC7A737E10AAB2A7B958990CEBF556CDBEE823CB09FB344143463C630CFFF
311
585D330CF0320E921744A7918280FEEF981161008E9FBC78C830217A07B7D6985E83F9A79884ABB5AB383B4D7D788F9FB3D867A2112A43F19042B33A108690CF6F472F8661CFAC971478757F6E6F2F7AEB82FEA85E5715941778B278281F28C268AB24BDB470EF3303E09C359E9DF1CF990D8A096106E6A66C8620DDE7D281
311
DF0B2831F20439A30D68386CE13E002F7EDA8D7806162B205D6A19AA1FABFD6B1B400EC2BFFDD66FDF7E8755B4883C043F43046C1326136680404F1F934EBDDFDD39CB58A98DF1BD7880E0532E671FA1435E9D6EA5E9071000BE8F262E7C4044FD95D5FD526EB40A05A634775F32205C3D779FDC168CD5E56BF982508BF572
311
BDA4F6F57D3304BE9EB18149461B12F760D7485891CA47CFC44909136FBF4931716A2E100123FC6CCAA6A644F25EDF4AC980B14039009BECE8B798BF69A05DC5B6885CD23F8E13A46FF0C0A986D617F001C52241801E87C2974C31411DA3A5D7B6175472763D637D3E57C33B908F867F4A59CFCA7923375E5F027A983E18BD
311
7BD4E6FDDBB2250C1529F4202EFAAF979DFFB1F2612E87EBEFEC58581EDB9AA95AD1D7C1905F7305BF8182D5BBB524D47C4E3B81CD843220DE1E6536497C0962C225F75A2D6A998303B23FC501F0B3F736EE1FF01200FC8C99F5515207C9C40081DF304C0A17D06E26CCBC5B3C47459308178301FA8057C2C0AE9D99B05F03
311
8828B08400F2E3251254DD7EB8BC4853B101F99AB48E387457C96951E5DB670648BAB70A7B04FE93EEC5F5B183F9739C98952C6845C380D401B8FC86E70A20744EC720E09D35955D96A9041720196D183AC2CFE6AEA816652D0234883D788BEC8F5DF2615261DB031C2381092401B48D8D2D870FECEA9C3D99DDB036C8A051
311
058030E32190976718C89F031DFBFF2EEA3D88606A8A19BD0AE305BDFD12BA4FF46F1A0002B07137989C748936E9DB2C91F43B07E4E4D16C3779CF5A4FFE8CC981F07C29E34B7C012AF0054FAEA4A6A3D49D3A16D2B3CF220A029003366663053C89B3FB1827080DEC2780076FBFFD8E39810CB0593CC68B5D9009F2D40041
311
8028B0BC6CC74067E7C9CC0C2690FBB084AA5254A12AF63543B35EB40D17B693F7E3464D5094C00AA9E04E0E0524F5C35C5EC6BA94B21AAF2440725E2A9FF94FE7A8F0E769EB83FDEB039B631B18BF396F5C13CF89ACC02C387DA56DC3B1CD84B96CFAAA37B55FE723B611062258257D331F186AC93D8AD600B4FEF4AD777E
311
4BF68F2168FF08C081A37AC13446C859964803961928476D78F68419390D830C1935B5C2A0A22A3AB17D3D6428BF12DC373B8D464E04C0A496BB3B3B75639DCC2500E0F0B15FB6F47B5A7ED0183A87CAE8D535F2EDBD4B3B7FC762DFE65A07C30B2851DB890082ADC07131EEEFA3DB7DD5CD32C0860CA83CD4B7993A175F42
311
2A8149B1C1D94C1145059D9C78A8A572A90B7C8B1E3392FF77A80C50220880FF3669004E90F101740D2B808181455A044904674E7482CC3EC85C4BCE339404C0B0BF6A5611E4F9B8157BAB6DE327EC9BFBA1B4557ECB609C1F45326499EFB90EE78F18227F09E563C9E63D847EDB3B68EB9C39E95AC4F7ADCF7D87F6752BB6
311
912040281E4A0D8A8314E80D60470999B8A51FB1488A66A9F3F81FFA61C83F4FA6969E472288FADFD61B005E0EA4284822E018911828E868614DA0C36E11F3A051070BF2F0840E35F200E2C0C80A776CC9E7E6841C0503D0EDF15ED9AFE527E798D23BEE5F0604E58DFB7099D739BF0BA5D332EF29F1535995BDBD0DE681C4
311
F71DFE6A7AC5A13554AE6910963E9ABC9A0DB5B202225545F5CFACC942B5B93C207352B6E5310BF349AF200175D7DFDF78F6D683B7C87E087FA9B35812C4F8F13452CED610A2207541E6D659A739441F3833CD0C9C3C3DC2B0712F62333C4FA9327C9CA1124904B4FDE0FE21C119776CB0C212AAFBA5CAF80EB43772ADFE77
311
CD9FA8A4144C54C2FB2304C65F62FC3678E4F6C68F30FEE1BE8383CE7DB86F58B1AE0C51F0F055E188D02F00911DDB0991832228B3172B3E623E513FF1734FF414A611A603163F401BEA790FC9FF7FC3FD3DB02DC00184145B850D01D120424DC03C00FCEB7880EEEE939399F1F18DBD4AA54C939899304D913CC2D5CFBC55
311
E50C7FBE4C0E14AEEF53D6843DFF56BE2D554637EA047D3C210E2C61077875FB5B40E19F43AB7470CAFE1C0D3ED3B3B4778D1DF6D4F837C08747180FE8394F2CA1E0A46B6DA62CE2B2DABEDE0B1924098580FC16B369730E9E90541D3730D47FDE16EE1FFAD3419CDA05ED1F2715C607F2E81893AFC5936303F40EB776F1D8
311
08BDE393A3FA401E1C706E154C892860AD74A2949C409E28A8FB3349C764D13E4D1D3468952B7B1B35001BF41142CAD58D6011C8B78961EACAB66E9AFBC627673B61FFDA4167950A274145BF11EA17BA9AA60815C2C43AE1F648E3772E53C94E6364AF826019E723069A8AA353A3BF7FB5359281700061FF64C28C10B9AF0B
311
70B0B0D30A31CD1CFD22F68C76DA1E44558869257892363C091D313EFA46B57C3BEB252E9C6BF5B4799EC58F1910F469E25AA17B343799DB3E33CF410061F96C6D63FA91B1000CEBB7D2971BDD39A2A76361E000F5DBC1688D47CB812DD60F8001AF25B328D173A9E4BAC18CE9F1F628704330741B2649B92E9714447C6855
311
9C6CD2F681919367E4811100750058809D0230C087A89FF3C80C23C4C60882E481F48D531764BABD5CCECA308DE2F63D3BB50373D630796126803C2D1FBAC148F7592881B395ED7D26B7DD38D7096AF98841CB37592561D9C6565317AFBE9FC4AF7371E060736C7635E0CBA1809FC80F544DBAA1F2F9393D970D44C0615A0C
311
6930E758B9E63AE690F73045F0C8C0731DE9CD80F718E94652383458799E02C06D328010011C7090D8C5E5336A83D4059953877EA1E1D66FBE994F04608C4C991917230FB61F9AEE183A40AB9108D032449FD1A7283DD25ED15360EF7EA9303EDDC0043403531EDEAB10DFF87F5E2FD56DF0F1B701A9F614DB17FA0E0EDF6F
311
D0B1622A81FA3D1DE5A33F551930335C353A87F9AB05C60455193448246944A232C5D07636D864CDD7A50D0B4440CDCC465D1C418321F50E1648D500294065D869559EF3C40C8FCC6C323E989AD0F0C73142480B200842802C061008B480A9954AF282052B3AF67350FD0DD30D1F4075AC303A5D490250F5400ACF47965686
311
1E4C77AFF327F3EBECA4B57B6B6C8FF62602BF150744656A87DABD7BC6BED50527B2120C001A0B3718C74F0C65CD34F275164D7968148DDF259AB8AD6CA81CDA4E8819509B996A7F642D987A401A2B04018C01E6C169A8700F9DE3B489DB2BC49C9B7B858A4F50D22AE15428FCA4A1EDB20C83492690CFE361CC7F8C8066FF
311
D0D77AEE797977F468A36E0B0DFC87F90EE6348BC748F7CB73B5B9DD5C6EE7AB19ADBF6DF359F1DC2A0F9E44F213F8041F64274C0859A2AB7C37440FEDDD2F95BE44065F22067E3EA0CC3BD8C0D8194EAB291CCEE20B9CD8E02950AD806080047A279F19024C837C848816719AC4A34DF8F0706CED904E8185753A458A27E4
311
C1E37B5F30A104932BE140E0BF4E400160F320B054A8705042FFC47B4940810173F9C9E97240C7FCC3F3813EA239B745DE9F1B1F3FC2F9330374DBD1A7B475923F9A2ED81716D18D1B577DAAB9D1A0458655AD3CA7E211867AE7C702DCACCD291E0F798013DC01BC326087775C0833E04EA3778FBCB8DA4687A0255CA0AD21
311
0C15661E4E92001A4449031D1DD27D327334BE830B64DAD90CBF537A45FBD4E94A7A88888E715B7E74FCD040E818BDC1BF5AC609CCCC015DED23877080FCDC47BD8EF3A7B783A17D33F3ADEB6D6BC7AD75EA7C7852C5B6FDADA6AFEFC2D181C03F8C40DD8A4AB5024F0B72E34B57BC1182472DC80946789AFB711DB7F1193C
311
03C893B0345F420246114D3EA71D04FBA731C0DAB0D3CD311B218F0D5A15ECC105D02F3AC32F13600084731A83220040019B03180634B5923D438300B05BAC80881F061095FED5D572A3323ABD83F1D37A2301A8C930AB3F66ADF7CBEFED30BAAD7D78A06DEB6A87F15491F5AB7E25842B6B34BEFC12C8A159F187C64B3CBD
311
2356DE5FBAB98BBE9583F0E3280C0076DA15BF34C15238145742B07080B1EFB83382F9FEF2239D003541041083C5AF9EF3C8944DC2030BC3ADEDDD9D27475800693049E05413BFB3FEB4308731512F13400D06F813368A0101D8D863EB3E75FCCADED124F532AD3F123F131AB46A93DF1ECE7F96CE9EB6C365C6D6A07EEC46
311
1FC919FE288AF7AE1A7D012D291EB073735FF26BBB1C99FB706E972192819B7A34BF22424BEA1CC7958AC2E04BFC8E02DB90A4A1DD04811ACDBC181037864672C78F6C0EC3073A40CC49D5E813593B7002763BC6A909D31AC86F3F6E335C9E1C309BC58F16418642E2AF6B290A34FEDC0CFEE08FCA0F56700699CB73B9C993
311
02AA17BD516D7F1FD755A2B32B3FBE7134D3BEC813195BD355020A7DBB541539CD2C06E45F46FC0EE08293E6C0E1972176D9B678340AA1A4823404EF79B1E2347E47C35D0A2260730E0B513025DC0BD1C07E3366E9B9D17F767405FB531070700035618606F0B40C73C974CFD321B0C174A80C0F3AA54945FFEF348F548889
311
5713E89B5C98DA501E06D8D24FF04FF0CD7ECD7BAA755A854EC6A180AD13BE094E8D5D63BFD6DFA5F5D3E4DB1BA18FD8473DC6E17FFC9832B71A2A94D96E808BB53F9192955D62C82E282B05168AA0927D54AB20A20A74800B7CC9655C8B15F62377CA4C91641F9F4D0478F4FEFDCE273A002CC0A725EC165CE3A149F0333E
311
8E9600B2C05A7D15FD831F0938DBE5D0FF13E3C0F0765965A0961C3FA86DEEB0E28304747BFBA5FCDEE44C23544F7BB7BF7A132DDE34F99E44EC3FEEAE92F667A10F7E90B0E8C6442DF5A5318B0F816311DB2E6DC6F172C363FC800EE09186BB9EC82A24C0117700CD884AA42023B81EA6E0CF8B3056411110D78606EBC5AD
311
5417B45BCC8E61EA01C4006AC233933E35D860BC1B6CB9C9CCCE7840D2E0C1C1FFC11CCE54D59300F2B47D66A10F09D8E24B71B9BDDF98FB62A3B897C53EC88D16D1FFE8C649B17BB8E760EB20B784F52F992544753F2CBF642CD3C9C70D8722C197142C567E74FB431EE248A8F3FC00377F5142144A82FFC28AC2970A780C
311
85A7EE9146FA4B2981F3C93BCB0F3FBCB6DD3DE69C72B6073B99140DE28B8E919D9D9E7C2F5FA99FC1FFD07E9AC0965CDAEA0A945FADE52C791EA989E8E7A21A355FB37E44405D171B98A6E946DB26AE71DBD01FEF07FD378F5B4B518724481820890E7486E3FCE61A60E096D577701890EE07CA5D7F2B086040749FCEF3F8
311
1972E510A86359C9BB579883035887542090614E5C4461705D7CA1CF84DB564838606CF1597E8119790D021080C935A908324EDE9F60A04B7830A33F0670CB08605B8D01BF9A3D435693FAB4FD84EF6754930640C1F9D74B052A7ABBA9F502B39DA3BF6BC7514EA4BEC71D752BFDC198EDA8DFE8F32B3EF811E4576B0A2074
311
B99B070A069F60173E7427BDF285024E35A4418B7A412914F2800F1965C4F1120A2D5D2C64400563D5942044807BE7C738EBF3034C4A6F4D70C04ED1F97673C039FABC4CFF18866E08200BB66BDC9CCDCC3FFD1E43BEFC52C317F0F5E64900FBFCDA4DEE68768FFF46350E0EDADB7B34DBBEDE3776BC55599AF84E312229F9
311
31E700D04478D66A0D88D09B2276141AF0F8811C5F8067DC04C0F90929F7F1AC9CCD368488AFB965C97B855A3E2E93AE5B4866502E55991B82D4388614F2C36B8484A5FA06E3EFFA984A6AF17D5C2073299D9F12FD63826F67FC460E54030981684E9FBFC22009A3006962285FDF4FC84B699FB5BEF3736C6072F6844C15ED
311
F25883037DE6BB7AFAD6AE164B367812FA8CFCA6FA25725D99AEC5C6EDEEC64ADDA2BE0056002032E1D7A20A54CF444E360D520A5B69816C0A953CE0434A8A898BF18E2B704588C01BDB2133342F5404FEE698957C200EF54E31BE6DF4E888C9C67F5F3F1B41F922777E7FA6332677C20098C59F762F5DFE4A23F9801A3BB6
311
F8A4F66E0D40EC867E92DEFCE84C714FC7CE8DD3DD3BDBF9C781B1C3B549FAD2C89D711808CAB100E09700BB85240374A7209212F320CA577222A7020E7824500179FC7096C714884BDFD9499E027ABEB3CB0226CD293CAE6E0C41A6788F396606A073E28CBE5CC67D584D36CA39D37974FE1023253E3FFB007A26F657FFC9
311
01D851130DDC2BF54884F20D5D40A0B7E5C7BCC7CC87B84F2ED820192CCE1AABA1FF24ADBE1D03635B5B3B53D4A5F84120125FADC36A0E792D3AD7E255792CD5241A4C84171F1104090017DA493D0A7790A7BDE6DF326180398E4B0DEADA5C2763825E43E05C388E184678C88CE6422606C017F030366981353DF03A753DBF
311
6370879F79889DD0BF75408724DB53C5B0063AB6568D02DC47AE4627B58D7E367A6000267E7840C23A0940B992DB98ED1C4731B4FB4DCFB6D3EAFB6CAC7646F0335C5031888CD74E2103380260AD47176D703960230370FBBF28813524C17FFFBD6288BB28E4F905ADB4A788B40B4A6201C1878BED224DE9906C4C79EF32EE
311
679B9F5D3B5DFA137327320643909A823F62106CB8F9BFE4BFEAFF0FC7A6393EC7F64A698EFF8ACE31BA05ECE6DAB6DF124118D1D13F892F3D3530602E3F3ED3D59DFB821ECFA3D9AE85B1ADAB9E328DE738BF55D5DFD039445AE76D0194180F57B15BEE5F09C07F952F9A10372BC894CF7DA12CF6507E2A8916E0DF430C51
311
9485C55D61EFE209912D8C32866214E121611E22A0B1238DB18E86636A3BFAFD5B4EE02FF1E505F902BDF424D0516907BFC95EF3A76B6B3872769D67E25B548F0DA46E2B93DFDFD5F2B9E9EEE1EE1DCC7FBE6380DFBF38A165CAC73DF912AD76A4690D2B766A3EB4AFA2D05BE543EA20B095FB17AE3F1928D84482049B659E
311
671A4763CFA567C08824913D37F2F92F841FC244085C1681225C04AD6DE1684831682CE0D6096B56101C0D4FB3A1BD3F11FC1105AECF5660BD3FEEDF162B0D9DEC6DB55AF27FC98050BDDEDFF63ED14B01336053A19DE9AEF5F5D9E9D9F9E19ECDADCD497BCC57681922F327EB41FF681E17C1921B04FBAE371AC69E53F981
311
83E91B84897A5DB164158BD1D12FF6F6BEF0E02847727BF2628F9FD48B6FB11DF6928C868B29590A0606F92140D0C08850DAA7DD8A5FE8A50389F61288AEB743E9C801BB67DBE0A7F64F63BC87770FDF57AA73FE1F5A84F8DD3AADDFC32087FBC0A7D645C327B97D65E7A8BBA76DFD9BCEE1B1CDE3F5F7CE4E6DF4013ECD7C
311
B60BD1239E8A4E9A5722AD9C4FAC8F7FF17B214AF8801950430639A08E3ABD05A0D94E253BD5951C885B0CE750309070555FF21F2EF83FF53F4E15038B8D8A244740A5C9CBC120043DA0B323FB1DA0A4EDA268C05A304619505000BE10415DE898809DB6B66896E60AE347ED3D6DC707CB7D5B5BC374A158EDC343D0EA61C2
311
17D4878CBBDC1D85686782C3CF4272E7DCFB5E9EF628F5A95AC1AC0C6848F5771329EF8DF2BB79EFEDEC8DBEC72EB7F245287FD4B31008AB38EA4D52F2BF57167159E3004CD8950E217DDD6F699FC763E9D1A0AECC701F7BD4430A3E030374066938F883C01DE40E7DAFD609345E33570F4CE6BE467FBD7F793B5AF2A9D331
311
D86DBA7BF98067918F9FCDD609A0384B523F4413B574B818C6889FAEFC5E7B8F90CEFD62BC2C85B2478D54DD076635BE434FCADE68B3ECF1C8708E27863DBEC352D87BCC7A92A8E135700CDE65BC114026DE5DB68275E656D2C0D4087293D43BB4C9C14EA83C0D806783B40DD7CD4F19EE9F33801F55A3F1FD600017A6CD5D
311
E607783D5F74E34680E7DAB98D99F6E5B5ABC7F7DF19D8278322F6A97FDB2FADE1539BD945DDF868EE2B8B70D9EDAA45D1BB0A5801198CF1DA891540474745BF0317F8A3703E02510AE94B084221F887FE950272D62D4232781054A87C58D015CD45EBF9B70E60820A2056E9D4D619E8494BBFA68B61EBDD8CF52CCBA124BA
311
CD4A4077E8420A7F36FCDAF661E577B792A7E1B7E337C7CF1FDEBB3B49F501F3C7366C1730E793F51FA20A9C3D2E9F18E63DC277449054CEADA36DA0807467D45F8A744E1BDED725A033868703F1392BBE221158220588F30574A0B0893D0515B0B7C404AD0E7F40C11D504C49BD7DA39A85A19CD7357DFC966E5D92272FF0
311
6D59CA5A6A1C8AE30E52F1247C1F1D78F81887F9F3E387075B170F9F5EEE4A7F5BFC69DF02FD8795FCFFAB472E7C88D563DA514861B85BD41594A75F5E866BE69471110A9F75C8609C7E6BF6C7C727431EE3E9E3773D2378C25226E82C08104A57ED273FE0921D6990E02B006BD038263BA360355E8DC446A380F0BA35FA99
311
45A80CF60DFD54054202F91897C241C147D59F8E0FC67CD0F2BF377A3463F8BBBABCFBD6833C57E214AC3F5AE9C2FDE88852968F20337972C7E04EE5658223008AE82D93BC37D8DDD900BD6B16EF221F0D4149045D740A8A215D4FC186C658E01994B8CCD317465828704BB630DA2243B3B4ADD3EA554A97408454148C04A1
311
A0CAAC2E04033C04073851F54380E0BF2DFFA43FAD3D6B574F2E1E5EF6E5F4FEFBD1CA87C161FCBCF5C7AAE2F726F814027BAE10F79BC3D765D61D1803952210A9AA07F8C6BB2105B61145B324F96014EF223D4A9261080239F03FF6F4DD4975C183B887E081F7A467A25EAA0C94028FEB808637768B07400A8235D4EF3314
311
3253198900E079E3FACB0C59B00F827A5785A6FFE2FCF0C0E6F1714F11CDE5140D931D707950631F3DE877F300002000494441540ADFB08704E252AADE1BD4E8DF55796A32B9B6F17737C67702E5C638682737286CB0E0A89B624D5BF28222432848C9AB8C07170C97B814FF492A61072407D638006F7C8400860444C01B19
311
30A522788045633DFA9507267A3A42BA05925BAD705CDD3792FA23C1075C6EE768A673919EB6C3FCFE7629B7310AA794CC9C0D14A1FB88F95C845BF22543F57996E0B26C9E4C2ADF187F979F8A55F11B47BC26594C52588518D25E6C2B1CCED231EA1B748F093E5726A21A54C91EF95789041030C20FD5AD68613432E19A4D
311
0DA2505B6BD843516E10BB00AF9AC315EE9FDB39CC1F9EA59CD88F9CD071D470C86C4647FDEDDBB1CDAB81DA94034747A779F4CED497CFF817348F69F52E55490840E48840BA72DB71F3E84F6DA2F4717AA928F153DA6E4C7E8E00363CEC9A2E1C8E65F298FC4A52F087FCDEE5CBA38A80CBE11FF7BC2AFF249203FFAB77A1
311
28A001B1987BD334AD9B901890A8C2005B6B248196AD09C0025ED841325B31845032E327C531C839E66DBAB39566B631C2FF0A1DA5A3CC47E665AD8751B47CFE33899DF047C9F3C365E3B11278D49DF939298E09002F6430F9958803309827A7C791048CA070061B7E9A64C557D235F83EE24822E5EAB805F9862F20FC58F4
311
83DC0EF02181F572930205107E00E523861895A2811309808F2B6C14B2AA579E893753C155D2F54302007E9FF36AC5FEDBCAD47E182D91A73920CFA5C18E01F8FFF4C3F1FF553BCAD0E58DEF85DD63B91BE38ECE1A9FFC4AD4A1FBA30D462C328C5A0340DFD393D3D3D3C0659195C96990F391EFF4175213BC74C020922D48
311
30FE215E76940962BC0713A3B82784C0CB6623DC40D6E1485BAD454F6892200B225096127FBD82D2B12006BAE2E329C771E25FEBC0DAB3B5395289D56D7A8A89081B34EE06F80F819EFE75C67DEEE95D227E283FE98A7B9F1C97D2D05B4D07A469153C3DA3048EA68FA667A6D90E291C7D7E2D063E4D044964D055F2DBF3E3
311
1BB851AE9F78A0A7314F0AD24901F581D74A6929142039C65AF5830D1C809536CDC05E4BA51038F79D713DA930CF18BA3010E385351CF47F74D439BCBC793556A1F99814926AF12835E251C59BEA3C083EC2B2760FEBDF4304C9EB87B35769E1EB24B648542CFA4EBA9EF93CD42F03C08F249A2C98897D8E2225E90077823F
311
4A52171A61219998CED6FA050992B6B0A74A2220ED12123004FB977084208F8E2AFC80F456CB110BCA647A3A0F854085D84FE0052BE31FFE7F925610BAFEC06FC33F9931BF063F39DB3D1BB20EE357F594045F4226131578582CB055A59A073AE0413989D215019B6EB8A21CF154D71164E0D8F4E730C2CD382D098DA52614
311
56A425643686BC8301710F2C50665881399156AA2B4C3191BC555728384800CE10040F746A3D8A80A5F0E500A93456FEC52833BBB45203DACCA37FE1D3EE4B9BF0EC27ED47D89B8266F11EA2DB8B5A8BB93EAEDF0C06B7AD0402B9EAC6E787365535AF19F15158308A9D9785C1BC1C01377F8C6B4D07B50DAD25649764A91D
311
C9812C7B34CA98184084F7C01055466B48058CD44085AF26648520C85C41C67805462D8425680425559F4440F3ABBE1F3F81B1EC72708767DDC8FFB6465796C8FE310FEABE0C9B242A74137EC3E0427091967023299BE5D6D4D0C6D15747DC2AEA4ECC57C72856E827D33CBD319D70FF854369EB841282F84B7CA4881447AC
311
FCB257E252E00FBB3272120A75B99119840858486615636E0E0334031AAA8C08A62E080053A0AAA4158431EC727A084021D41CF5D630C94184F6FE7432E8F5F9A4FCDF3EA7CF136FC2988093F98ED622E38E4976E1BF0CF49D2889E6DF3566719FE1F9B47A2D3BF89C69155DCF24F88C609EE551160F0415900B4C48FB013D
311
8900A9192A700748002924771A3686A0A580FE4009E00ACC090253E280B90AC15048E047020483A038A60ED232831F2CC90498648690D960C48E439F18F4DDBEB0B6F5AC7B7B89F6230243B4FA160A7B9327F3AD5D937C8BFFE5FF8B3A5E64283BEF8EAB9F71159514CFED62DBC880614AA1F7994CCFAE7D8C87057F451733
311
699B8DF87056E1F0654B5021E38097E4E23221B810DE20559AD183A61C2C88A648DB096081E9801CA00BC1DA0124E08DAAC15FD2936905CA8DA1C40E42B13F1764E0C4015EAD7F8BFEC99A310B1B7C0BCC7746D3C0702759C89EAD57122092122D1F857067684A578F1DAB7EAC400841F493A468113282FFE42316CC74C756
311
B1C880FE78795C692813CF4644480EE9B02991BCA257A71861F00666D9410288487618D120D0E80D7773E2B7DD180E100EC98B221C94BFC4FF531A09B986230F1CD08378A8E4D0FDD7D9B1BC75F5C12EAD7FF83F3ED19EB018620303C217A6A35D826E72ABF2D8E2BB1B783F6E48D2E3F360806E1D192085D022103473A103
311
75B63853EC54F500B5B064DBC20945B88160DCF7E4F83A0200BF6FAEAC88E9F54D22D898E43F378D20B51B5D6B1457000922202800DD401A9266483029C0D6D57ED80D42A0E6E08835F0F3AC73D7FAE6D56185F04FC44472B854EB7D9CBF7134DF3DDC35A9F6B38417DD6F508B37C1A718B0D054124176F7222F62DFB327F3
311
4D451799D56216880193254FF782D7DDE26C271BF38C6E422E271CE4AB8823C9510F021126A7A944E00DB4031D013C88EA0746C96D4574069BD5439C4110403B40020C30B07A604F1E41D19C21A93FD9002DFC35F23B1E7B98E95E38387E3603FE7393680410D702FF9ED5A3C5E5CE68B5827D721FA78F3A9A0C08A79722D9
311
C9B418F46C0057BB1640C70AA4A03D29CECF33987596D53CFB27B32C3BE304C540E14BF8464E080918268D254838C91A01F0FFB99154FD8A9C0495EAA6534A6C464440B4A71E16100E7405088122A35F7A511DC003D002E6C8E7E15F6D1D2FD09014139EC11FDC89394621F77B9F88EB5A583C41E2FEDBC8F82334494C0BFA
311
97FF3C3A34ADE60385B60E5A30CF036E5E75370BE3B83AE73B3B7DC0BB337DA0045299ED0C66681E4AE223D01B1BC3BD4C921E2005FEB5114739040758189BA8A320067B62A3995E4720055065AC2B4A8006BF8CFCC907C0063EACE41813C5F017065AD46CFDC6FF1BFEE052932CA3478C8E5A6F25DC8503D40F61FC1B047E
311
4DFFE8E84407C81F1AC7B5C79DA358551CD0D13785A9AEB38D6EB68A0A8087FC6543E7471082873CDCE5CBEA1EFC5CC0579469E225428E9A43D6A6000B4219DE52E8DF00A55F4BF5035960661C2DB88AC1F67C2890A93FC420193C8326409E7B595FBBBA9AE1D1511B3F6D65B09AC10A71C2317201A603E88C56CC68C91279
311
E83F5C147787EFE6C675F00941D23EF092920330982DF38C65EDFCA89DA98E8ADDECCD77CB86D85118F3DD9884820B1128010D02F1060F582871CC8FF42024C02239273A1CC3BF71E770DFB7E96081682803188118B50310BD620234F230B12711B063E0F0490FCDA9248B580D3D3DE944A30CFCF2A1E0F6E59E8FBEA289CC
311
CC943785BB8880ADA9C2FD70F6A13F5418444E3A669273C006C4B4EEEC067827539FFBEA9CFF04D84E7F170480037005AAC8829084329899F90B5E013927F8E646514B4824B01D11F72C012CEACD163B6358A4454A4221D06E68A71062520649BF9E9127D0772D6E5EADED52FF216BC2FC513C7D3C5CC4C8AF009811826AE2
311
0203B076A2AA66D8D32E317DEE0EFC000FCE16D9E0BEB17C74AB009256C5D8AD1CBABBDA61402612C675FBD72D07E633B1A42F2421208CE01397560811204306617A5141706105C9F4984C459F2D0F6C392FA05BED808512B0B9A8A9FC6CED89640EA347D31F0DF76D3D9E61E800FE9F7601BE4C9614A1C58E6C839F13A12D
311
0EB426DE6386B82369A9E6A7F1F9146EB578A2EF4289AA109B4F6CEFEC0463E0072A05CC9DEDEDFE08407B173B8AA65399C80B2911252E6290C82CC1B8909140C11B7AE161B42B93905045D017E00CED6D27AAA15F2C2179F1E83D411A7020B9408D202381E7E5DEE5A9E7E5CDE3B186433F488AC81554BEC09BC579018ADD
311
1DCB3D9D70F02B14BF9159A4DA376225FE43DA224FED327941705DA582B2FD1BB5DC0540667B650BECDD1D5DDFB0C7F36DEE2B94F6EE2EE4E426F20A1174C31DF153321A24114C4FFF25E505475F6906D4149B21F1BD9D9DF7B059F8E0FD83323CB97991FE80EE131A9003B81C491B218B1D42C0C0D593D9D548003839DC29
311
A740298B0C23F0CE14BB167BD61989AEF0B985C8FAC8F923A73F31953989F0F6C96CA6C4D0A9A88184BEDBBBDA3BBADE77CD8E2FFEDEEF46184A86671D7DDC51417477BE9F04804F305AC82C2D018A21EA903866A0F959FBD4139916D036635EE03DDB7408BCF0627A03027AD314C09B0A27F0A79490D53839D0DAF1416995
311
CAB24101FA63F75029D57A4CBBA9FB4D120ADB17FB5A999FC9420DFE04FA670430B90FE7F589F7FE8D50A4B5F004CE5F07EB4EA007F8AEAE8E8EF7DB3BE2F81F42166C7246FA9E62D02C8209BA1024414C483498B50229FD923F2414040B2081390AAC353B5283EADA12A30B1080866D746B9ABF5BC107F33C2A015B275480
311
759334B83AB02175EFD0DEC785DFC505E0064F4EBA5A97073A74C5C9FEC97BD25D819E28AEE661FD2732B8BBFB1BF13441B3C1F45E8AC1752BBF80C113DE960E0AC7D9D02C58C80505A19BA0E84B14402601A590A4AE00A825E98C3212342302EE10FC5100681F86834A2804BC409D70270A2091DCE874B16BE0706C974EB3
311
D26EFEDFFCA6C4579AA4DB781708469F055532A7046C6BEB0CF39F3ED2EC4FBCA3D00EA91CA68FD2B87B5C191E0EB2C300F00A1C9881F263571C6CFD83D079D09F176FAD839340CF030F70458F81F09AEE1329505150CA0A00576B56C06D58070B23086F685E44232D9D53DE3FC3731044F286D19F459351863F749F110419
311
8D6E14BBC68E17CAE70D7AFD958E350BEBBC70C9C4DFBA075240DA27D40AD7DB063A097DD3F041EDB3E4B682A7A12A548F3393DB01945547175879989302521EEB1431B08759B632B174E0F700E774FCA1BB83F95029ED1A084288C8893520E49415E00DA080AE8027C34206D35491D050A4C6B080F6A20889A2FF82379AB6
311
234F6710C05F9080ADF002B9C9F9C583AB220F45D618D7E7F7547FB27CED8A8B7A7D24EDA4988B0C1C2A1AFB53FDC61BF3DE50D63C560F0120B0372F0839DDDAF13E583B868717C1CB8CC71D1D7F440CC82184803144196EFD58BBE00B7EE77DE8C015942357FB06FC906A5E2B8882CCF9FFE184B0035A5CF186A962A63F84
311
B3AAEE3D5A2C830008807568B6A9F424086D2095A3E262DBF124350082C4B5DF4704A9D2C93553DE47BD6766B69349610716999FA25854F759CA9792599D3837ACF6247CE8597B0F960FA3EC45B61715050260C5844FCCFEC9666BC71F875B17E3BCB4CB151405D7D08F846B4CB952248B4603CC402B609E90F0044A007FA8
311
00EC46D07A51232B00E5683C55D5096E1374DA4FCBBDE2C25A5B8D26008227CA7758033D7D70DF12CAF7F247939F93F1CC63047D63ADA0B7CC8771B234D8095FCDB577B586D1834062035670E204B245EC093FCBE15626C10D210CB38A13F50E10A0D5C0814B0C4B30AA9858516001669002229618F100767AA3D6D2528595
311
FE7A398C2D2300ED0013A0AE60B91644A057327BD3C36BEBF48C91279B45F8BD145494674AFB211A91977CB838DF35DCB3D6D6AA2FB2784B591ED785DFD7DB77747DAC9D2F7674810EFC2895F9ED8007EC7885101679C06F21E4B1C8A6120956F80518D1DAF1717BEBFB5803E20C6F2A11B2E48AFF4AD2810A70054623E341
311
B3D1ACD92DA91150DE631EEB2C28882D092049C0DD38E262A7BD6F98549930C9D44B7C37028AEA9F8C5628A2BEF5704C0DCB2B428181B1BE766F43014498D2E57791E4C8DA6BD2ABF5003F0C40202E2E32EDFB02852D16C30B7F646B98FDF86C7891690043128B0A0DE6B4EA27F08C30CA34C9D0AA0852A5997F8D11A6EE84
311
E040B20472020256F4AFEBBB74E6705A12083B249089218E6452C8E5A69717E904A3F5EF3D5D08EC1F4D4E85086B238CFFC11AB9AE972CB775616C6D1DE04DDF073B4DE3747C41FBAE6072901CAD0237100670C5A00C2C3CE063610ED824826C1F6650700E88C00B62468903A0D71D3A390255AD7040048348C56C4647413C
311
2C2561216E0C469203EF06A5B101AD40D0E207F78B124747DB5B4BBB4E88B1C373C114E0470B345156EDDBCE1B4DBDF81DBC400746B0B54E05F693707B89A5E430982C2AC7D10DFF11D5B102B9505034B35D07E8E5F585757F088B390F2D4C85CF7218E8418BB4F25B885053D07D5A908326809F31D6CC6B77CC948413B286
311
64484439D118DBAC27DB5AC40C1AD166F25E6A2F0AE82100C0BF220405323E1FF80DFC518CACA8DE1003F3C9FAE9C7B2D60703A0004F8EAEAD2DE0F5485452D15B77B4B67F4C2403B8D8F9C533558ADE058A9E177A1698F75DC0EB4C800F74C0270178C8579C1FACD025F0560844502D2BBC01E620030CB93636C1041636A6
311
93949CD80139FD15BE107F905590A292840F8860706D07E2970A2F15E5B13B87C3143CB2930374CC46A6F9B9D7A5CCCC14E11B9E879A49FBE27ADBD6DA82410FBB94FAA8487D61B51F4BE0A03FD08743C31020D6628ED20305A22C2C2FAFA7ED1E7881C438AA5B9035F20759E243C51F34D0D5F02F11403B9E204CC1686C0B
311
6C9000470561519CBE1B0E4FBEAB37A39EE4B84C05F023858779341991F36D9D9F351E7BB3B5ADF00148D9D05784F9AD8B037D48C01BFA83D4247F03BB768BEEF973A14E610090D4B96B1EEC5C5E66928F28EBEB6CF578B067DD83086081579848E60DFC7684044D8174993C39F886043481F6A2B743B18749E52447CD4D23
311
0513032D20D20206E536E15BCF7B7D211634F98FF9986287F33F9A94615A5A0A7CACF8DF5DCC1AC6EF9AF1945EB78E0A2FED1DA2ACC00EF983F9A012260BD722EF61C9DBCDD8719703ECF839029010CA0B9F100B1D2842153E01A1A3837AB579516A31982FD2908A09100DAE591016CBCD4B011A2F4DE299E1338CE065DC48
311
41BF9895D8C81714800CD08F5AD39601BC929B55D291F6CDCEF2AB40DD5D98F4E6F107C47AEE4A09A079C05316F479DAF4C2BAB83221BCC0CE23FE3D3D4C7BC9AB673D89A3677D6020F6E182332028012FA0FBE0B2668FB85485902A8E7FA0BA2105C213E20BC2169211A4BABA7D693C3F1DA961F203694853137073AD5CD2
311
5F1C017DE0477626D7BA55B88F83B5EE513C41D814639FD1BF759171F4577D3CAB0C3DFF68B2D3B1F8478C18F67BEBB2598FA76A4545E9E961BACF657E0791D2373030E0EC9FAEDD17BEA7703A738185D08236C407448A4CB504CBF01FF43859D3115488EA01B55078000DF085911805790DE1B41B6F8CB2889C3834FE02AF
311
E07D85143C6C008438A944EA63E047023A7EF37E13B0903AFEA7BBAB9579330FAFDAACD540022980B65A75FBA17D388F1E6576405CCE7032D95BDA420E7DC0EFA320879E5F8B3B04C1D2D9C1114210C19FCC49DC6A855E12010184DB8968109ED016E4683CD552A36B3AFA13BFC2114068935A7E774CD2C7225642B7332593
311
8052D8634ABC18DC9442BF9E0402E85B42F9F3273672DA8E8F1070405D1DC3248487574CD98092B8B956E6AFE1566530B78FAE05B4A0DE51FBAF85DD075C7E11939F80E015A58D1F87E400CFFD2306C4D1D3C634380A201545A92BE01F445800BE12302AB477BD6F62600D211232EB061448A0D2B877BB940D63D059C37E05
311
69A83DE93E214F4BD86209FF6F479C640AFF8AF6D1BFD987D029A94DB7C329B4184D4BB013BF912FB88FEEF913071A8D82B651BC10DB067A7EC52FE1B421883144C00F64FA23A11CF708BF16CA59F18D4C04B8085964B2D8DA4A855187000BE440BC816FFB13374640B0EB1D0998AF38A1AEF503F14302E2811081FC12EA6C
311
D38A63B33035125F40F170C0B0AA45E9FCA38FC6D688D48563B5C4B4B7C359D3C7AE0EFB16ACD5E2FAA47EF8307044B4EBE1C71E84E742D81431FB06B90B600B9C239E277A57C94C427EE10E7826980C0136600D916A06058CBE8604DB4D314FBC014EDAACD0820F14BF75449B70339490FE5A0491221BF95F949DF1235380
311
E969AABDBE2D32EB4403D3FDF17F42F9A0A7C28ED75BE86BDB7C7EC80C76F86B8800F77B305EB88F00A4352E0F8089EF811EA02A3DF08F7DA008F803BE4B4EF5F41E56087099E920708C3D720916444440FDFA013D4E1201414123A09290F5BD7AB729298209C4306D007BB0829FD4EC3A6D7E4F00B67DF38CA0764F832F04
311
48E58439B952CB4F70DF964AFA74CCFDBABBDF273E2FF4F56D3DBFF2A78D42FFF2755DF307066497F44062AADFC0CC546F6DCCFECECFA232E14F408F05477D311B683A35BC245FCF8A5CD2AF20022C21022266905A5BCC8B20235D6FF04019CC04058AC80023662E25F342063165956320BE50370F2A657BACC817DDA3DDD3
311
EFE04028645780A768FE38DBA88BF2EF3ADADFC7FEACA952E5A77568ECF0C971DF32BF1D24F8486B22A649EC81B1B60315CBEFC026091CA45F858D7D04C1B437079431E63E38F880758842E780A9E03791C0FAAFE10012588C3C592FE35461A6047802BA18686887023A422A49599399893103942CF6DA53A8E387825FA067
311
8B261F139F801E2B17C901D0F5217E07AC2401A87D0480F753FBED44FE949C93A1D042B879FCE499B3D861AEB23F9C1F372F0C24D0B7D6E70FE1AAF60F84BAE642D82F0A9F53E22783915518494FDBC0AFAE7DA282E5050B703570E06319A015E00D693A6BEFFAE493941C3B08C13B96BD20D0115A9565701DC58568A3009D
311
A13E965765C03091F0FF339F7309D44F6E61F837F1B1FF920450EB8FC48F9B40158BE89C81A597CFB0DAF5F5755D3886DC13D4479599B583758CBF35663AA234F133F91D3BCCFCE0A794367F385C59B19431780F1C099131384056616E15A1563B50021D369C593FB292685A68A8B2A50A0A2085CF05434617E05FC24A6B07
311
7B990014421A68401AC4D65788EE25F737EB780D08A6E38F060F2ABD889E1B889C44852C2FF368C1E3E710D73B6589EA83F7417B341ADA1F639A23D15298F087AD0326410E116C3A1B325218433C71AE62C07C1480F1C045629724A076A4BB8D622D24690486727F56108D07046DAB065000678E04C4F8C342DE27F4AC102D
311
854F2D08D59B4ED0E4F697B0FF62F113646BC5B7F3131D4EA8BF8B265EA3F2026E7061B96F6DF3D993276B2180B8E57067587428579460551049049B074CF8B1066C7E14C705F0B39298C0997C17F701097023BAC31081390196801FB0C2A12380042927503D5A01CA127F9841B460310639C674BC8CDF1A320501448E0068
311
905B07F6E5602F8C1F07786253438CEC51AE61FDB25FF71B09893AC026A9EAE3F30F369F5D5EAEA5801FBAD3C98B38C13EE017B054F81A56F05259DBDA64FE270B1FC4C77200FE276FE814B916E222575ED717A62A92956504605268408CFE13FD61F84252228376060206802B9550F00B9D47E6AF1022538A752CF4FFF1F5
311
931384A9FF8700EDD4FFA2B93FCBFABB3EA6C607FF714B0B8B04EBBE83B52B246092AB018C0D0002FC490849F1E214AE6FC42009D6D86616C835B65DB9862EFC4480C14137603C3089D0A5588FA27E693DD184131BA4E88C35045ACEF1CDE1A82323C20B842F2419604821196EE8185BC834AD44F8E9B7549A32900196E9EC
311
BBE20FFB4706861AACADBBFD9B56A23FFD3AB8BFACC18B1B5AC0ECD7B6AE2E2E9CCD2BE8AF1B1BC3A813B94107E82DE67A42E7CC7D4A6116700B5B2EE3C338A09B840F07C40A64800D7C605AC42B72227C4C7020AB1F20056E26F542717F56534261DE3766AC10A6ED2D006DD03BA9DBA507AE0510A8B385C92363B9154167
311
F1230C40D76AF6F3BE0CA08F8BA2FFBBCEFB09D0986550E0F0EAE2F2780CDF850CB0F88CFC2815FE87BD83909F474F45DD47F1C821DB2107A8817FD45384F57891B65F2543D0C1E20A89B4A8DF806862AC27C60F6A054627FD344250718AC0FA21CDC4E28DBF2650D1B39D8B8A420C348A4F846E2BE824BF8C45E1DB8EEB52
311
F576F47A75FF95F90FCE0FD3A7A08D48D5B9AFBE3EA658E1676FE3372FB57F0AD8D70ED4AEBA3D4C2BE0AAF1C3AD63A6004D12900CFC481A47430C9EACB390038642C8C41B13303166614210592736B8603AD4FAB17189DBB32F3915F0C380795A089A15228460BDE8E52203527D41B5470901B088D84FF8B3FE2BA7F4FD30
311
ACAB3DE0B7E2FF95807AB0010FFDE3A048F7360F9F3FB9380EE537F16F8673131325D3351A3F664022020811A0FE8C019CA17370725CBFF64132025DA1BE2555102212E80A907FB43ED80A991A8AAC183932C19AE17524B06590B6AD286EB99BAD18FF4BD64BAB519202F992A963648ED30E7521F909F090C0213E367A77D8
311
836BEB6F34D92EDA624183070248351F1A079E5D3E7A9EE81F2CE6678F92E299EE312B6C0572C0A7B5EEE07853612403813152C7125E2022A20C18F855DBAFA399817FC97FB6E1CDCA31D348434ACD0012F0D32A5456B4007E6E92D72B1A4E9971223A42C1042819E4049C0C5801300C0013FA48F8944FBAE71DAFC27F1826
311
FA2304ECDF3F6C10FF47D5C7E49748DDD687DE8E91C09394EE0682A4F84CFD6067EEDF43E67EA46CB2F4070160439245F00343D03BF25D7E2F26FC400A896DBF19FB8D4D0A66DA669C3D608F9CD048A0533621B25690EE19D5D15248E390F042B12C682511B02BFE3E5700E4C9A9B2107A8F45248FA48234FD23005ED1F4EF
311
E80D1320836F04003BF42856D478D1DCA3ABEEE3C68F9F30C3A16E5C238EA5DE3FF37DACC2F8B7980033F47FAC34421EF0418A045394802CE032D61C70023D788136788613887C0011A4EA316E005718AE191F8D0D841B9C679CD2FC478442D005429166F5A24403B1E6ACF3298F388B6D0BA933D92339D48969A5C11F09B4
311
FF017A9900A4F887010C474717E10F36468032FF33F4AD610517777104CD920C3CD15FC5F3B3A0C75BBCA3B00F2724863C10BCD4A0E00736C7981F2F72E4B001438B99714FCFAF713A2603BC710376A1715FC602022202E06FDEBBC680A3DF1C4C095A12C50B554FE7623B50374FB2129DDEA4C392C9188077658C87F55FF9
311
2FFA507FF03FC8DFD3F31BDAB46DD51AEB03F7E1B38B8B87CFF47EA1479C3EBAD5C6B382C221C0F1B358B39D76D9D3142C4A20935F541E492E0EF081BA41B3620A8E172B584EA1485632E22A8221CEDAC6110AFA4B6D43E2B76A18AB240BB24337721C9321D2C033B2D3E2641A55A400A28403C12D1DADE39AD23FC5FC08C4
311
7A64DC3FF6DFF76B5235124022D7E6D6D5F3CB870F9F31C96FE477FAFE54100068A3A87FA5908A2C08011CF31309C10025B089FEF9C510522B8DC07C30AA469841723A10C08E27F00F7FBC181C083F2809EC3B2B328E294AEAD5A071B3A95C81D2DE3F930372D022C9C793535B92FDAD5426E90490C3C81D000017C6494441
311
544698C416520C1C40C71FC204B22448FD9303782FBA67089A1A7D4CE38E89050FEF5F1E078A4DCCFADA058032C34C1CBC2E1202B1F8962B1A8024F0EB7A11F209E96FB369D4B64202FE7BA230AD24C46413536EAE955B341B726C593B5D4630C0BE822480908522B0D85430230352618DCD4F7BA6D568BF43438014800066
311
58EA3EDCBFFA9702B4FDE9022163C43F9B72B58001A23FCE6F0B3FF0E4E1DDFB9801A6FC42FD0132CC1F2224F89933107AD30B6C9131A53818AE944BE25A70810821C38F098411980E46D108F483DC63F49B91B852351604091D60546702F58A3872A1716411B642C7629C267E64E77719F46B0548FD6BFFFC86A38DBFADFC
311
DF700228C124C8664FAA02BFB1F92B09800876FCE4F2D1C3FB4FD0A44E0106A8DB8079751CBF0BD9340066C3D52BC64706467C05B5A54401BE4A1B0132A55EAC1CCCB10D378A3DFEB9812022327745EF2102886A9142C812A1A2C9708027BB55B7006357459F9C2080E0BC34489FC629510F3017B62D5073E2A2C64048A0A4
311
2580E413BA9E08274091A398EA80B5BF31C87BF5ECF8F1C5DDFB4F22AAC181F070AAFDDAE5650C4000516440D8806786D874215149E69ABEC43FF0EFC820FEA112B0522003C84BE03FB76623513B6D840820358B084119B0CEC8C00AE888826339A54091F5FCA513AFE147975BB1A86FC50618D9D74502F0C7C8815AA30660
311
2FEE3A5E79E0D7DED1B221001118B73182CD439A092FF801105D1AA14E1918EC282F6260869D55108065988BD67F68E5581720A708051F7C8070F582389C682BE53F2AFD85853F2A013D21564028E06E79B7A71E43212180A81541EBC88F451E02385100491AB0C4A3BC5309A95911E66D04C0B448366988ECD204C2FC930F
311
8CEE8FA410EE4C25B58DD1B6EBAD83F6196670F7DE635282C0A56A851AB035831725F0471A10FE52097089C80495804100318405F0DFC2136004B4C40705EC9154315129205EC357930035688F61AC02188250CFA9A980233925F16A117A48CA54DAB6400221976B75D863330942E20EE3B00B08FBB71AA813B0E502FD2B02
311
3DF70114E0D7DF2E2EEEDE7B789504200112075478F2FBD6897835C91F0C20782401E801A2F9142700B74805703426023A81CC0BE88B537D0003E0C5181D29EB8D83050964DD2580910A1E7A8138F76253DC01DC2F3824391AD748276C0B0CDF12366625D038603D0003E0266CB42704C8CE7FA7F11B4D59C0BF454A78F8FC
311
F1E50513715D469607031272358F04E0003C90107223A581218F10008B10247CD20D860FF0BF48801040B361808148714764028EAC137E871501EFDD97C89B52107FF1235B0928C562530082573CE137840EFEF82A0BDC602736C595912FBEC69E6A3A26903B3A300C5A098A9E3F1810CDFFBA019D97B4E7A7A075850F2E92
311
569BD960CA7B8304995FD006FC4213BB1448A6F4BFBB3A9F9FC4962D0A1369129B10073771FEDA38B1737B663A71C088D8848027FC3008DAC4E4397A6F76271DFFFCF77D6BD7F1F67DA51E0E08875A6BAFBD6BD7AE52CC04A0B4A2206F650EC412841A48258258E8662C3838FBE21E25172C2A15A4F78D82DCF68A005DCF07
311
047C183E1CE47731BBCCB5469D9169E0D588945BEB637E87802A03D88FB82486210D28FB3B858D13DC7CE75F5E6F3B03C1744D30CC58C7C7A256146853A05243060B850072A7010CA47CFBF9A1E24F414037B8781E8E9F219A774B36481CB43E48A79819D638C8760D672FAC19FB9D3FC5EA9158DBD0159C27860409682E8F
311
F2595652FE189D2CC2D7C023E944158355806FC320087CC74116030CC376C559C098B93A041C5DDA48AF33827D2327DC761D19C17CC62780D82A170E6CE7415A5E7FE825E053048F88D2AC2A561CA4D4C60098DA28EF1A01382772484698F60C8DD24BF396EA76260542810A625978C03580A9CAB91D10249BE579B0377A3D
311
D15749A45F24C4D81FF3D7D7996F6A1690288008C0FF6CC186DA9D5FC95BB09B1301004B016E707FDFED306A1BE8FA208828F00BF342186839839F1F6FA338DC5A0200FF383DE92614C03A4508DA18F4D85F9354F7E867AA77A42FF49BBE6757A1A7454448D0BFC3C220714FE43A3D8F1547BE10F0BC5A05985AC3C28829A0
311
6FE24CD062700601F4AF12AF99099B08E7071DC4626A97C920C3FF96E190C9D1FD7CB6163E800D79E5F3F10A9306C02B799E80F1AB380E0571A584C0370A220C3125000B500900D96FEA40409F980E2083E4EDF4D8D2480AE5667222E020BCDAD4EF19682120818FE18EC7FD6AAD67C03F7DF1955E697456F517AC4F24700C
311
30171C67E9168B109A4F60AFA60F98BE30941BF776DBC7C70792A2FBE98AAA97224F8BEA39B47BFD14A8CD03320DA2B676E3AA397E652E30A42CE2987B7DA1EF7F75242413800A04C0270C62A13372400B435ACD84B8B5009208F5AC73EB149FFF3508E21C2201E0338BE07E50EB47E7FF6D97724A601028C5519073E7978E
311
C88834410450E074DD58AD13A4900103A6444A9CB99103229F0EF8C0C78161EBC68137240734CDCFC349807851E0EB46CE864D2E405ED341B71A390CF2DE20CF5193189E1901E866D0230409684B193D17E2928534D04240937D3C84477494FC5E0FE0B448E35AFC19007926C1C6A6E622FDB8A12E30993C6710E070397C4B
311
26304C0AE38218D19F01FFB15BAE1C0E7E74DF75F2406E373C414E848FF8E500EFAF3C1029C9C0ADAB2313A7426CA9B2C1B9E30032C84EF31A09A88A386F136E8C2F1D582EA0459207015F10F1F001F0B1B7DF7222011EA2001F00BFD36BAEE0850928B08C077030FE3806C880EAA74BCE0863A952812E6008B3A89199C1EE
311
918AF96AF583F1A073B0A355B9D861AF1460DCFB3BFC6B7EFDC834B09700CBED3510E48DC7129041C991F06BA5006CA6B5B34EE21501374E8DFC910042036111EC9C7CFA1C05D48A7270F7F835BF04A4194DA4CF76CEC66718C84CD020D04C412AC848F03E3C61A1C8D50D0EA6838A00376054D3DF61A0E393E1F8B058A6C9
311
94093476D601A4A06F0CFD3C0A6BFA910E75CC10400A80FDA93AC9B5EA4303F6C0D188B559086091CC5910137772E14F2376D03181B5CFE74C0EA38440D0AC256D6C4D104CE05302FCC00B60B9CD4D71E08BD40C144A025E60D4C1F45FE846A2105D717EEA84808A5DD90A168E133640311CF05DD870768683F5D2F1800F48
311
5AEBE5CABD8FFA3C0BEB33702493AEB551B1EB035EF5C8E5757FA7832141F88E8578A363802B560007AF93D7D470B478C4D00B412D634C9140C4F9275C00DCE8DFE3C7F8C0AFBC5B2CE82E3C3BDF393D4375D50C43CD1C17E3777CD2C170725B7B42B41DF15BFC344DAD089C1E9118522B4A2C60B794E4E8F33081BB7C8CFC
311
EEA0B2015E49D586429C6C78646180B7710E06018A3082243C275F077FBE412C17DE80D3E6B9462C5204C5D980D1DF84A864401C483CD01B143F4A4868087A0F780F37230200A4FBF6AED325114C367C22512750A5C7C3E32D545CE20A0904183BA10015DCAD89864B3E1EE97EBAE8B204266A48E010511838E2FE413FB116
311
E60880C2D8440AC3880DDA6DF6618C138CF1CB2A09637E18D00F80CB0DC05322E31EADB8081C29410903F06BFCDF5AB46024E4A75828056440503C707856EF0C037623DD4922A400E8A6BD75E4D2800905F18450A00CEE88860C8964C7B3F90F56528BA18F71CFBBBCD2D05797E168FC37DB26DBE0DD2EAEF39686C1844082
311
0013C1444055402A541400DD362A0A402F1FE51246404E098249FEE30708C10CA0B54601053159480C00BAA9B1223A773234FE72FD5C3BD81804D8D196FE3D5315A0C981D88D04FA01DFC185CA93F9120E1F480B08063364A0A318F08DF95056E4C91F1150D31B011200383502E079EE43CC18603AE2F88FD139C802A739F2
311
08E88D06DC78267C448C27C4113C19B0F51B0E9C1C021CF8F9167C6B1F2E10E461002910105D1042792D1CA303F469714C018C23D72179E165049C40E801CB96CF334562E5807291D1E0C70FE6CAD91656715F0E5C5E70F8D7F83290549B1BAA6F781D25180EBCA93EC84E72A74081CE3020789B3790E1A9E478E658C099BE
311
CFF01E530E80EC5FE31204ACFF70AF8177A03059240CD074978A002A878BF883FEEC81DD684E406CA630ACFDE87292822A11953710F000885D6F68A67ED40CD772B0828359B753F7CE23D9479AB9845771B389D6A77130F8C134EFC83947392029B10E4425440A84AF0E54825228FC1634D369874739C837A9DDC83C20D320
311
C36042610ECDFA750303710224D01202488012CA847424F8D53F78AB6BECE9B3B35A7F32396AC6B7444566327DBB4DF06FD9616744F4D3A397EB3B0A3FBA8D763702883ED742FE5CD24146D8E353ACCF811C806AE09914D8446E93840FF4D6C963FF32BFB6AB015D1D3B0C9A0968776F021F21404B6260CF84A14F35180CE2
311
0B5E85BDA2EC91FD5A7DBA7E5705F4F0F97AF26CE18E3BA078138202400A62930FA6CC7882F911A92F33E547E64990B0F27323D73B6222863F86425153FA8009361C675554C25382CE148420C8DCC47A20122806CA178A0918C14CBD33440289078A00EC6070184CA9907FD0A1270478E0B325B67C2193694EDB7DD0F3C238
311
447C8A11485562FB4902134E6AC952FD5320A4F7C780882DA9684285CD81D278C0E8FF8DEC9F45D22DC3C2CA99C2728110888799575B6834BF22B0F01EDE72D7F21B672C40F0A972999E2200B7C91403F9BB3D09C01990819238CBAE5E7510D7D57450507E3DB04AAA0A3C280064E0775380C8C16EEA4834346A04BF0CE847
311
B4B3AF760D06D24BBB267C32E2C9257DE5EB748AD101AF1FD33265E2B674EED8C01A0AC901392211011AC810560F77778E85B13BAFE3E25C95B70919A4862C15928BD8989664AD8638101D009A80F00BDC41AF27602A4BDA0C077E550048E7F1011410F01405045E1C140B4D0E70E0F6E034171C3D6FD12004FCC1FA304312
311
518910356628A4A326EC9ADF5DFFD1B2C0399503F14B4F8E3E0E4E39A06ABCB56A8014687E86E462BDDE5124615ECDB412B7314F62E6E0C76ADEC0F717B360E741960104CF1706CFA18E0605004B01AE007869B095ED92144A807841EFF2811C047889A04901C809062057192688C92346F97F279449F89B113500BAD282D1
311
DA80A55C27EFFE02C8D4F395003F285B617BBF0831F49B055342DDDD414378E8888E92C16789F269A27C9A221FAA4A0DFDDB9F935B2ECC04DC51481558A69301E0460B02665AC4DD30C03D480866C3409400051811876014C0F294C542821AB045011A3E3F09001FF304E3A0BED05CC11A811B865001769507FC01ADC611F4
311
00CF68C7B093606E30F3C7E0F00C1D10C31951C1E2D7252181DA00345842A19130715C736EC9ECE686A712FDB31E4D3E50AB336E5666D7B212C0113C4A4406029709B43D0228F3FBAF49921B19CA0C82A2D5BC4A2079809240F37D3E10F9637607C3983F0458508A98B8B4EFC92AC13530180CF55359500080061DF59B98BB
311
3FEACEE881DC8127F182A885A86FB12B43C590A4380504E32305E3148BBEEB2D2782029765428092545BA5C2C681FC5F8E869C0EE1034A822FF09A12C94084505AA868080303473F8161F7AA0A6610745E280BE4427FB770106F8800EADABA19F453210435BDB2348471B13B65F2FCB554827632C4C44467333E4127095D22
311
092ED492009930413251B5408345065065E415266E20279A40B3F520370BE2050C8360E6BB4601C1673B9BFE007EF5200B6483CD195400A783E6DEA0653515B0FCE8E86D1618FC1EFC15C2E727F24F2A2DAB57326D8D0877D4E298894E7A0C3C7D9CE8A0E2D17AA2020FA1097D6372F2A9F955060FDD467AD0426368C24A83
311
40FD0D6687A76316DEF5179ED9042005A2BF02A5DD810A4DEFA4A8F700EFC50FF4FB8C06410F0303C106ADF8852ACC6A2CA9046E9ED070739339857222CC009E206479886EA26227BF7A341A15C351A8404A6C10080A2140FA4B4E8D9B9A11645899332363FD69887F436A660566964250FD752E787B64BCF8E6C8190DF8EA
311
0C854C062D8A5A1346F810414313E606ECA0AC3A01D6928544029D5F42E202C0CB386F880F7842A31287061F32F3CBE09F2950783394F2F2B23D85386C6F51943E99DD10C8A0000BA9569A14805693274BD0E4F4DC3F28E331EEA91C4F33ABE057889BFB92819187840A08E57A276A8BFCB75B0342668C70C565C8059996D2
311
09C2800941A21FB82B2F520BC2E6FE6F1A8827043DE17000DACC8193E78BBB8DF1467978C06F6AFE986123E3A95272CAC122046F4C65C4B88FED2F1CD1D918F7CDBF8903BF1A90057D42F4DC133AF804ACBB58446A0DB78806FC053FA1E45D0AF1112613CC0DD976C5E70AD3282F42725C0D02AC8588DE451B1C01ABF063E7
311
748A3882F0DD484BB78D037F9812240EB88B6034C0AD53E5116D4C6D920C6A89F084E6D0598AD7EB6930CC7B293E27A666E5CDFE9A3FA52FEB3C97976FDAAE9A60008FCA6B33099CF9880D35D419FC687D424378E3099441E110C5B3C6DC311E6653514A67A530D863326C4D8430E0C28024803B5B069B0E60C10EDB6DF087
311
034171DF01F1F3404B27B1056D8C0E56E7CA6056E7798147BE4C2F01CED5987E413AC6A724876DE3F599E0601CE7B9CEF3BEB3671E12DCE8AF9631B8031D3F360B6955DC2342B2A0E4632A00264C0DA002220CFEC3E10D9BADC8904D88DC51928593AA16C91DF6FFF82B3234404C7214D0F8608E0052283EFB2B0563F1D072
311
936C4017706010BCF1B16CDE0C1FA9C777E44E1F5259B0C9BBC8794A82A6C182A3AF56B16921405351FDDC91B5BAAA617860E8D76C97C377FE701A4EB4378FA97C2C8E3CC8950886C6FD93AF70A1F5F676B7ED16CBC56AF5D09110EEB8607CC08A795882358280DDB98AFFE7087C6EB593D62F041CDB4018935238E73F1098
311
100D0C8769818F777057F64C703C6530E142FDF5C837AE1CF66C94C4887D3A3726AB990DEA248F73B5D32C8E04F6714B1E67C53FC52040252E605B322407CBF8C7F05453462A295ABF4D95592DDD76AC23512E9A2DF964715C80DD752CA8E263AC36F02C3C28A133EB22AC8D099BDEFDE28C3E8FFEE3815D5D00C17C005110
311
58354D62443C1A546280E43572A9C661A34FA5891F8E7570608C8DF21DF51DF9D2A84D4501F41B8CD4F4C9DEB2F901E810C0E4CEB6EC08DFB06341C864CF8D0EEE779A606545E1E64AAF30A4324C20FDD3BD558BD966BA994FA915CD162B1978642AD01694E533EC190368A68234657085B5F88E27A0805E04B8BB6A00A516
311
46EE3C10A50FF007FF410F1963CA69BE2002F0F902E701AEC995FD41F83A3F0C3809A3288A083003A6CC2A20E6D703EE48E3777AC07ADD51EB6101603A9FCF17B3D5928F6D742EE7E4CF38AE2B03C5FB39C81D7B2978FAFE85AF3D2710B0582C970F0FEB0E4D1103B8BE2B4D560CA10002FC8F334C891C07B44FE06B2E3ACE
311
5E1E2D1FC32203110ABF9CA0E8381F68EC3C06701328E5A38278A5FCD944CEA5283DA933DF2A2448BD23F1C5D8BE04CC2DC3B43B3EEC29F8B5FF926D11D3E97EBF7FA1BD1E5E5F5FE6D3D972F548547783146ECD84873F377C5820F7F9FCE5E07378D6CBCB7E036DF7F7104079A05B77C6942D1BA95D47424BFC3DB6411009
311
A42E207871B7EE9B06614BBD20F22F7523FB985F3F7068E37600273A3ED0C1CCC380F6EC4AF01CC1CF95E4848B7BF950AD14C44F10460221E02D21D01DAE800F323704C00035DFE97CB37F797D3D1C0E4FBF35EE1E5E9E0E879FBF3DF6F474780A01FB3DAF01FE0C0798218007C2090A3008BA7682A338F4A8804A06CBFE6A
311
80CEC766F49853F15B2F45FCEA3F8250012841315016E75E797EFEEC4ACA6C79F515CF1738F7C36E2406071051043817C9E8C5888D49D0332E800062FF54FA562BF7446CC0BFDFBF8603D1FEFCC9F7FFB5A7F000430755C2D3F72F2D02A022820897ABDD44594475BDCCA4A10AF34C06B08B4AB58BBFAE30999DC66C7CE903
311
A83CF8EB006EEEAA063430F84B05F0ECF644825F5E95073870E72A0771AB89B080022A0C5A9FAF34C89286257FB7BEA000EC65B59750C68E0815B0D9834B15606328F80709DE09018AC2A7817F83F96DB3D562C10A0A31300230CD4200B87F85808BAF64D04600254047F9C14DE93464009E7F5AABB4FDD6D55142A2C0BF15
311
41FCE19C20C899BF4F76AB54B84CB97F88F48ECC029FD253F0C70DF4816B9AC94BCBD653B1A283C4001A0337955E4AFED3FB790B6B1F5EA0B5514074103A38D84280EE0F5F9BE974EAB2D16AB1EA969684B6E4166CA28264B300474C7308D20013B204A65F82970718D05678B3315D442E1C0A327E2F56556040C005D2FAB1
311
326A68A07507C9E46A3648555A7080F5F50219A00E6222E3E0862CE95B5680930530742F1D041805E69B788161F015944D041182B861A2C17F3AF01CF5BFDF6C343F9171F5B004BF59C016719164B888EA206A02AD05E8464D06B48E4381A0E9345FD171625AC22198F57C003BEA5510F81FF78D31C9B033D0030000000049
311
454E44AE426082504B0304140006080800A582275D28BB58AF800100009E0500003D00000039423933464246342D383330412D344241332D393544382D3541363536363644323635302F536368656D61732F436F6D6D6F6E536368656D612E786D6CBD544D4FC23018BEFB2B96DE15493C78601010A34B880709DEDFB52FD0
311
D8B54BD70DF6EFED3AC0B12E6442E2716BFB3CEFF3D18E26FB440405EA8C2B1992E1C323095052C5B8DC842437EBFB673219DF8DA659866649B798C078B48AE6410122242F2A4994AC7F93815DF85C049C8564CA0A901499DD886B2EB9B1E02448F358701A9235880C49A0119892A20C89D1B9FD768815CAD268CB5E0355B4
311
0B1E47F3E37A2020464BED06AA57CE8FCC20C3C3446D46761A2632A8C1283D07031EFF2AE7CCB1BFEEE916E406DFAC8E36FFD99A9D60A6944090EEDC3B670C7DC13DE86B6B2C5C240D6E503BB85ACD579D513F1B9F9A69DC9CC22AFA80C426D40AF0B21EA168559156B6276F0F726A6BFF04DCD513A87A62CAD41FB24FCB28
311
58B3952E3D852084DA25B9303C15687973CC8E8AAE11DF2836C38C6A9E765E8C1BA1BFB1DC29CDFE518C8B5A7655A4ED7E77291ABEB80DBD82EC866ADE1B8D05AF9E35CF09D7A061F38A986D9EC412B8F0F65E5D81534D9B231D1E5A8FE577A241F3A5FD01504B0304140006080800A582275D1004A04F380500005C170000
311
3E00000039423933464246342D383330412D344241332D393544382D3541363536363644323635302F536368656D61732F47656E65726963536368656D612E786D6CED585B6FDB36147EDFAF20F41EC7F69A2005E214768278069665709ABE0A3445D9DCA80B44CA89F7EB7B0E2FBAC4B2A32643D10E33505411A9C373BEF3
311
9D1B2F3F3D27926C79A144964E82D16018109EB22C12E97A12943A3EB9083E5DFD7239558AEB07B6E109BDBA7C5CDC902D959360CE535E0866DF07A7579733AAB85D5AF234E2C51DD5B081CA7A87DEE56E47E2D6689E735AD0947194500A22A249308DB6F82682A3782C52A141BD80E4E54A0A3609622A150F48C16994A572
311
37097451C2DF462738529D3AC5FCFFB5B401988BC78824973CE1A9A628D91CB968BDBAC335B9A4BB379C6ABF5D2474CD7B9F773F7F78C349F055EF13FE2CF856F0A7379CE2BEBCCE6456F8E316A9E66B5E18E4AC77BF5812F5937FDEF0F5BFE3E3C785576D96659253EB54863A87AB5D98ADFEE24C3B8E38FE48BAE2C06263
311
1799EDC8BDDD833C6E88585B9287340B23AEA990CA49B1A473421E81F856D06D9125E45E6F001C4F7F85D6DECA8C6A835753A250DA50DF92F743409CBC3BFA4C6EFCE2618D302A0CEDDB264D93950002937BC66489A18D0A345DD650415124BE376A745EA9F0E016108E328D14C979C1302CD6BC0A4191B2C2C49112FFC0DB
311
51401288D6A44C26C1B87A160AB6A11E5BD862514BE8B3DB750607BABFF6F781D6A74EED6EA7AC28FB3BA68C87AC94B2138A99DB41AE7147A71F56659287340123812054CAEC8965690A74E111C5BCA7260158B0963EC50C07E38FEDDFC5C5C70AB6A915F446D44E46C321E46087E23E221E2BC0DA6EB440EE6F44E80CE5AE
311
2E2D2F31AD7AB71B8B139AF730773909401FE0D8DC3FCCFCC3D438DC1176062076C3CB4A9D953ACC72CA84867CDA0361E0910F4EF3B109A07D332211C72556825745A215835F47678059E337068E3ACB0E2EA2B507175B0818FD1082EB4D26186F85BAD33464988F1420E1B9E43D522F8452A450106B04F01362BFF1B2BF50
311
59B60F687C9F663A54396722163C7231012E7480FE916910E6572B6D8F4A54CBF92C5CD324A163C8508058D3F16A399B13B348C6830FB5FD47257A1B8D2CF08253EE776B3A72D782D895363D96020B6C18D3C86359B3C6D45E728B4B9D716893D091E4D533045F495D2EFEF633FF5A660A520A5790765FE52E12F0AC82685E
311
7FFA0398D65528850A132894DDE9F837B1DE48F8A74D487795A482C7122A6DAE377BDC5DC212A465ECD8B03E7E2E208EC88DD9DA89456CFBC477FB798C74389668AB1A75C820AB7568FCBE0B5F94DC9AFF0D038D9F77E49D45B8278FC7177D0DDCE732FA0BCDDB42720FA90E87115FF76375C5696F368AF83103F6A5911FFF
311
03561EE06AD10ABE933AA9DEC398588888137017449E09C377051FCAEED1E8BC3BFA9CB27DA2CFDBF533459F374FC0C4FDECCBF3E06CDC6874E0710421EEAA6CEDBFEE60EB913607436C3F5BBF713F6F42253B9A4A0FD64C08416FA986EB02254B1846D82E7CE2584EBE31E340E9A8247483F07D5B84AE3A5AE0D4C5B202EE
311
585468BA84105B1F5EC00C16FADB133FB7399F390FCF245CBF9027A137FD26D1D651058D44D9B331A93985CAC2046CB4ED9E0314977128A42C13DB06879A273052525D16BE833B8706BD1269FA69F2B9B109BB55D30D37679986D85848B86F026CF21E74809100180B0D280C36F6015A7DFBD06AEB6F8D503BDCD7DD6DABBB
311
EF54E1FF5EDF0E3AD53C03509B5B816FE9F51BC8026F44DAB82BA989F200C4220B24166C3037854094FD46C5648D9C42F8B07E53687D824917FED3CE56F3FBA68BE3C6853FCD64F4A00BB85831B1243346654A134805AF5CF39A9DFE22C9906A6EAFE8303A5F4AC4FBE637489CB62EA59B9D529255F326CCC28ECB77F812A7
311
D6E63DF957504B0304140006080800A582275DF702076DC3010000E60400004500000039423933464246342D383330412D344241332D393544382D3541363536363644323635302F536368656D61732F52656E6465724D6174657269616C536368656D612E786D6CA554CB4EC33010BCF31596EFF405481C9AA2A64851255E
311
4A816BB438DBD4926347B15BE0EFF1236982021512B925E39D9D9D59677EF3510A72C05A7325233A1D4D2841C954CE6511D1BDD99E5FD39BC5D97CA9359A0DDB61098BF9CBFA961C4044344599637D0F066B0E22C074BC98C7A0319C58A9B254B2435ED23BC2F388AECB4A6089D280B18D139496815152EDDF046711DD82D0
311
48498D902B293E236AEABD7DF74D5D839F69EE1D9F48E1F3BF448FC9E6BF144F351E38BEFF9D662D0D16587B77825FAF2195BF515C395B563BC5197A0AE68DCF363BA831CF7C7C8D7F0DA23D42898037B451BA833673DA92BC82D87F636ACFFB0CEC96F4EA30EF9A0FEAB85D91CAED89348D80E9B178DDC3ACFC71D06F2528
311
A182138DD8672E4DC6DC57CF91467432BA985E4DBE3DB399079353607C0A5CDA0B70D4E65A122FA41BAEEF6C272908D315B076451BD55EB0FF9E092E11ACF8C6B5306028F9D5F15EB95426D31532BEE5D6EC700FBA0C1E94211D7ADC8341143D429D2671564059C2EC72108B4EE3847890CC4697DDF8A708DB01FD7AD8209A
311
41EFC2DCFD7063A504821C7869545188D6C16DF801342CCE6B276363DC8EFA4AFD0E86ED0677C3B77747C7FD3FD617504B0304140006080800A582275DF514C21851000000570000004700000039423933464246342D383330412D344241332D393544382D3541363536363644323635302F4173736574446174612F417373
311
65745461626C654F66436F6E74656E74732E62696E53616060303475B474333275D135317736D735B17472D1B5343376D57534333031723135B630B3301702AACB4D2C492DCA4CCC492C28484D2C4ACC4B4E050A82012F90744FCD03CA26072767A4E6260200504B0304140006080800A582275DC55C663656000000680000
311
004100000039423933464246342D383330412D344241332D393544382D3541363536363644323635302F4173736574446174612F53747265616D56657273696F6E5461626C655D8CBD0A80300C06F73E4B29FE6CDD8A2E82A083B8B7F209014925C9FBA3AEAEC7DD2555D896CB85E51C2A1BD834F6A1F56EC4494C46952783
311
64ABB24ABD2146F88CCEBB89D5321FF8F3F43D672A3B44DF3CB6A1710F504B0304140006080800A582275D2F4C67FD340100009E0400003600000039423933464246342D383330412D344241332D393544382D3541363536363644323635302F4173736574446174612F636E782E786D6CCD94314FC3301085FF4A64893171
311
92A140E5B842B07402898A81EDEA5C5AAB8E1DD91704FF1E3BC9002A62EAD0F5F4DDDDF393DF89CD676FB20FF4413BDBB0AA28598656B956DB43C346EAF23B966DA4F0CED10F8C65167A6C582A33290EDE8DC3526AB183D1A4AAD1F6B4141F4240DAC1DEE073F7E82CA1A5C032652084860575C41E0A18C9B5184E450B0445
311
55780C6EF40AE324D23D2E939447206C99ACCB7A9597F77979BBAB56EBBA5A57D5BBE0899462EF9C59781D977937DCD4A59AF732590A9E002946AF172ABD86C9BF54167B6D058FA414817C7465E9A0AF2176C03018AD80A279DC2942CA2384D00B3EC352F0E4C22F2F9EB0D356A7966D9406E4FC4B14889E345EA127FFA9BD
311
BC375B1B08ACC26B76E45CE3E57D789D7ED1DB1CCB2937D79796738D17C8099F4E498C4DBA2CF21B504B0304140006080800A582275D566F3F4BE6000000600100006700000039423933464246342D383330412D344241332D393544382D3541363536363644323635302F5265736F75726365732F31354139463235442D34
311
3743372D343942442D393633452D4136303432443533383638372F7468756D626E61696C2F302F636E782E786D6C4D90C16EC4200C447F2542EA310172D8B62BC2FEC49E7AA928F1A66801233055FBF78596C39EC61A3F599E5197EFE0A72FC8C561DC985C049B205ADC5D3C3656E936BFB0E9A25546A4078C4DD104D858B7
311
995647C69A86B5C3CD54DF5DEFE27D980744C8CEBEA778B0C97A53CAC68AFD84601653097728F765376416B9642858B38576805C8071C06630043BD3AB584FB3789DC5F3559ECEAB3C4BF9A67827B5FA40F483779120637A5A85C536C6F68F50BC035AD5EC06D54330FDF09CE26DA955A1DCF20F887E52834C4ADE5943AD26
311
8E9680E60681098AFFC35AF19EB7C95F194D7B37FA17504B0304140006080800A582275DA233C2345D000000800000006500000039423933464246342D383330412D344241332D393544382D3541363536363644323635302F5265736F75726365732F31354139463235442D343743372D343942442D393633452D41363034
311
32443533383638372F7468756D626E61696C2F636E782E786D6C4D8B490E80201004BF42E6EE76F3C0F216234B883063108CCF170C074F95AE5473F5C4C06E932E4F28601967600677D21E9D8092EDB002539227A2FCCB80E1168D80A6417297A89C5D6963B7129A0D1E8F2EE73AA7B62BBEB8B27DE50B504B030414000608
311
0800A582275DBE89762363000000880000005B00000039423933464246342D383330412D344241332D393544382D3541363536363644323635302F5265736F75726365732F31354139463235442D343743372D343942442D393633452D4136303432443533383638372F636E782E786D6C4DCC3B0E80201004D0AB90EDFD75
311
167CCE820A4A845D83603CBE602CAC26799919AEEEE0D965E2E908050C6D0FCCE04C8BC355404EB6198129C92351FAD580A10E464065907C8D948F8F166375F655BDC3FDC3B4E530A176BE7057BDC43B2A593FE403504B0304140006080800A582275DE49CEDA87F000000A30000003600000039423933464246342D383330
311
412D344241332D393544382D3541363536363644323635302F5265736F75726365732F636E782E786D6C4D8CCB0E823014057FA5B9FB2A8F3E135A8256FF8348210DD09A4A8D9F2F352C5C9D6472669AF6B32EE86DE3CB05AFA03C1580AC7F84C1F94941DA462C00B5BA89216C7F3740BE5FAD828C4137530CE979A0C18E7D
311
5A325D9C9F0F58D24EDE2B6A30E1578E89BC182C597DC31D2B4865682D98E0BB71CECA3EBFDEBE39AFBF504B0304140006080800A582275DED854B190B010000550300003400000039423933464246342D383330412D344241332D393544382D3541363536363644323635302F536368656D61732F636E782E786D6CCD93BD
311
4E042114855F65426239C04CB1EA86610B0B2B1BB5B243B8BB4B96E14EF831FAF6C248B19BD869B11D9C7CB939E7C015BBCFD9751F10A2453F918172D281D768AC3F4C24A77D7F47BA9D1401319D61A4F36A8689549948710898972619D8ABECAAEAAC3F35F101E719FD8B3EC2AC48A79D8A712271BD5295131A88276A5452
311
74A00122E6A0A14C48768636410750090C91231F373DBFEFF9EDEBB0D98EC37618DE04ABA414EF88AEF1D62708B8DC8C5C6339FA62880B56012972B08DAA29883C77474B1F8215428A984269A191E96B29A45A1667B54AA52CB6823F8C14AC86BD88FC081E82D5D79AF9C2DEBF857E066F203C95970A56B96BCDFE9BCBBF55
311
C0D60D28DFA02E84FC06504B0304140006080800A582275DE3603EBE7A000000C20000002C00000039423933464246342D383330412D344241332D393544382D3541363536363644323635302F636E782E786D6C6DCD410EC2201085E1AB90D9DBEACE05D09878023D01A1D34A8419C380F1F82DA68B9AB8FDFEC93C3D7C52
311
546FCC12980C9CBA232824CF63A0D9402DD3E10C6AB03A3397DD192872090D3406ABE7CCF5B5D18893ABB1690CF4DCF02282E5EA8A5BB96FFE536F285CB347F95BEFFE81C9ED5AFF9D5B1FB575BB00504B0304140006080800A582275D4EAAE4377E000000A300000007000000636E782E786D6C4D8CD10A832018465F45FE
311
7B37375314CC50A2F78865212B0D97638F3F1D5DECEA83C3778EEA3EDB8ADE2EBD7C0C2DDC2E04900B8F38F9B0B4908F190B409D5629C6E3EF06288C9B6BA162D06A4931EF279ADC3CE6B5D2D587E709A59574B0438305250637D6502C592F30339C71CEFB3B67A418D7AA94F9F5CAD6BCFE02504B0304140006080800A582
311
275D1E7A0675A400000032010000130000005B436F6E74656E745F54797065735D2E786D6C95904B0EC2300C44AF1279DFBAB0400835ED02B8011708C16D239A8F121795DB93D22D20B1B467DE8CE5BA9DED281E1493F14EC2A6AC4090D3FE665C2F61E2AED883689BFAF20C9444F6BA2461600E07C4A407B22A953E90CB4A
311
E7A3559CC7D86350FAAE7AC26D55ED507BC7E4B8E025039AFA449D9A4616E739AFD7DE8C8338AEBEA54A820A61345A713E0B17153F7257E37E705E3371913892B25F02FEA0F1FD83E605504B0304140006080800A582275D3DEE336E64000000790000001B0000006175746F6465736B2D64657369676E2D7061636B616765
311
2E786D6C35CBC10E83200C00D05F21DCA56CA76D41FC96062B120735B69A7DBE268BB7777961F8D5AF396893C2ADB70FE7ADA196782C2DF776D7A97B5933C430F15651E5469C55D70F80A4992A3ADC954792C525AE70A1E4D6AD9816CC044FEFDF01FE3FDE907802504B0304140006080800A582275D547BF69FF800000096
311
0100003700000039423933464246342D383330412D344241332D393544382D3541363536363644323635302F4173736574446174612F636F72652E786D6C8550CB6EC32010FC156BEFD8E0A47E4498C856D22FE8A93704C44589C1E251F5F30BB12BB5A79E76353B33BB3BF4FCB53C8A4FE5BCB666005262289411566A330F
311
10C30D75509C1975D6865F34280C5FD4001906466767E3BA43C29AA04C468D956A07B9F72A40211EA919C08B0FB5F092C79018FE5EAE5CDCF9AC4A526E3C4663D472976A99DCF44D2B07EC7AB834136E091A9B7144C7BE7F417DDBBEA289B45D776D309E8E845659CC68D0CBCF76E1140F4A02AB71DD20DC23DCBE91E65493
311
1321EFB4CA4C467D70E9E77D69FE0ED898AFBEF0C069B54DFFB8C655FEEF1AB509877A77DD141E583EF23960B4CA29A5F28C30D59C28FB06504B0304140006080800A582275DE1AB8301F30000008E0100006800000039423933464246342D383330412D344241332D393544382D3541363536363644323635302F5265736F
311
75726365732F31354139463235442D343743372D343942442D393633452D4136303432443533383638372F7468756D626E61696C2F302F636F72652E786D6C8550CB6EC32010FC156BEFD8E0A47E4498C856D32FE8A93704C44189C1E251F5F30BB12BB5A79E76353B33BB3BF4FCB53C8A4FE5BCB666005262289411566A33
311
0F10C31575509C1975D6865F34280C5FD4001906466767E3BA43C29AA04C468D956A07B9F72A40211EA919C08B9B5A78C963480C7F2F572EEE7C562529371EA3316AB94BB54C6EFAAA95037639BC36136E091A9B7144C7BE7F417DDBBEA189B45D7769309E8E845659CC68D0CBCF76E1140F4A02AB71DD20DC23DCBE93E654
311
9313211FB4CA4C467D70E9E77D69FE0E18A6D586FE718BABFCDF2D6A130EF5EEB6293CB07CDC73C06895D349E5195DAA3949F60D504B0304140006080800A582275D34B5C79DF9000000960100006600000039423933464246342D383330412D344241332D393544382D3541363536363644323635302F5265736F75726365
311
732F31354139463235442D343743372D343942442D393633452D4136303432443533383638372F7468756D626E61696C2F636F72652E786D6C8550CB6E833010FC15B477834D521E9171046AFA053DF5E61A8758011BF911F5F36B072AB5A79E76353B33BB3BF4FCB5CCD9435AA78CEE80E41832A98519959E3A08FE8A1AC8
311
CE8C5A63FC2F1A649A2FB2830403A3933561DD2161B4973AA1DA8C7207B973D24326E6D874E0C44D2E3CE7C14786BBE72B17773EC99CE41B8FD110D4B84BD518DDD455490BEC7278AD065C13D4577D8F8E6DFB82DABA7E4303A99BE652613C1C092D929851AF969FEDC24AEEE508ACC46585708B70FD4EAA53494E847CD022
311
311975DEC69FF7A5E93B60FE16964FCDD54C8B6DFAC735ACE3FFAE41697F2877D74DE180A5239F03468B94522CCF08634D89B26F504B0304140006080800A582275D910780300C010000B10100005C00000039423933464246342D383330412D344241332D393544382D3541363536363644323635302F5265736F75726365
311
732F31354139463235442D343743372D343942442D393633452D4136303432443533383638372F636F72652E786D6C8590CD6E842014855FC5B047C11FD00932D1EA3C4157DD11651C32231881A68F5F98B149BBEAEA92C3397CDCC3CE5FEB23F994BB5546B700A70824524F66567A698177575883E4CCD96E8CFB65038916
311
AB6C41940167CB6EFC764893D14EEAA86A33CB4314D64A0792E9110E2DB0D34DAE2215DE0587BDA79B98EE6291294E5F3ECEBC57F3115573784D5D95DC011F8B81F48862D891AE8365D354B0A1F4027B4CEB7A2408F52566590C73E6D4FA439F76299C9C01CF514E206A20A2EF989C727CC2F88365D1C999757BD8F980C6ED
311
00C755D75CF26A80257DA301D70FB021C518E8A8CC87AAA8494D59F60AFE01FA6DFE1FE89576457E005F091B98E1FFCF0BCEB2586018CF76C38C65F36F504B0304140006080800A582275DC02791C2F9000000960100003700000039423933464246342D383330412D344241332D393544382D354136353636364432363530
311
2F5265736F75726365732F636F72652E786D6C8550CB6E833010FC15B477834D521E9171046AFA01554FBD596643AD041BF951F5F38B0395DA534FBB9A9D99DD1D7EFE9AEFD9273AAFADE980E5143234CA8EDA4C1DC470250D6467C19DB5E1170D322367EC20C120F8E46C5C76485913D024D4D81177507A8F0132755F9B0E
311
BCFAC059E6328695E16FF922D54D4E98B37CE3091EA31E77A91E57377DD5E8405C0ECFD5406B46FAAAEFC9B16D9F485BD72F646075D35C2A4A8723E345120B1EF4FCB35D3994014710252D2B425B42EB37569D4A7662EC9D178929B80F6EFD795F9ABE03F18ADE46A7D0F3629BFE718DCBF8BF6BD4261CCADD75537810E9C8
311
C740F022A5B49647846B4D898A6F504B0304140006080800A582275DA5509FE4F7000000940100003500000039423933464246342D383330412D344241332D393544382D3541363536363644323635302F536368656D61732F636F72652E786D6C8550CB6E833010FC15B477834D52089171046AFA03EDA937CB76A8956023
311
3FAA7E7E6DA0527BEA6957B333B3BB432F5FF3A3F854CE6B6B7A202586421961A536530F31DCD0098A0BA3CEDAF08B0685E1B3EA21C3C0E8E46C5C7648581394C9A8B152ED20F75E0528C423353D78F1A1665EF21812C3DFCB858B3B9F5449CA8DC7688C5AEE522D939BBE69E5805D0FCFCD885B82866618D0B1EB9E50D7B6
311
2F6824EDE9746D301E8F845659CC68D0F3CF76E1140F4A02AB71DD20DC21DCBE91E65C933321EFB4CA4C467D70E9E77D69FE0ED8EB7AA7A7D536FBE31917F9BF67D4261CEADD73537860F9C475C06895334A650D30D59C27FB06504B0304140006080800A582275D3A8628CC02010000D80100002D00000039423933464246
311
342D383330412D344241332D393544382D3541363536363644323635302F636F72652E786D6C9591C16E842010865FC5CC1D155DA96E908D66B34FD0536F54665DB22B18C1A68F5FA8366D6FED09F2F3FD33FC33FCF43E3D92375C9CB6A6059AE690A019ACD2666C61F557524372127CB1D6FFC0203172C216A20C828F8B5D
311
E75D1AACF168A26AACC25D94CEA1876478844B0B6EB8E12453B9FA40B87B3ACBE12E474C69BA71827B3D7D598705A54705A2C80B46F286E44FCF941D0B7AA4F4856791147CD5C697C5DE0CA75754899D7D8804A22A79B63D076CD56A87B40A9FD4578D0B88A66FCA4B7F3990BACC3B72E8BB9234D5B92655C72AC6D8B96055
311
1E8A04B3E0CE2F61347B913884BFDA37E3AF68EBACFE196D733810F43B5416E72C78F6B98470C69D880F504B0304140006080800A582275D79F033E307010000B201000008000000636F72652E786D6C8D50CB6EC32010FC15B4776C70523F224C64ABE917F4D41B35C445B1C1021CB57F5F885DA9BDF5B4686676671876FE
311
9C277457CE6B6B5AA01901A4CC60A536630B6BB8E21AD09933676DF8250364C4AC5A483070363ABB2E3B3458139449A8B152EDA0F05E0540C3141F2DF8E143CD22136B880A7FCB1631DCC4A8329A6D3ACE829E7F5607A744501278418A12930693EA9596A7829E287D63795272B6AE5AEE565A46777DD5CA01BF1C9ECB9E54
311
147765D7E163D33CE1A6AA5E704FABBABE9484F447CAF2B4CC990F2EFE793F127306E4C53DF9B27CA3387BB776DA05319444D64C5FC009CB13F127F4BAC87F84D6261C8AFDE0B6E181A7400F221AA706E378D41B676A9B7F03504B01021400140006080800A582275D0AFC3D223A010000A80100004F000000000000000000
311
000000000000000039423933464246342D383330412D344241332D393544382D3541363536363644323635302F4173736574446174612F446566696E6974696F6E4974657261746F7250726F706572746965732E62696E504B01021400140006080800A582275D687B9EAD1401000030020000450000000000000000000000
311
0000A701000039423933464246342D383330412D344241332D393544382D3541363536363644323635302F4173736574446174612F496E7374616E636550726F706572746965732E62696E504B01021400140006080800A582275DB5A795FFE3790000DE7900006B000000000000000000000000001E030000394239334642
311
46342D383330412D344241332D393544382D3541363536363644323635302F5265736F75726365732F31354139463235442D343743372D343942442D393633452D4136303432443533383638372F7468756D626E61696C2F302F67656E657269635F706E67504B01021400140006080800A582275D28BB58AF800100009E05
311
00003D000000000000000000000000008A7D000039423933464246342D383330412D344241332D393544382D3541363536363644323635302F536368656D61732F436F6D6D6F6E536368656D612E786D6C504B01021400140006080800A582275D1004A04F380500005C1700003E00000000000000000000000000657F0000
311
39423933464246342D383330412D344241332D393544382D3541363536363644323635302F536368656D61732F47656E65726963536368656D612E786D6C504B01021400140006080800A582275DF702076DC3010000E60400004500000000000000000000000000F984000039423933464246342D383330412D344241332D
311
393544382D3541363536363644323635302F536368656D61732F52656E6465724D6174657269616C536368656D612E786D6C504B01021400140006080800A582275DF514C218510000005700000047000000000000000000000000001F87000039423933464246342D383330412D344241332D393544382D35413635363636
311
44323635302F4173736574446174612F41737365745461626C654F66436F6E74656E74732E62696E504B01021400140006080800A582275DC55C663656000000680000004100000000000000000000000000D587000039423933464246342D383330412D344241332D393544382D3541363536363644323635302F41737365
311
74446174612F53747265616D56657273696F6E5461626C65504B01021400140006080800A582275D2F4C67FD340100009E04000036000000000000000000000000008A88000039423933464246342D383330412D344241332D393544382D3541363536363644323635302F4173736574446174612F636E782E786D6C504B01
311
021400140006080800A582275D566F3F4BE6000000600100006700000000000000000000000000128A000039423933464246342D383330412D344241332D393544382D3541363536363644323635302F5265736F75726365732F31354139463235442D343743372D343942442D393633452D4136303432443533383638372F
311
7468756D626E61696C2F302F636E782E786D6C504B01021400140006080800A582275DA233C2345D0000008000000065000000000000000000000000007D8B000039423933464246342D383330412D344241332D393544382D3541363536363644323635302F5265736F75726365732F31354139463235442D343743372D34
311
3942442D393633452D4136303432443533383638372F7468756D626E61696C2F636E782E786D6C504B01021400140006080800A582275DBE89762363000000880000005B000000000000000000000000005D8C000039423933464246342D383330412D344241332D393544382D3541363536363644323635302F5265736F75
311
726365732F31354139463235442D343743372D343942442D393633452D4136303432443533383638372F636E782E786D6C504B01021400140006080800A582275DE49CEDA87F000000A30000003600000000000000000000000000398D000039423933464246342D383330412D344241332D393544382D3541363536363644
311
323635302F5265736F75726365732F636E782E786D6C504B01021400140006080800A582275DED854B190B0100005503000034000000000000000000000000000C8E000039423933464246342D383330412D344241332D393544382D3541363536363644323635302F536368656D61732F636E782E786D6C504B0102140014
311
0006080800A582275DE3603EBE7A000000C20000002C00000000000000000000000000698F000039423933464246342D383330412D344241332D393544382D3541363536363644323635302F636E782E786D6C504B01021400140006080800A582275D4EAAE4377E000000A300000007000000000000000000000000002D90
311
0000636E782E786D6C504B01021400140006080800A582275D1E7A0675A4000000320100001300000000000000000000000000D09000005B436F6E74656E745F54797065735D2E786D6C504B01021400140006080800A582275D3DEE336E64000000790000001B00000000000000000000000000A59100006175746F646573
311
6B2D64657369676E2D7061636B6167652E786D6C504B01021400140006080800A582275D547BF69FF80000009601000037000000000000000000000000004292000039423933464246342D383330412D344241332D393544382D3541363536363644323635302F4173736574446174612F636F72652E786D6C504B01021400
311
140006080800A582275DE1AB8301F30000008E01000068000000000000000000000000008F93000039423933464246342D383330412D344241332D393544382D3541363536363644323635302F5265736F75726365732F31354139463235442D343743372D343942442D393633452D4136303432443533383638372F746875
311
6D626E61696C2F302F636F72652E786D6C504B01021400140006080800A582275D34B5C79DF90000009601000066000000000000000000000000000895000039423933464246342D383330412D344241332D393544382D3541363536363644323635302F5265736F75726365732F31354139463235442D343743372D343942
311
442D393633452D4136303432443533383638372F7468756D626E61696C2F636F72652E786D6C504B01021400140006080800A582275D910780300C010000B10100005C000000000000000000000000008596000039423933464246342D383330412D344241332D393544382D3541363536363644323635302F5265736F7572
311
6365732F31354139463235442D343743372D343942442D393633452D4136303432443533383638372F636F72652E786D6C504B01021400140006080800A582275DC02791C2F90000009601000037000000000000000000000000000B98000039423933464246342D383330412D344241332D393544382D3541363536363644
311
323635302F5265736F75726365732F636F72652E786D6C504B01021400140006080800A582275DA5509FE4F70000009401000035000000000000000000000000005999000039423933464246342D383330412D344241332D393544382D3541363536363644323635302F536368656D61732F636F72652E786D6C504B010214
311
00140006080800A582275D3A8628CC02010000D80100002D00000000000000000000000000A39A000039423933464246342D383330412D344241332D393544382D3541363536363644323635302F636F72652E786D6C504B01021400140006080800A582275D79F033E307010000B201000008000000000000000000000000
311
00F09B0000636F72652E786D6C504B0506000000001A001A001D0B00001D9D00000000
310
504B0304140006080800A582275D000000000000000000000000370000006662782F31313841394231332D433336432D344639432D423245432D3141414436413832444336372F617474726962757465732E62696E504B0304140006080800A582275D000000000000000000000000350000006662782F3131384139423133
310
2D433336432D344639432D423245432D3141414436413832444336372F76657274696365732E62696E504B0304140006080800A582275DF270F1330600000004000000360000006662782F31313841394231332D433336432D344639432D423245432D3141414436413832444336372F747269616E676C65732E62696E6366
310
60600000504B0304140006080800A582275DB5A795FFE3790000DE790000420000006662782F31313841394231332D433336432D344639432D423245432D3141414436413832444336372F7265736F75726365732F322F305F67656E657269632E706E6701DE79218689504E470D0A1A0A0000000D49484452000001000000
310
010008030000006BAC58540000000467414D410000B18F0BFC6105000000017352474200AECE1CE900000192504C5445818181B3B3B35A5A5A4848486060605C5C5C6464648383835E5E5E6262624E4E4EAFAFAF4A4A4AB5B5B54C4C4CB1B1B1858585B7B7B7585858ADADAD7C7C7C464646787878ABABAB747474A7A7A768
310
6868707070B9B9B96E6E6E6A6A6A8B8B8B666666545454565656A5A5A5505050A1A1A1BBBBBB8F8F8F9F9F9F4242425252527676764040403E3E3E9B9B9B7A7A7A8989897E7E7E9393939797974444448787873C3C3C727272BDBDBD3A3A3A6C6C6CA9A9A9A3A3A32020209D9D9DBFBFBF8D8D8D9595959191912626269999
310
992222222424241E1E1EC1C1C1282828C3C3C32C2C2C2A2A2A2E2E2E303030C5C5C53232321C1C1C363636383838343434C7C7C71A1A1A0E0E0E121212484A484C4E4C1616160A0A0A4A4C4A787A781414147C7E7C9193915E605E464846838583878987B1B3B18587856668665A5C5A626462818381A7A7A5A3A3A1B1B1AF
310
ADAFAD7072705C5E5C9D9D9BABADAB7E817EB7B9B7585A58BBBDBB4C4C4A8D8F8D747674B5B5B3B7B7B59FA19F606260ABABA9A5A5A39B9B99A9A9A78F8F8D6C6C6AC7C7C5451AD12700002000494441547801DCBD89771BD7B5A70B8EE04C702641712605CE034890E220088028C93245451215B713AF388E7DFD9EEDB8DD
310
CE6ABFF4B57D97137BE50FEFEFDBA74049B6AEED74869B7E87404D2814EBB7F76F0F67A8835CEEBFA0E42B854AA5B2BB5B6BCC951A8D52A93657A914FE0BEEE39FFE2FF395B9B9C6CAD2D4C4606F4B7FFF8D1B37EEDCB97587F7CD9B4343BD134BABE7DB48E3FFA7A228ECD6F6574E4786C0FC8B5FFCE2CD5FFCE297BF7CF3
310
CD5FFC92B52FFE58BFF9E69B776E0EF5F79E55CBBBF9FC3F5D3DFFB07F5898ABAF7CDA3B74E74EC0CE20230561BF096E97E05712BFFCC59BC80539DCE83DDD6E54FE61B7747DE17FB8980BBBFB2BBD4337DF487881AAE6C5ACC6AF25207877B2B527BFF1CB3B77FA47561ABBD7F7FA7FE146A5B6BD74E3164C7F51449AE95D
310
B412200EC539418717E7F2F11B376FF62E95FEAF1442BED0581DBCA1BD2780D23F506AFA16E1A7AD974EF17876F00DD7BCB187A1A97AE51FCED5BF2BC1F2BBE5B3C19BE27B43CF26DE00933658FE129B109C2FFF922CC22C4260FA01BEFB462A77DEBC35F42F600C3F5B0795D2E9E02DAD5E650B4438A92801B65C35CBAB7B
310
1EE5041CE69D3B6F1822DFB873EBD6AD3B6FBC71EBC6C86AE967DFC2DFA4CEBFF1BF54F6276EBC114E2F43FEC60B01A0D440A868B2920E5C4BC10D60931ADCB871F3268B21D3851B08E1D6AD9BFD4BF57F7577909FAB86F29B982571136AF01DF5FE32AC3BD9406CAAF2440A54CF176EDD01FBADA1FEFEFE21FE4C9858DFF4
310
183458A9FD2B6708A5A5A137E0EE1D11A9EC0C7C58B2C73C0AD6B479BD76B7790CF899E287FA5B06FB7B07C9195B7851FA8794031EF1FC5F9406BBFB23375420286399B631E93B08022A785C4DBF9996EC3551874094D71B6F487E80F6837E50F483BDBDBD83232323AC420A18C68DA196EDDADF68A77F938F78FD972BABBD
310
B7B87FB164AC6FC2CB760365821ACB74AED44FFAD7E7431ECD7E08AC421F391D199998989A383D9D98E8E56F84A318C58D9BFD2DAB73FF5222C8EFAEF4DE7AF30D756E5108683DA471E70D0502099A7240F19E4089D3FD203E620F1B47BF43501E85031AE44B4B9F2E4D2D9D4D51D8970983FA861B3706FF950CA170DE82F6
310
B312CC4F42C8966295F7D725ED29882415DC055F36DEA1FE96FEC141493F05FAA9A9A5A595B333DED5B3D5A533F62183323032F46EFF13EA0AAFA5FBF7C8976F8C10F7280A014832593B90004D52341980D907EAEB73411EB2F1EBC9F507F92746C40E7AE0AFAE54292BAB2BAB67CAE0746264A277B06508168C94BF772BE9
310
765F7BF0B548FE1E07F3B5A521340A5CB5297C4B12811B89E82191ECF3E41B3259C529F135E23CF4C7F961FB13537F5A02ECCAEA76B5BA5D3D3FDF3F2FEFEFB3AA22053E5008833428DC6C59FA2F770595F311F235D427F379BB8A121BD901B96076A388DC4C3C61C7933CCCD770FF375A6E0CE9F535FE2534BF5ADD3E3FAF
310
D71BF57AA951B6D4CFEBFB8864758A26154430080B06ABFF557610ECC93726224F155D1471041E0D42F82F4891C926C1355B0831649FF365F46FF05300A7A790BD8ADEEB0D4AA9569A9BDBADCCD56AA55AE377F5F3F3EA2A34983A1DE91D810543138D7F28E57FF4E2B5335A3928B76EA1CB9B00BF158C8F63A2E788826896
310
D0B5E7C461949ECE089144F8EBEFC7FB4D8C9C4E9DAD60F7FBE572B416C2F2423ECF8B86C439E450DA970634ACFDA977629098D0B2FAF313A36B3869E37AF7853378CDA1171FBEBA95DF1E44FD5144A420588641B0055A79ED91CC0DC41E27064512FB33F1F04D09D0D2DF0203A646A6CECE80DF28356A348CED8C4F1EF137
310
B9319E1BCD29867CA556AA97F7B757567006A447FD375A26CAAFDED9CFDCFB2BB0BEEE8AA5911BC2C7F85DF88A3775389990AA72219D582409210F85A4E66F2987D875C30848023088FDF77E87F96FD7CBA5B9DCCEF4F4C9FC7C676777577B7B7B67E7ECCCE4E8DEE85E81A6D55AA3BC7FBEB242589CE8ED4770E785D7DDE2
310
3FF2587EBF57F50B9E820527316488E5C32D50F979BCA58207297E2B6D658702FFCD211840FE43FC9F3A5BAD9E97E6F21B9FCF16BBBB3A3A5A175B5B1787875B5B3B86DFEFFC687A72674F19D46A8DFDF3EACA59E405375ACE76FFA922C817CE86A89BDD92F400F2C55B7462F610459837D3A61ACF50C7471C8F2F2A9D38C3
310
DA2F068007F80EFCDBFBE5DCC674B1D83EBCBEB8BCBCBC3ED0D3D333D0B3DE33BCBEB0D8DA35FBF9F8CECE68AE020BCE61C112A4C1138CD47F9AD13F7DC6AB9CF9CFCFAF9D0E01FFE6CD503F5B91C5218E2899CA15098714848B04FCE5654884ABF0E554F11F6C21D73D5D5AADD64B7B9327DDAD8B0B7D7D6D6D07070763BC
310
0F3E38E8EB4310EBEB8BC3DDB347E3E37B5842B97C4E44A0C630427E5CFDFB71E03F471E12CA9FF70E055AE141042DD81234B879EB4606361D9328149037D7D76A571A7E974FA20AD0323832713AB5BA7ABE3B3E3D3FBC30307070B0B9B645D93C3CDC3CDCA41CFC6AAC2D64D0D579B4B1B397A7C1BDBEBD7D36657A3CD4B2
310
F44F4909F2B9CA597F4245C59DEC354316F0587020D0C661742BC02869435FD12CF195C422DB3C5A3E2305C000CE6B7B27ED8B7D63079B5B5B878787C787C7C7C757C76C51B60ED60EDAFA06D67B965B3B672677080BB5329E60E9B477847AE2E9EB53E35779FD37EFCD2D0DDD68AA355B6B0D81860502B8B68C801F5C697E
310
9AD62F4B406244CB975560BAC756AAA577675B07C6D03778C17E7C95CAF1B3ABABE3E3ADADE3CDB1B1B6B681014470343EBA979F8B90383545727C63E43549D14FD0F927E5F1FDEFD7263058FE02EBCD1BDCBCA053496BD58E69BC44F9F854D4D979AE9ADB908824382AC1D4014E9756EAF9CE85B6B54DB01F02F8EA5908E0
310
D9D5F1B3E72188C3C3AB67879B07C8A0A767B8B831FE5E7EB754DEAE5261460243FFF07858D8EF0D658BDC563A2C5EF5833C13C90B69248C4DD97842B61DFA7F210A2F6108A0F96B62E2D3B3F3DD939EA47E30ABF5AB2B903F4BE5F9B36757CF65021E616DAC6F60A1FB647274B4B05B2E5341B082D43278F67D8DFDA48AFF
310
9A13F22B34C7586C9992BA6E66CABC190E313E7C811AA57304B421A75B289B9D174CC868C24548823E230B9A5A2DCD2CAFE1F98E61C015CA7E96B083FC59F3ED06EE60F360B3AD6F79787ED278D0A86FAFE00BA9220EAEFE1D5DE1F7855939C3FCC1332426B377F692406E022C010DB437EF009803F0DCFD3B7C94440571D8
310
F2C328F115F47FD324802070BAB43FBA80EFDB92FCA1F7E7CF9FA875CBB327CF9EB08C4DE4815BC4210E2CB7CF1CEDECEDCED5B757490968286899FAF95583BF46F9393CEE6A86D6F618CAAD9BFF0BE22B042412C5CFB50556815CC5BBE33E9F61ECEC26A9BCB8145FD10590078F9C9E953B513FAE1FE387FAC246E14F9E3C
310
E7F5F8194BD6594140876B6B84C5D6799C61A16434201E5237582AFD75C07EEED9863F463284E2E13425A036BD41061259289B6BDC1ED656FC8B8592C9D00701E27CEA749F0D8EF44EAD8C1F80FFF8F8F9D513191F6803384C800097F24069C407CFAE88136B7DCB3D5D4A60B711F19070D83235F77331FD35E71596688903
310
8E2E0B346EAB7936C4162043E1A1F144093695443A570144898BC4079CEF1912809A3035A1D3F361235F90FFF1E3E0FB93C7E2750719F88E7D8E68123883ADB5B18185AE99F1D11C1238A792DC4BEDE8EC6FF503DF377E0445F68FAF4E08D43082D02170F30131A154206CC559A8D9CFDD762B31273E4947A581E0D9BB71E3
310
3FFA07CD02CE2A6BE1EC80167497F2A81CFA3F7EFE58D0CF5D5D170DE4F89070B0BC4040CC17BEAC6B0586C3D3FF0309BC06F44B04A1E13729929B4DF73C44070692C810B08AC3012E8EE9EAE22067796288C193B2139B970B86F47FAD0F98382B1E035D9C32FD318A4FAFCB274F2E1FA772F94411B0CD42493C23393A685B
310
5FEF3E1ACF554AF5F3552A478383374E6B2FDDFC4F6DFE38F4F4ED7A7FE838F488EA852482F412D3CB07E293D02C9F074F12E84C5AAC423271450572A385449844706475FD38DC3C22486A0639E5F1E38B0CFE93CB4B25910EF309A2224BD8DAD40C682C28341AD69047E8539A6AFC14EC573F7FAD10AE0FE6EB13E87B28E0
310
93B513B5803514DE408809BC12A14876DE0A25F643009E9176D9F0C330164285A7444DC8CAF0E9FE41429EE0A2F6A6DE91C0856C501272404A8468822E24C807030B1D33D40D4AFBDBABB411D093D88C86D7205E05FC57EDD1F805FA4CED5920F0CED39157E007CE21757C5DE440ECBCB46CD283E378029B43FB077B4F47E6
310
0E9F61E8D01BE017D7E843EB49F50A2028F1E442FCC90C9EE308E4C0C2C94EAE30B75FAD3A0EAFA57FE9EF960F14BE15638840EAF3BA490BB6850EDB38EECAFD21A0C746D0C4234DBD035EFC7EDD121FA585FAB73DB89FE6A03CF833AB0730E5E2F1A36CE3F202A128934B44E396961121E1F2C9F32BFCC0C140CFE22C1CA8
310
E109B182919696BFB98120234F61B59F7BF46EC30CF067B21A33B0FB3E402448EE266CCD93135A8E823DB31F85E677434E608F53F8100BC0098EA2FD6BC01770E0F2F2D1E5452A711C4BB8486248FAD756D852026B6DC90A2AA5C6B69E9068B8F27AFABFFEE8AB36F1D23985D5960014FD711940800B560250D2272CC54FF1
310
D3A660B275AC3881E349689C1616E1E9044129D032313509DE4700BC867C71F128C400159407C761022BA8A040F40A244788808C60B3AD67A17576279F6F946923191921B0545FC2F12AC0EFEFBD7262B6935679FC7F80629160ABFAEC88E8430E76D82A8DE62ACE50BD4A42FBF03B387B37FD321B37E31C3F063D99703F51
310
60E6C9E5A300CF32A91E0A085A29C0FC507F6C21012303C6104B82C1F1E156DB3229D1A855A32A8352C9077AF733A0AFE0FB3EF81FDF2F0F82C21B0EB06998866878B103305E31EC17F4FD43831E570A2118D1667632D4FFFFB125782F96168A833DBE78C3F11F8383A79D49F58F1E3DBC780417AE6581381E8610604888E2
310
913E12492881274822C221AD04CB0B1D273B8542837460898C686864FF6F801E8269F40AD0481DFAF5E6E9C1F3BE391C325004DF0746A4E4448F7B52C0D5EAD39EC46896B888C4210D68E99DFA2820DF7FF850EC407EB55C3EBC5028611409BFCB8889C90F1C52355AEF98B18100094C9D0EF6F64FD47E5CBF3FF5293DDFB4
310
B50DDD54F351446FA1F14580DC3902C085F593CB24ACC917B213BBC11B3F0A61042FD8B24F4FB9C4556D0CB9E1A880DE89934CE9607F18F81FDD950DD0E1D143F41D56110E227C250621FF098838042BC85B5B6BCBCBC31DD37B34966E9FFD9936A2FEFEA9EBA4182E5CD3E17AE35501FCE0707E5525A7DBC64DFD077825BE
310
37CE0BBE1BBEC061410C660B6E49912665E2B3749C7C9F93834022F74CDE6CA5EB501D9CBC04B768292C5CCB84478F3CA83074092C6082169015E5800D5839DC6C1B58EFE83ECA513BDE3EFB8EF1242D2D4B3FD55AFE03D42F8492AF8A3F21444FA2FA9ABBF525EAF84C09F0168527B0138A85D1EC0443C467B28BF844EAF7
310
6323BE13D7C11F72FED783837B970FEFDE7D7817E077C17EF7E2A1C2C0FE851FE4C008388C15E818958746129E1009D054B67530D6B3D8DA3D59D82D9D57CF70039FF50FFE0DE94089DB269C3655A4F25B38C49D0BD48E59F1526887C18FC5272197F85CA72862A593A4843CD25F920487DDF7AA0441A2C0600D062001F103
310
FCEEA3D8560CEC3EBACB01CAE5A51E420349F602191E5F901893142381351CE17047E764BE50DEAF9E4D8C38B6ECFFACEB141E54A6865A88A60133EE9CBB4C256930B0B168C1C3AB59FE1743FB422C7166082E934AFA5EFA3E4BCE0B69362FA7041818B7FDECE1DDFB4D022007CA23E521F0700AAEB5888BBBF08023E128B4
310
045381542FA256B0D04E28A0C3804E233A1BFB476A2F48FD135BAF9843BEDA3264EB42BA499601F16B566E72C7EA35908ABCB9176BBED43204C696AFD3D7B24B08D3AFA44BE243D88A6D9D0B6562B52F741E1610C0EFBBAF2B0829289A640EC4C8A4FF66A24430786CEBE1E1E61AF9507BFB496EAEB64F8F49B4129EBDEC06
310
5EC1F8A3F228A3CD0950883B41BEC6D1944AE06147289600A7726313AC69A3F91197F1438BCB743E76F01F6EF1D1C854071670FFFE43FF1EDED702EE5A14C85D0C42DF90B86068800659AC88981855E3E774A71C0CAC2F76754EE7CC87C808D1E1E0F6CF47FD4224731337BE1E39C5010823EE997B1491BBD99FC8D8EF7748
310
2BEB5EB2CF66499A8E0F7511B19B3EFBDACB6507BC78731B1B383D02FFDD7BE8DD9256F7D0BA7B46015941097B80018F700FFA024CC08078F51806100ADBFA163ABA8A3B95B9D2F92AC30BC908ED31FABE0CBEBFFF0279B675868F9AA24E9530B08C174055B7F48E4F58002F3E82F0BDFA003E8B431EB6C4A91E4D9B5FFB79
310
1265BA8827BBE5F1BCFA7F789F72F75EC800F8AE43FFAEC42F13009FB905A9A0132015D0068ED7682AC608BA6771038DEDB3B33082891FAB1ABF5614F93238079726B833958796B845B731FCB86316713C1DC581B1E19B424EE32674093F80776F7E27C6FBFAC85C536CD955B96EDA2A3FBF770FF4BE11845470EB3E42D022
310
000E0FE07D161811020742162444668308801E133A4C163BE68F6826A5523071CA78B2FED51F28F8C70FE4190073A3E5D3259D7A288CD19BDE623F10021BAB0C6E327FD507B2741627727EA00D31856492F9F009D7F152D930704E642795C1C1B336E0DEBB7F0FDCB79318543B25341F36802D64A981A690B94259607DE0B1
310
9D466BF8C1C5E1CEF9A3FC5C639FD6117B4BAEAB453F8EFBDA500A67E8BAF76C8A06566E36EE1184E8329419161F83D843D5DE7D8221163E145F56921C3EE383978072129E290A9B7166E63D26BAB1FCDBF710009E4051842390031845F20077CD079407C575F20364C4910ED2A574BC357630B0BCD8DE39335EB175646A69
310
8458F6A346F003A93002E846FFE0C459B8006E506D79BF902908A0AA05CB5E73530E33BA1D3C2EF99C712B7C8B41DF4D2A7830BE8707485FCFAEEB85A09AB6D39BBF7B4F23E00509C20DB04E240822A4B810E04D8D53D10D504C059ED86BB8697F514777717A8F8144D48A4C89077F7EDB00E2D89DC02A7B975640A282C49A
310
4AA84B70B12BFED8EA6584860DFB7EE23FCB00C6BAF7332FF259FA3C9346508813E372F1DDE425065BB61FDF8300F7EEDDBE8D0C6EDF46F7D8823478590AE23759D60DA6B7A9F125EDE8F4A5D2B37470D0B63C30DCDE3D3D59A8D1501EB1B0A5377517BDD6E301F995E3F955F0F58FAC2E81CE172A8344AC03DC6781939D24
310
84B8FFC15E8F3ACCD3954CE19576B942D0A029188EC7013FE59AE90B71292DE774F1F63D60230180B30A2EDC65291B6211B4081128856001A680015CE000708254891851D4B3BED0FA4D7166B466BFF1D2A924885AD12B387FC0FCE6819AC3AE06A7AA4B715F0927B74D119D4A668FB54B8A8C268D8B038A207D10A7B1E95E
310
42195B695BE0240F7408B311257C23F581E987C180140C584A02B1670CB817CEC0A080F259F1360E58452013200E3EC107AC1DF4FD7B0F6D23F33347F9527D9F51E6138E31AF35F1BDAAEEEBA3D71BB402E2FB47CECEE96B4DB85536772B07C82A34F3E66D0BCEC207FEB9E70643761276F7B50D5EE963CFF80C7AF4A2130F
310
5BF8C4EBFB5F07B709840480DBD8007FB7EF3F90104908BA457D43AA2A6A02C91422285E5AAC143F3313A0CB74D9D164933B86C25587134E8D342B453FC982860D09FD13ABE72055ED020E85D3E312F74C25CB0293D978A1C4001927C80B86FD06349126EC219F0C735C8053D8F5F310817EA01F1B7851F406144C211C6362
310
C27DD51F1E310C0102280ADB891E9B085CC528A2B1369A46BA195B9A2B351862CE43174BA73FB7CBB430A5798F4C54B7333B96C3224A9863AD02B9FBD8E63092191924E77C199D92887DA594B6DCF0112857162FD0949FE6A441F5E62E42FB2105BC405A2301A3424601DC807912CB2C39C604A27908021CDA30C4C8C2019A
310
883B3A8BD393BB3546136EAF561980FB63E9E035FF73B96D09A905ACB2C11D79571C5159026227DDBDB81396EB03F14100BEB66DE1FA9EF82C3ECCBE318119C4269FD014E66361FC8BB0B4EA9A98EF3D8848A01360430284335004C183CC25BCA82D2302EB03B8419241C64DF4F5ADAF77B533BE786334BFCBB8DA72BDBEFF
310
C36103AFB30608A0B39B58D93F0BF42180841DD26BDC22CF0A770E90240006BAC65197D90920131C7B2EB3CFD3C71C6378A305EE8488FC1FF8D391E2BDDB0F6E3F45E7C8207C419800DB410073A3173942CA8D5242642A74496FF115832A6314D9FA4257577BF7FCF8F8E8CEE8DEDE5EBE76DD3CF892BA7FB8B90F629431B5
310
525E92A15A3A4A6FEA3FDD73136172060959206591F4C927196CF645AA285CF3014630121754261C0D31E1A7E3DA2DBDB54B04703BDE3A4209F02045C4BB0F529A14BED07098A2A1CD47513DA64B512F409BC01663090796D787173B5AA141B1B39BB470EEBCF1E30F9D263ACC4D05110797CEF7B923B027F089F74D1D06F0
310
A4D8C0CDA6604023FCA45B76C5CDE0BF3845ECBE13E0C0ED73700A8A753C1AC8AEFFF1B407FC8A20F42F0D94019121DE304077A027D4112283BB8FF0072444D68AAD111D6F591BC0061854BBC048EBBE9E81F6A33A95C21BFD13AF3C7E7DCDFFEB0DE8903F77B41DF178E99C289895B0EA8CD640549D68935BA7C5294E0A1D
310
66DA0CC419BD398E6265789CA1241441AC94532A3C19C95340BEFC68703077EFC1D307B71F3C500859C11494838E902203A2BE90EACC5135B80B078804340C920C2300BCC06F7A1C71B875DC572C9BD1D84BD5FB9363CA6BA7D03E5C40FDFC54FC23C9B4B9DDD028787D89219038523BF64E638BB37CC25335937A00DFD328
310
69C5B390C8C32FF25C8C47A7181B4A599A224A9DADB0E0406FEFF9F183B7448F081E3C55024FB33828784AB61704482CD0160C04174F9E33BA9291D58C2F1F1B1B3B5863B0D9F3E51C35C253D54A23E560E2C0CB3A6F7A81382601C2079CAE96B7B1560D20A341E85A928A4E01083256420576C2ED477E2E565FD9223BCC69
310
1CF394D3D8E281501E0EE5C1C8159E92585D255CF30CC854C75318006EA4A01028EC853F9407C6053910BE105348324002260254886C156260F9189EE0F8C9A3CBAE9D5A992184568A69D5183A7DB97DB089FDC57AEE54F858FE54F577DBA85309640290F2D220952620750C5811FB772A7876D1E4040FBFC6474D51246D8B
310
3FB378283FB514F8AB3C20B8BF7DBE5DE541C9A5D3D38DDB30E00151E02523081BC89C2214103E0BC1B3D0199A08E002681A2613A2616CEDF0F0F9C5DDC75DA395C25C0309C03DEC8091A4AFD3FEB504AAC6633930556DAC86EE3561941E862C4A75DD6B6BB3A0C59BE153DFA73EDFCBC3CE2188D3D378FC976D0EF9A95B7C
310
8532F527CE3CF539581E0FE501291E9139FFB65EFF5DBD8E0C18DE3077170A64E033FD278F18068028802F156C3809FDEB11B1019C208D020C9BA2870457F0F8E1FDC7EDD393E3B9FC9C4308E9315704233F960E554802C14716B0B45DAB5EAB5E25AB7830EBB8D25E6CA94E4AA01794FB1EE164FE9F040FE82C940A4BCEF9
310
13075D087E85A7237D3CF29C47E4E676777779528C4781761F0BFBC1D3A77880E40C9A2E5109180D5255317890394229F0F082010354082D574F1E3FBAB7D6553C2113DACB97BEB5526C7C6F69F9310A94C46CD89FF8F379AD1AA035FD00FF3F320180F01417A6F255A3A8D86319FE0C0B0E06A0DCD33F79841339C01E5BBE
310
1911AFCFF7C1E0A540BFBDBFCF2372352686D863F83F59CB6865F43104007EE06F52406F680341102048A01BB048823082CBCB0B6AC48C313F3E7CFEF8F2D1FDC3D6F6F9F9D9E98D9D7CAE5EADE2A6512FAD7AB526E17F600C85550DDE9ACFE9D97E694513103BC69F8A2813176032C890C1E9C49FC09C61670FF8705B1D73
310
86260E7C8E7122C7F8208A55139E8C8D4763F7EBF5728DF9C34677364E3A3F9AEFDEC9CD95470788834F9FBEC512379890B38C94205B2557987C4186DF5C0837608DF0F9F3CB87B7EF6E920475752A01460E556919B2B64296FB9FB70DD5F47232A0F77465BF140CD001F00ADCA175090E2665A14E6329B62660E02A1CB50C
310
6025E3DA252A670B3F0FFAA5EAD94A509FE7036B159E0D1D9F2E76B7AE1FD5A606198D3A747AF450023CBDFD162278B9446688111009B4029B0F2180AE20A542D40610C073B47FEFE1416B2B12200F3C991C2F54EC2491027A816B0A34A9D05C6F437AC23462385DADD75642EDDA738AF1600DBE07EE8437804D2D011A94DF
310
71C2085EDD40266A407FFA1D1C00B0C03927E60338E3B9D8C47D1F8CAED578E06F7CFAA4BB63B175FA7C301B747CB377F45192003CB8FD34B12009224543D8604494011A80C1903CE0518C986208E1C5FDDB8FDA161686873BBABABAE74FA637BEA894A44078C19696F326E057D7F95D061A6B0394A9D5F2DCAAFE4C2388D8
310
A6E9AB7695CB0BDD0A332430F1A9333DA41D1FFB97FA09AE84E738C75C407C260408F8DBD5EDED7DE1570A7BE333C54F16963B46AB0C2B71208EA3D16EF4EEDCD7005241166C005A73C03164792151205C007288AE337B4D7103741BDE7B7AC913350B348B2D767515674EC6F72A0402BBCB41C81305AFCF05F2758D3ECAC8
310
D26AB97606DB9581A4B7A8FFB068CD5C0604E6849046B70C2B60FF0CDDF93C13822B4E82FA0479A68220E66D9FD775FB3C1A9CDBDB9829B6AF2F77EC9E0678FB20ED8D1B1A1A39D10F9812E20D6281F5673121AACAA9C53424000DAC173F7E18C3052EEE3E78E7F1160F5AAEAFB70E0F7775CFCE4EF384DDEEBEB9C0889D52
310
43BDF557559FEDE5F17AB21E118C4C31A3DF6A96B56AC62180293910ECD6B721047664BCFCC6B2DD3C65CA0F0C823DFEF84083C7ECCDF05898EEF158F4FEF97EB9C123F1B9D1D1A3D9F9AEC5F5CEDA84A3C96C14A55584D62893D6A54D8D2028D05C8B1F124884543F3223B29D208B04910D3FC43F5C52196AEB5B5F5E58E8
310
E82610F08C21BD443801233C0CE8BD1E40F84A1CA86001990048031ABBAB11EF83F9283EA89F181F2A0D9A9F62D94B7F625FD727E6A93F63F200F614F7CF100D4511C07DB45FC5F0CB4CA359ABE4774631FDAE85E599EA0878A3C33D5AD6430CF4C055EE5FDB80629000D7855DED3F436F3B61B3DC7FFACEFD2B1BC6FB0696
310
312CFA477CE87A87070C7998E04FBA78AE3F915A065E819FCF35B410321D9ABB308146A11AD5196CDDD7C477A171C8AFC74B45CBC6F641AB53C8D4ADA5870C02379BC0470CF83DB55F073E29CF5CE5F7A3F8FD62EB7AEB1774C2C6780B9523F9287193FD23DDB79FBEA513B45200E2E0C1B51350163AC19043C600F2C1DBF7
310
DEBA7BB9B5457BC0D840CF325EB0BBABBB786D301437000020004944415472B491ABCCEDAFC0591201CAC8EBFACBF367FE7B6E40E69F551BBBE7123E3C00AC560CE20C62436E8C3C54CC225EE08C0D74CE26148877689EDD004FB2BFBFFFBB984035373A7954EC5EE8591FE531348654514DB1D1C56411DFA2A7C212BE5ED9
310
1278F2851A432244C6822C29C85A8B320ADCBDFDD63BF71FD32648E7D098CD018BC35D7FE89E250EF2AC75F96C15271602687965C844B8807C6E7729D93F22E81D39ABD62A0820C1FE9F11CFA7208125D33E96FD69E83AF6052DD32D49FF0802CD9F9DFD39260389A950887A647CCC99BAB17132DFB5DED35138FB3A060F62
310
95AA5E195BF0BB56495A5A4A8FA440026E46A047D40ED2520A441C302D240F201FB8F7E0EDDB0E12A04D8816215A0579E8FE1B1281E9F19C9900DE79842E2A7CCD48E9876EB01C75DBA0E0C8D44AB5512947A00BE7CF5DE9E1A6A6BE43CF1A78783DFD5A404E4477336C1ED8B18908B2A847B2AFE9839E891137A6673BBB96
310
FBBA2A4B8E9373B001F08369BA11BE8ABC4302FD2345FD6014A127068427D007BE28B41D9B0D40FFB7EE531FA673C8870A69135B1CEEE8D009C08042A5B4EDA314920B635BF941E7487E45256439DFE9D276295F87E698389CD49FB394FE19720412DEDDC40E9CE9C6DD605E0B719FADC416CB15AB3A61F9B5B9B9426E54F8
310
1D8B03DD950946D432B40CEDAB7BB5AF11213CBA73C9BCCCDAFBCF06127C7980FE6D1DC9B4DF14832D6568FEAEEBA76FBF438300B541064ED33F3AC0B0D10505306FD370AED02859234402F6C3FED006766DDED2034D90D119057225EEE3DAF787EBF30EC51ACB4F551678BD6728E1944730C095F13E4D81A4DFFBF67C5BEE
310
37E62A85FCCEC6CC6C7BC77A5B477E22223ECA4FCC0F87E2A5E3EB782BDB25B8CFC6736A044DE5A7CDA604526361D650484FE283B77EFBD65D52C1C73C4F48E7D0D81ACF572F2E2280F98FB230508FA906B42DE240ED651B301CEC83DE1790C9FD96B6CBF986BECF3BD332C18EF627A0B6EECD5B152E02088D03D828AFFAD2
310
6B05BF671B4F9A09A8CE0CD2707F67F2A4B3BB75B9ADA331C1305BBAC182FB4A79820B7EEAF73199B8404C0B81231CDCBB871B80FC41FF5860E8E108222A1A076C29E6E03B6F3FBD4F1F295DC457573C7ADED636D6B7B8C88413DDF3B327E1046AA51040B40CB50C7E3F1D2E44DAD34CFA604029BFFBE714DF0C069908027E
310
B275F1F366C132E1A7450B04011CF82B2B647CE754F650FF6E25BF37AAF65B7BDA16CAA791F1D09F6CAB989EC5AB7809BE145FA459E8D3E4B0FB47DAEF093B946FED585B80FE1A0305FD5330FEDB4FDF79FBF6BDE81D8300CF6815E5F9896552412A03F31FCDCC7CB5E32365550CD9365FDCCEC8752E943161D78047336F8A
310
F6539840A1F2E764FDA2970999F205CD2BD1F5CF496571F76EAEFA0E1CF8FD2A55FD06391F9EEF8B9DC9994E72BEBEE1FC928E2F223EBA0FBFBFB4F2DF137BC894B8087643D64ADE6EDED67F7680FAC9060239E845FC94AE93D880F994FBF71FBCF5F66F9F32C292EA900F9C1E6F1105E81C5B5F58A067A448143842008D72
310
75EA3BBA3D2516FDF02FF79260020D6B3C714711F3CFB61BFF56A826E627E82256F7400FB387FEF23C1C1E77FD6A21EBB1B2B35F2F95E7760BE1FA3ABB3A981423477517EEE36FF96F122B942F6FB64D9502BD1B9089162532A2FEFED255028FE653C9F46FA321E0B588B7DE79FBED07C44106CC85133CA65190543004D01D
310
02D8181DDDA5A9C91A7110805B7875B689FC3902200FB192E7DFD936B37B57D9C338BD49E99E181F4E5FCAB2ABC1CA7AAB382CBC7D515457CFABE6FBC63D525E5CDF74B16378B9AD6774A58531912D232DF01BAA913DFB7D3AAFF912984302B84D0500077800D26C60A4742101DE420C610C2E92FA93056022EFBCFD5BB6B3
310
8651470CD33BD87630C05831BA864C85997B8754B05167F0706499DC442FCD22592AEC2ABF3FF13F950039BF159FA9B36ABDB2778EFF83F70972B83BFD3F4899E64DD8346AA495CB155A7499F2CE39B0AAE755125EB84FD8CF8D8E4F4E9FB4B72E8F1DBCCB98B31BC4607C2CFF21C8145FB48EA0F2159F86A3098415609554
310
DEFA7B27EF1301033DD06D274BAF6821D220DEF96FA4CBB60B3CA241C021D38E1AA76B4406B4767576166766A6C7F77273F5F395291BBA19F64F2E3095C14F3E60371827741CB27E89543857D6D96BF9A47C6A9A26057840332EB843717AAD171880217B71FCCC0355AED3D4819911F79D0EA8AD6DA31A83E36C5DC2D47029
310
5C011302387069158F6C9966022367ECF1D00BA9BB95C389AE7B6105A1FB640689033A7FCCFFEDB762189103A61C3A4FEFE0D6A6B5A19EC5755A443AE78BC5E9235B047890A65919A0D2F96AA3C01CEE913BB3ED239C3E0CD8DDAB99E4348BF3F8B977B6C43DEBEFBD7721A839A63B94C06A10DB87FCBFA3C2932F8C26F88B
310
6D6BB30C3C4E09AFE40FAB52EFAA1EC0316920E031A46D65A0FFE45A673432E907FBCF86717AC04F2CD0EF512D665FF53F05BFCDC43489F150890C60A8E0314E70A06F619D30D841189CA15D3417F3CD50191AE4396543F0C42BCFD696C58DF163F5B46D708BD5FDDA5E5E5FDF9401BC4F7E00E8A17520833D1CBFF495B5D1
310
CE037C664123EEE74737268B5D1D3DBFDA6AAD8C08DF2C0BC7A737E10AAB2A7B958990CEBF556CDBEE823CB09FB344143463C630CFFF585D330CF0320E921744A7918280FEEF981161008E9FBC78C830217A07B7D6985E83F9A79884ABB5AB383B4D7D788F9FB3D867A2112A43F19042B33A108690CF6F472F8661CFAC9714
310
78757F6E6F2F7AEB82FEA85E5715941778B278281F28C268AB24BDB470EF3303E09C359E9DF1CF990D8A096106E6A66C8620DDE7D281DF0B2831F20439A30D68386CE13E002F7EDA8D7806162B205D6A19AA1FABFD6B1B400EC2BFFDD66FDF7E8755B4883C043F43046C1326136680404F1F934EBDDFDD39CB58A98DF1BD78
310
80E0532E671FA1435E9D6EA5E9071000BE8F262E7C4044FD95D5FD526EB40A05A634775F32205C3D779FDC168CD5E56BF982508BF572BDA4F6F57D3304BE9EB18149461B12F760D7485891CA47CFC44909136FBF4931716A2E100123FC6CCAA6A644F25EDF4AC980B14039009BECE8B798BF69A05DC5B6885CD23F8E13A46F
310
F0C0A986D617F001C52241801E87C2974C31411DA3A5D7B6175472763D637D3E57C33B908F867F4A59CFCA7923375E5F027A983E18BD7BD4E6FDDBB2250C1529F4202EFAAF979DFFB1F2612E87EBEFEC58581EDB9AA95AD1D7C1905F7305BF8182D5BBB524D47C4E3B81CD843220DE1E6536497C0962C225F75A2D6A998303
310
B23FC501F0B3F736EE1FF01200FC8C99F5515207C9C40081DF304C0A17D06E26CCBC5B3C47459308178301FA8057C2C0AE9D99B05F038828B08400F2E3251254DD7EB8BC4853B101F99AB48E387457C96951E5DB670648BAB70A7B04FE93EEC5F5B183F9739C98952C6845C380D401B8FC86E70A20744EC720E09D35955D96
310
A9041720196D183AC2CFE6AEA816652D0234883D788BEC8F5DF2615261DB031C2381092401B48D8D2D870FECEA9C3D99DDB036C8A051058030E32190976718C89F031DFBFF2EEA3D88606A8A19BD0AE305BDFD12BA4FF46F1A0002B07137989C748936E9DB2C91F43B07E4E4D16C3779CF5A4FFE8CC981F07C29E34B7C012A
310
F0054FAEA4A6A3D49D3A16D2B3CF220A029003366663053C89B3FB1827080DEC2780076FBFFD8E39810CB0593CC68B5D9009F2D400418028B0BC6CC74067E7C9CC0C2690FBB084AA5254A12AF63543B35EB40D17B693F7E3464D5094C00AA9E04E0E0524F5C35C5EC6BA94B21AAF2440725E2A9FF94FE7A8F0E769EB83FDEB
310
039B631B18BF396F5C13CF89ACC02C387DA56DC3B1CD84B96CFAAA37B55FE723B611062258257D331F186AC93D8AD600B4FEF4AD777E4BF68F2168FF08C081A37AC13446C859964803961928476D78F68419390D830C1935B5C2A0A22A3AB17D3D6428BF12DC373B8D464E04C0A496BB3B3B75639DCC2500E0F0B15FB6F47B
310
5A7ED0183A87CAE8D535F2EDBD4B3B7FC762DFE65A07C30B2851DB890082ADC07131EEEFA3DB7DD5CD32C0860CA83CD4B7993A175F422A8149B1C1D94C1145059D9C78A8A572A90B7C8B1E3392FF77A80C50220880FF3669004E90F101740D2B808181455A044904674E7482CC3EC85C4BCE339404C0B0BF6A5611E4F9B815
310
7BAB6DE327EC9BFBA1B4557ECB609C1F45326499EFB90EE78F18227F09E563C9E63D847EDB3B68EB9C39E95AC4F7ADCF7D87F6752BB6912040281E4A0D8A8314E80D60470999B8A51FB1488A66A9F3F81FFA61C83F4FA6969E472288FADFD61B005E0EA4284822E018911828E868614DA0C36E11F3A051070BF2F0840E35F2
310
00E2C0C80A776CC9E7E6841C0503D0EDF15ED9AFE527E798D23BEE5F0604E58DFB7099D739BF0BA5D332EF29F1535995BDBD0DE681C4F71DFE6A7AC5A13554AE6910963E9ABC9A0DB5B202225545F5CFACC942B5B93C207352B6E5310BF349AF200175D7DFDF78F6D683B7C87E087FA9B35812C4F8F13452CED610A2207541
310
E6D659A739441F3833CD0C9C3C3DC2B0712F62333C4FA9327C9CA1124904B4FDE0FE21C119776CB0C212AAFBA5CAF80EB43772ADFE77CD9FA8A4144C54C2FB2304C65F62FC3678E4F6C68F30FEE1BE8383CE7DB86F58B1AE0C51F0F055E188D02F00911DDB0991832228B3172B3E623E513FF1734FF414A611A603163F401B
310
EA790FC9FF7FC3FD3DB02DC00184145B850D01D120424DC03C00FCEB7880EEEE939399F1F18DBD4AA54C939899304D913CC2D5CFBC55E50C7FBE4C0E14AEEF53D6843DFF56BE2D554637EA047D3C210E2C61077875FB5B40E19F43AB7470CAFE1C0D3ED3B3B4778D1DF6D4F837C08747180FE8394F2CA1E0A46B6DA62CE2B2
310
DABEDE0B1924098580FC16B369730E9E90541D3730D47FDE16EE1FFAD3419CDA05ED1F2715C607F2E81893AFC5936303F40EB776F1D808BDE393A3FA401E1C706E154C892860AD74A2949C409E28A8FB3349C764D13E4D1D3468952B7B1B35001BF41142CAD58D6011C8B78961EACAB66E9AFBC627673B61FFDA4167950A27
310
4145BF11EA17BA9AA60815C2C43AE1F648E3772E53C94E6364AF826019E723069A8AA353A3BF7FB5359281700061FF64C28C10B9AF0B70B0B0D30A31CD1CFD22F68C76DA1E44558869257892363C091D313EFA46B57C3BEB252E9C6BF5B4799EC58F1910F469E25AA17B343799DB3E33CF410061F96C6D63FA91B1000CEBB7
310
D2971BDD39A2A76361E000F5DBC1688D47CB812DD60F8001AF25B328D173A9E4BAC18CE9F1F628704330741B2649B92E9714447C68559C6CD2F681919367E4811100750058809D0230C087A89FF3C80C23C4C60882E481F48D531764BABD5CCECA308DE2F63D3BB50373D630796126803C2D1FBAC148F7592881B395ED7D26
310
B7DD38D7096AF98841CB37592561D9C6565317AFBE9FC4AF7371E060736C7635E0CBA1809FC80F544DBAA1F2F9393D970D44C0615A0C6930E758B9E63AE690F73045F0C8C0731DE9CD80F718E94652383458799E02C06D328010011C7090D8C5E5336A83D4059953877EA1E1D66FBE994F04608C4C991917230FB61F9AEE18
310
3A40AB9108D032449FD1A7283DD25ED15360EF7EA9303EDDC0043403531EDEAB10DFF87F5E2FD56DF0F1B701A9F614DB17FA0E0EDF6FD0B1622A81FA3D1DE5A33F551930335C353A87F9AB05C60455193448246944A232C5D07636D864CDD7A50D0B4440CDCC465D1C418321F50E1648D500294065D869559EF3C40C8FCC6C
310
323E989AD0F0C73142480B200842802C061008B480A9954AF282052B3AF67350FD0DD30D1F4075AC303A5D490250F5400ACF479656861E4C77AFF327F3EBECA4B57B6B6C8FF62602BF150744656A87DABD7BC6BED50527B2120C001A0B3718C74F0C65CD34F275164D7968148DDF259AB8AD6CA81CDA4E8819509B996A7F64
310
2D987A401A2B04018C01E6C169A8700F9DE3B489DB2BC49C9B7B858A4F50D22AE15428FCA4A1EDB20C83492690CFE361CC7F8C8066FFD0D77AEE797977F468A36E0B0DFC87F90EE6348BC748F7CB73B5B9DD5C6EE7AB19ADBF6DF359F1DC2A0F9E44F213F8041F64274C0859A2AB7C37440FEDDD2F95BE44065F22067E3EA0
310
CC3BD8C0D8194EAB291CCEE20B9CD8E02950AD806080047A279F19024C837C848816719AC4A34DF8F0706CED904E8185753A458A27E4C1E37B5F30A104932BE140E0BF4E400160F320B054A8705042FFC47B4940810173F9C9E97240C7FCC3F3813EA239B745DE9F1B1F3FC2F9330374DBD1A7B475923F9A2ED81716D18D1B
310
577DAAB9D1A0458655AD3CA7E211867AE7C702DCACCD291E0F798013DC01BC326087775C0833E04EA3778FBCB8DA4687A0255CA0AD210C15661E4E92001A4449031D1DD27D327334BE830B64DAD90CBF537A45FBD4E94A7A88888E715B7E74FCD040E818BDC1BF5AC609CCCC015DED23877080FCDC47BD8EF3A7B783A17D33
310
F3ADEB6D6BC7AD75EA7C7852C5B6FDADA6AFEFC2D181C03F8C40DD8A4AB5024F0B72E34B57BC1182472DC80946789AFB711DB7F1193C03C893B0345F420246114D3EA71D04FBA731C0DAB0D3CD311B218F0D5A15ECC105D02F3AC32F13600084731A83220040019B03180634B5923D438300B05BAC80881F061095FED5D572
310
A3323ABD83F1D37A2301A8C930AB3F66ADF7CBEFED30BAAD7D78A06DEB6A87F15491F5AB7E25842B6B34BEFC12C8A159F187C64B3CBD2356DE5FBAB98BBE9583F0E3280C0076DA15BF34C15238145742B07080B1EFB83382F9FEF2239D003541041083C5AF9EF3C8944DC2030BC3ADEDDD9D27475800693049E05413BFB3FE
310
B4308731512F13400D06F813368A0101D8D863EB3E75FCCADED124F532AD3F123F131AB46A93DF1ECE7F96CE9EB6C365C6D6A07EEC461FC919FE288AF7AE1A7D012D291EB073735FF26BBB1C99FB706E972192819B7A34BF22424BEA1CC7958AC2E04BFC8E02DB90A4A1DD04811ACDBC181037864672C78F6C0EC3073A40CC
310
49D5E813593B7002763BC6A909D31AC86F3F6E335C9E1C309BC58F16418642E2AF6B290A34FEDC0CFEE08FCA0F56700699CB73B9C99302AA17BD516D7F1FD755A2B32B3FBE7134D3BEC813195BD355020A7DBB541539CD2C06E45F46FC0EE08293E6C0E1972176D9B678340AA1A4823404EF79B1E2347E47C35D0A2260730E
310
0B513025DC0BD1C07E3366E9B9D17F767405FB531070700035618606F0B40C73C974CFD321B0C174A80C0F3AA54945FFEF348F5488895713E89B5C98DA501E06D8D24FF04FF0CD7ECD7BAA755A854EC6A180AD13BE094E8D5D63BFD6DFA5F5D3E4DB1BA18FD8473DC6E17FFC9832B71A2A94D96E808BB53F9192955D62C82E
310
282B05168AA0927D54AB20A20A74800B7CC9655C8B15F62377CA4C91641F9F4D0478F4FEFDCE273A002CC0A725EC165CE3A149F0333E8E9600B2C05A7D15FD831F0938DBE5D0FF13E3C0F0765965A0961C3FA86DEEB0E28304747BFBA5FCDEE44C23544F7BB7BF7A132DDE34F99E44EC3FEEAE92F667A10F7E90B0E8C6442D
310
F5A5318B0F816311DB2E6DC6F172C363FC800EE09186BB9EC82A24C0117700CD884AA42023B81EA6E0CF8B3056411110D78606EBC5AD5417B45BCC8E61EA01C4006AC233933E35D860BC1B6CB9C9CCCE7840D2E0C1C1FFC11CCE54D59300F2B47D66A10F09D8E24B71B9BDDF98FB62A3B897C53EC88D16D1FFE8C649B17BB8
310
E760EB20B784F52F992544753F2CBF642CD3C9C70D8722C197142C567E74FB431EE248A8F3FC00377F5142144A82FFC28AC2970A780C85A7EE9146FA4B2981F3C93BCB0F3FBCB6DD3DE69C72B6073B99140DE28B8E919D9D9E7C2F5FA99FC1FFD07E9AC0965CDAEA0A945FADE52C791EA989E8E7A21A355FB37E44405D171B
310
98A6E946DB26AE71DBD01FEF07FD378F5B4B518724481820890E7486E3FCE61A60E096D577701890EE07CA5D7F2B086040749FCEF3F81972E510A86359C9BB579883035887542090614E5C4461705D7CA1CF84DB564838606CF1597E8119790D021080C935A908324EDE9F60A04B7830A33F0670CB08605B8D01BF9A3D4356
310
93FAB4FD84EF6754930640C1F9D74B052A7ABBA9F502B39DA3BF6BC7514EA4BEC71D752BFDC198EDA8DFE8F32B3EF811E4576B0A2074B99B070A069F60173E7427BDF285024E35A4418B7A412914F2800F1965C4F1120A2D5D2C64400563D5942044807BE7C738EBF3034C4A6F4D70C04ED1F97673C039FABC4CFF18866E08
310
200BB66BDC9CCDCC3FFD1E43BEFC52C317F0F5E64900FBFCDA4DEE68768FFF46350E0EDADB7B34DBBEDE3776BC55599AF84E312229F931E700D04478D66A0D88D09B2276141AF0F8811C5F8067DC04C0F90929F7F1AC9CCD368488AFB965C97B855A3E2E93AE5B4866502E55991B82D4388614F2C36B8484A5FA06E3EFFA98
310
4A6AF17D5C2073299D9F12FD63826F67FC460E54030981684E9FBFC22009A3006962285FDF4FC84B699FB5BEF3736C6072F6844C15EDF25883037DE6BB7AFAD6AE164B367812FA8CFCA6FA25725D99AEC5C6EDEEC64ADDA2BE0056002032E1D7A20A54CF444E360D520A5B69816C0A953CE0434A8A898BF18E2B704588C01B
310
DB2133342F5404FEE698957C200EF54E31BE6DF4E888C9C67F5F3F1B41F922777E7FA6332677C20098C59F762F5DFE4A23F9801A3BB6F8A4F66E0D40EC867E92DEFCE84C714FC7CE8DD3DD3BDBF9C781B1C3B549FAD2C89D711808CAB100E09700BB85240374A7209212F320CA577222A7020E7824500179FC7096C714884B
310
DFD9499E027ABEB3CB0226CD293CAE6E0C41A6788F396606A073E28CBE5CC67D584D36CA39D37974FE1023253E3FFB007A26F657FFC901D851130DDC2BF54884F20D5D40A0B7E5C7BCC7CC87B84F2ED820192CCE1AABA1FF24ADBE1D03635B5B3B53D4A5F84120125FADC36A0E792D3AD7E255792CD5241A4C84171F110409
310
0017DA493D0A7790A7BDE6DF326180398E4B0DEADA5C2763825E43E05C388E184678C88CE6422606C017F030366981353DF03A753DBF6370879F79889DD0BF75408724DB53C5B0063AB6568D02DC47AE4627B58D7E367A6000267E7840C23A0940B992DB98ED1C4731B4FB4DCFB6D3EAFB6CAC7646F0335C5031888CD74E21
310
03380260AD47176D703960230370FBBF28813524C17FFFBD6288BB28E4F905ADB4A788B40B4A6201C1878BED224DE9906C4C79EF32EE679B9F5D3B5DFA137327320643909A823F62106CB8F9BFE4BFEAFF0FC7A6393EC7F64A698EFF8ACE31BA05ECE6DAB6DF124118D1D13F892F3D3530602E3F3ED3D59DFB821ECFA3D9AE
310
85B1ADAB9E328DE738BF55D5DFD039445AE76D0194180F57B15BEE5F09C07F952F9A10372BC894CF7DA12CF6507E2A8916E0DF430C519485C55D61EFE209912D8C32866214E121611E22A0B1238DB18E86636A3BFAFD5B4EE02FF1E505F902BDF424D0516907BFC95EF3A76B6B3872769D67E25B548F0DA46E2B93DFDFD5F2
310
B9E9EEE1EE1DCC7FBE6380DFBF38A165CAC73DF912AD76A4690D2B766A3EB4AFA2D05BE543EA20B095FB17AE3F1928D84482049B659E671A4763CFA567C08824913D37F2F92F841FC244085C1681225C04AD6DE1684831682CE0D6096B56101C0D4FB3A1BD3F11FC1105AECF5660BD3FEEDF162B0D9DEC6DB55AF27FC98050
310
BDDEDFF63ED14B01336053A19DE9AEF5F5D9E9D9F9E19ECDADCD497BCC57681922F327EB41FF681E17C1921B04FBAE371AC69E53F98183E91B84897A5DB164158BD1D12FF6F6BEF0E02847727BF2628F9FD48B6FB11DF6928C868B29590A0606F92140D0C08850DAA7DD8A5FE8A50389F61288AEB743E9C801BB67DBE0A7F6
310
4F63BC87770FDF57AA73FE1F5A84F8DD3AADDFC32087FBC0A7D645C327B97D65E7A8BBA76DFD9BCEE1B1CDE3F5F7CE4E6DF4013ECD7CB60BD1239E8A4E9A5722AD9C4FAC8F7FF17B214AF8801950430639A08E3ABD05A0D94E253BD5951C885B0CE750309070555FF21F2EF83FF53F4E15038B8D8A244740A5C9CBC120043D
310
A0B323FB1DA0A4EDA268C05A304619505000BE10415DE898809DB6B66896E60AE347ED3D6DC707CB7D5B5BC374A158EDC343D0EA61C217D4878CBBDC1D85686782C3CF4272E7DCFB5E9EF628F5A95AC1AC0C6848F5771329EF8DF2BB79EFEDEC8DBEC72EB7F245287FD4B31008AB38EA4D52F2BF57167159E3004CD8950E21
310
7DDD6F699FC763E9D1A0AECC701F7BD4430A3E030374066938F883C01DE40E7DAFD609345E33570F4CE6BE467FBD7F793B5AF2A9D331D86DBA7BF98067918F9FCDD609A0384B523F4413B574B818C6889FAEFC5E7B8F90CEFD62BC2C85B2478D54DD076635BE434FCADE68B3ECF1C8708E27863DBEC352D87BCC7A92A8E135
310
700CDE65BC114026DE5DB68275E656D2C0D4087293D43BB4C9C14EA83C0D806783B40DD7CD4F19EE9F33801F55A3F1FD600017A6CD5DE607783D5F74E34680E7DAB98D99F6E5B5ABC7F7DF19D8278322F6A97FDB2FADE1539BD945DDF868EE2B8B70D9EDAA45D1BB0A5801198CF1DA891540474745BF0317F8A3703E02510A
310
E94B084221F887FE950272D62D4232781054A87C58D015CD45EBF9B70E60820A2056E9D4D619E8494BBFA68B61EBDD8CF52CCBA124BACD4A4077E8420A7F36FCDAF661E577B792A7E1B7E337C7CF1FDEBB3B49F501F3C7366C1730E793F51FA20A9C3D2E9F18E63DC277449054CEADA36DA0807467D45F8A744E1BDED725A0
310
33868703F1392BBE221158220588F30574A0B0893D0515B0B7C404AD0E7F40C11D504C49BD7DA39A85A19CD7357DFC966E5D92272FF06D59CA5A6A1C8AE30E52F1247C1F1D78F81887F9F3E387075B170F9F5EEE4A7F5BFC69DF02FD8795FCFFAB472E7C88D563DA514861B85BD41594A75F5E866BE69471110A9F75C8609C
310
7E6BF6C7C727431EE3E9E3773D2378C25226E82C08104A57ED273FE0921D6990E02B006BD038263BA360355E8DC446A380F0BA35FA9945A80CF60DFD54054202F91897C241C147D59F8E0FC67CD0F2BF377A3463F8BBBABCFBD6833C57E214AC3F5AE9C2FDE88852968F20337972C7E04EE5658223008AE82D93BC37D8DDD9
310
00BD6B16EF221F0D4149045D740A8A215D4FC186C658E01994B8CCD317465828704BB630DA2243B3B4ADD3EA554A97408454148C04A1A0CAAC2E04033C04073851F54380E0BF2DFFA43FAD3D6B574F2E1E5EF6E5F4FEFBD1CA87C161FCBCF5C7AAE2F726F814027BAE10F79BC3D765D61D1803952210A9AA07F8C6BB2105B6
310
1145B324F96014EF223D4A9261080239F03FF6F4DD4975C183B887E081F7A467A25EAA0C94028FEB808637768B07400A8235D4EF33143253198900E079E3FACB0C59B00F827A5785A6FFE2FCF0C0E6F1714F11CDE5140D931D707950631F3DE877F300002000494441540ADFB08704E252AADE1BD4E8DF55796A32B9B6F177
310
37C67702E5C638682737286CB0E0A89B624D5BF28222432848C9AB8C07170C97B814FF492A61072407D638006F7C8400860444C01B1930A522788045633DFA9507267A3A42BA05925BAD705CDD3792FA23C1075C6EE768A673919EB6C3FCFE7629B7310AA794CC9C0D14A1FB88F95C845BF22543F57996E0B26C9E4C2ADF18
310
7F979F8A55F11B47BC26594C52588518D25E6C2B1CCED231EA1B748F093E5726A21A54C91EF95789041030C20FD5AD68613432E19A4D0DA2505B6BD843516E10BB00AF9AC315EE9FDB39CC1F9EA59CD88F9CD071D470C86C4647FDEDDBB1CDAB81DA94034747A779F4CED497CFF817348F69F52E55490840E48840BA72DB71
310
F3E84F6DA2F4717AA928F153DA6E4C7E8E00363CEC9A2E1C8E65F298FC4A52F087FCDEE5CBA38A80CBE11FF7BC2AFF249203FFAB77A128A001B1987BD334AD9B901890A8C2005B6B248196AD09C0025ED841325B31845032E327C531C839E66DBAB39566B631C2FF0A1DA5A3CC47E665AD8751B47CFE33899DF047C9F3C365
310
E3B11278D49DF939298E09002F6430F9958803309827A7C791048CA070061B7E9A64C557D235F83EE24822E5EAB805F9862F20FC58F483DC0EF02181F572930205107E00E523861895A2811309808F2B6C14B2AA579E893753C155D2F54302007E9FF36AC5FEDBCAD47E182D91A73920CFA5C18E01F8FFF4C3F1FF553BCAD0
310
E58DEF85DD63B91BE38ECE1A9FFC4AD4A1FBA30D462C328C5A0340DFD393D3D3D3C0659195C96990F391EFF4175213BC74C020922D4830FE215E76940962BC0713A3B82784C0CB6623DC40D6E1485BAD454F6892200B225096127FBD82D2B12006BAE2E329C771E25FEBC0DAB3B5395289D56D7A8A89081B34EE06F80F819E
310
FE75C67DEEE95D227E283FE98A7B9F1C97D2D05B4D07A469153C3DA3048EA68FA667A6D90E291C7D7E2D063E4D044964D055F2DBF3E31BB851AE9F78A0A7314F0AD24901F581D74A6929142039C65AF5830D1C809536CDC05E4BA51038F79D713DA930CF18BA3010E385351CF47F74D439BCBC793556A1F99814926AF12835
310
E251C59BEA3C083EC2B2760FEBDF4304C9EB87B35769E1EB24B648542CFA4EBA9EF93CD42F03C08F249A2C98897D8E2225E90077823F4A52171A61219998CED6FA050992B6B0A74A2220ED12123004FB977084208F8E2AFC80F456CB110BCA647A3A0F854085D84FE0052BE31FFE7F925610BAFEC06FC33F9931BF063F39DB
310
3D1BB20EE357F594045F4226131578582CB055A59A073AE0413989D215019B6EB8A21CF154D71164E0D8F4E730C2CD382D098DA5261456A425643686BC8301710F2C50665881399156AA2B4C3191BC555728384800CE10040F746A3D8A80A5F0E500A93456FEC52833BBB45203DACCA37FE1D3EE4B9BF0EC27ED47D89B8266
310
F11EA2DB8B5A8BB93EAEDF0C06B7AD0402B9EAC6E787365535AF19F15158308A9D9785C1BC1C01377F8C6B4D07B50DAD25649764A91DC9812C7B34CA98184084F7C01055466B48058CD44085AF26648520C85C41C67805462D8425680425559F4440F3ABBE1F3F81B1EC72708767DDC8FFB6465796C8FE310FEABE0C9B242A
310
74137EC3E0427091967023299BE5D6D4D0C6D15747DC2AEA4ECC57C72856E827D33CBD319D70FF854369EB841282F84B7CA4881447ACFCB257E252E00FBB3272120A75B99119840858486615636E0E0334031AAA8C08A62E080053A0AAA4158431EC727A084021D41CF5D630C94184F6FE7432E8F5F9A4FCDF3EA7CF136FC2
310
988093F98ED622E38E4976E1BF0CF49D2889E6DF3566719FE1F9B47A2D3BF89C69155DCF24F88C609EE551160F0415900B4C48FB013D8900A9192A700748002924771A3686A0A580FE4009E00ACC090253E280B90AC15048E047020483A038A60ED232831F2CC90498648690D960C48E439F18F4DDBEB0B6F5AC7B7B89F623
310
0243B4FA160A7B9327F3AD5D937C8BFFE5FF8B3A5E64283BEF8EAB9F71159514CFED62DBC880614AA1F7994CCFAE7D8C87057F451733699B8DF87056E1F0654B5021E38097E4E23221B810DE20559AD183A61C2C88A648DB096081E9801CA00BC1DA0124E08DAAC15FD2936905CA8DA1C40E42B13F1764E0C4015EAD7F8BFE
310
C99A310B1B7C0BCC7746D3C0702759C89EAD57122092122D1F857067684A578F1DAB7EAC400841F493A468113282FFE42316CC74C756B1C880FE78795C692813CF4644480EE9B02991BCA257A71861F00666D9410288487618D120D0E80D7773E2B7DD180E100EC98B221C94BFC4FF531A09B986230F1CD08378A8E4D0FDD7
310
D9B1BC75F5C12EAD7FF83F3ED19EB018620303C217A6A35D826E72ABF2D8E2BB1B783F6E48D2E3F360806E1D192085D022103473A10375B63853EC54F500B5B064DBC20945B88160DCF7E4F83A0200BF6FAEAC88E9F54D22D898E43F378D20B51B5D6B1457000922202800DD401A9266483029C0D6D57ED80D42A0E6E08835
310
F0F3AC73D7FAE6D56185F04FC44472B854EB7D9CBF7134DF3DDC35A9F6B38417DD6F508B37C1A718B0D054124176F7222F62DFB327F34D451799D56216880193254FF782D7DDE26C271BF38C6E422E271CE4AB8823C9510F021126A7A944E00DB4031D013C88EA0746C96D4574069BD5439C4110403B40020C30B07A604F1E
310
41D19C21A93FD9002DFC35F23B1E7B98E95E38387E3603FE7393680410D702FF9ED5A3C5E5CE68B5827D721FA78F3A9A0C08A79722D9C9B418F46C0057BB1640C70AA4A03D29CECF33987596D53CFB27B32C3BE304C540E14BF8464E080918268D254838C91A01F0FFB99154FD8A9C0495EAA6534A6C464440B4A71E16100E
310
7405088122A35F7A511DC003D002E6C8E7E15F6D1D2FD09014139EC11FDC89394621F77B9F88EB5A583C41E2FEDBC8F82334494C0BFA97FF3C3A34ADE60385B60E5A30CF036E5E75370BE3B83AE73B3B7DC0BB337DA0045299ED0C66681E4AE223D01B1BC3BD4C921E2005FEB5114739040758189BA8A320067B62A3995E47
310
20055065AC2B4A8006BF8CFCC907C0063EACE41813C5F017065AD46CFDC6FF1BFEE052932CA3478C8E5A6F25DC8503D40F61FC1B047E4DFFE8E84407C81F1AC7B5C79DA358551CD0D13785A9AEB38D6EB68A0A8087FC6543E7471082873CDCE5CBEA1EFC5CC0579469E225428E9A43D6A6000B4219DE52E8DF00A55F4BF503
310
5960661C2DB88AC1F67C2890A93FC420193C8326409E7B595FBBBA9AE1D1511B3F6D65B09AC10A71C2317201A603E88C56CC68C91279E83F5C147787EFE6C675F00941D23EF092920330982DF38C65EDFCA89DA98E8ADDECCD77CB86D85118F3DD9884820B1128010D02F1060F582871CC8FF42024C02239273A1CC3BF71E7
310
70DFB7E96081682803188118B50310BD620234F230B12711B063E0F0490FCDA9248B580D3D3DE944A30CFCF2A1E0F6E59E8FBEA289CCCC943785BB8880ADA9C2FD70F6A13F5418444E3A669273C006C4B4EEEC067827539FFBEA9CFF04D84E7F170480037005AAC8829084329899F90B5E013927F8E646514B4824B01D11F7
310
2C012CEACD163B6358A4454A4221D06E68A71062520649BF9E9127D0772D6E5EADED52FF216BC2FC513C7D3C5CC4C8AF009811826AE20203B076A2AA66D8D32E317DEE0EFC000FCE16D9E0BEB17C74AB009256C5D8AD1CBABBDA61402612C675FBD72D07E633B1A42F2421208CE01397560811204306617A5141706105C9F4
310
984C459F2D0F6C392FA05BED808512B0B9A8A9FC6CED89640EA347D31F0DF76D3D9E61E800FE9F7601BE4C9614A1C58E6C839F13A12D0EB426DE6386B82369A9E6A7F1F9146EB578A2EF4289AA109B4F6CEFEC0463E0072A05CC9DEDEDFE08407B173B8AA65399C80B2911252E6290C82CC1B8909140C11B7AE161B42B9390
310
5045D017E00CED6D27AAA15F2C2179F1E83D411A7020B9408D202381E7E5DEE5A9E7E5CDE3B186433F488AC81554BEC09BC579018ADD1DCB3D9D70F02B14BF9159A4DA376225FE43DA224FED327941705DA582B2FD1BB5DC0540667B650BECDD1D5DDFB0C7F36DEE2B94F6EE2EE4E426F20A1174C31DF153321A24114C4FFF
310
25E505475F6906D4149B21F1BD9D9DF7B059F8E0FD83323CB97991FE80EE131A9003B81C491B218B1D42C0C0D593D9D548003839DC29A740298B0C23F0CE14BB167BD61989AEF0B985C8FAC8F923A73F31953989F0F6C96CA6C4D0A9A88184BEDBBBDA3BBADE77CD8E2FFEDEEF46184A86671D7DDC51417477BE9F04804F30
310
5AC82C2D018A21EA903866A0F959FBD4139916D036635EE03DDB7408BCF0627A03027AD314C09B0A27F0A79490D53839D0DAF1416995CAB24101FA63F75029D57A4CBBA9FB4D120ADB17FB5A999FC9420DFE04FA670430B90FE7F589F7FE8D50A4B5F004CE5F07EB4EA007F8AEAE8E8EF7DB3BE2F81F42166C7246FA9E62D0
310
2C8209BA1024414C483498B50229FD923F2414040B2081390AAC353B5283EADA12A30B1080866D746B9ABF5BC107F33C2A015B275480759334B83AB02175EFD0DEC785DFC505E0064F4EBA5A97073A74C5C9FEC97BD25D819E28AEE661FD2732B8BBFB1BF13441B3C1F45E8AC1752BBF80C113DE960E0AC7D9D02C58C80505
310
A19BA0E84B14402601A590A4AE00A825E98C3212342302EE10FC5100681F86834A2804BC409D70270A2091DCE874B16BE0706C974EB3D26EFEDFFCA6C4579AA4DB781708469F055532A7046C6BEB0CF39F3ED2EC4FBCA3D00EA91CA68FD2B87B5C191E0EB2C300F00A1C9881F263571C6CFD83D079D09F176FAD839340CF03
310
0F70458F81F09AEE1329505150CA0A00576B56C06D58070B23086F685E44232D9D53DE3FC3731044F286D19F459351863F749F1104198D6E14BBC68E17CAE70D7AFD958E350BEBBC70C9C4DFBA075240DA27D40AD7DB063A097DD3F041EDB3E4B682A7A12A548F3393DB01945547175879989302521EEB1431B08759B632B1
310
74E0F700E774FCA1BB83F95029ED1A084288C8893520E49415E00DA080AE8027C34206D35491D050A4C6B080F6A20889A2FF82379AB6234F6710C05F9080ADF002B9C9F9C583AB220F45D618D7E7F7547FB27CED8A8B7A7D24EDA4988B0C1C2A1AFB53FDC61BF3DE50D63C560F0120B0372F0839DDDAF13E583B868717C1CB
310
8CC71D1D7F440CC82184803144196EFD58BBE00B7EE77DE8C015942357FB06FC906A5E2B8882CCF9FFE184B0035A5CF186A962A63F84B3AAEE3D5A2C830008807568B6A9F424086D2095A3E262DBF124350082C4B5DF4704A9D2C93553DE47BD6766B69349610716999FA25854F759CA9792599D3837ACF6247CE8597B0F96
310
0FA3EC45B61715050260C5844FCCFEC9666BC71F875B17E3BCB4CB151405D7D08F846B4CB952248B4603CC402B609E90F0044A007FA800EC46D07A51232B00E5683C55D5096E1374DA4FCBBDE2C25A5B8D26008227CA7758033D7D70DF12CAF7F247939F93F1CC63047D63ADA0B7CC8771B234D8095FCDB577B586D1834062
310
035670E204B245EC093FCBE15626C10D210CB38A13F50E10A0D5C0814B0C4B30AA9858516001669002229618F100767AA3D6D2528595FE7A398C2D2300ED0013A0AE60B91644A057327BD3C36BEBF48C91279B45F8BD145494674AFB211A91977CB838DF35DCB3D6D6AA2FB2784B591ED785DFD7DB77747DAC9D2F7674810E
310
FC2895F9ED8007EC7885101679C06F21E4B1C8A6120956F80518D1DAF1717BEBFB5803E20C6F2A11B2E48AFF4AD2810A70054623E341B3D1ACD92DA91150DE631EEB2C28882D092049C0DD38E262A7BD6F98549930C9D44B7C37028AEA9F8C5628A2BEF5704C0DCB2B428181B1BE766F43014498D2E57791E4C8DA6BD2ABF5
310
003F0C40202E2E32EDFB02852D16C30B7F646B98FDF86C7891690043128B0A0DE6B4EA27F08C30CA34C9D0AA0852A5997F8D11A6EE84E040B20472020256F4AFEBBB74E6705A12083B249089218E6452C8E5A69717E904A3F5EF3D5D08EC1F4D4E85086B238CFFC11AB9AE972CB775616C6D1DE04DDF073B4DE3747C41FBAE
310
6072901CAD0237100670C5A00C2C3CE063610ED824826C1F6650700E88C00B62468903A0D71D3A390255AD7040048348C56C4647413C2C2561216E0C469203EF06A5B101AD40D0E207F78B124747DB5B4BBB4E88B1C373C114E0470B345156EDDBCE1B4DBDF81DBC400746B0B54E05F693707B89A5E430982C2AC7D10DFF11
310
D5B102B9505034B35D07E8E5F585757F088B390F2D4C85CF7218E8418BB4F25B885053D07D5A908326809F31D6CC6B77CC948413B28664484439D118DBAC27DB5AC40C1AD166F25E6A2F0AE82100C0BF220405323E1FF80DFC518CACA8DE1003F3C9FAE9C7B2D60703A0004F8EAEAD2DE0F5485452D15B77B4B67F4C2403B8
310
D8F9C533558ADE058A9E177A1698F75DC0EB4C800F74C0270178C8579C1FACD025F0560844502D2BBC01E620030CB93636C1041636A693949CD80139FD15BE107F905590A292840F8860706D07E2970A2F15E5B13B87C3143CB2930374CC46A6F9B9D7A5CCCC14E11B9E879A49FBE27ADBD6DA82410FBB94FAA8487D61B51F
310
4BE0A03FD08743C31020D6628ED20305A22C2C2FAFA7ED1E7881C438AA5B9035F20759E243C51F34D0D5F02F11403B9E204CC1686C0B6C9000470561519CBE1B0E4FBEAB37A39EE4B84C05F023858779341991F36D9D9F351E7BB3B5ADF00148D9D05784F9AD8B037D48C01BFA83D4247F03BB768BEEF973A14E610090D4B9
310
6B1EEC5C5E66928F28EBEB6CF578B067DD83086081579848E60DFC7684044D8174993C39F886043481F6A2B743B18749E52447CD4D230513032D20D20206E536E15BCF7B7D211634F98FF9986287F33F9A94615A5A0A7CACF8DF5DCC1AC6EF9AF1945EB78E0A2FED1DA2ACC00EF983F9A012260BD722EF61C9DBCDD8719703
310
ECF839029010CA0B9F100B1D2842153E01A1A3837AB579516A31982FD2908A09100DAE591016CBCD4B011A2F4DE299E1338CE065DC4841BF9895D8C81714800CD08F5AD39601BC929B55D291F6CDCEF2AB40DD5D98F4E6F107C47AEE4A09A079C05316F479DAF4C2BAB83221BCC0CE23FE3D3D4C7BC9AB673D89A3677D6020
310
F6E182332028012FA0FBE0B2668FB85485902A8E7FA0BA2105C213E20BC2169211A4BABA7D693C3F1DA961F203694853137073AD5CD25F1C017DE0477626D7BA55B88F83B5EE513C41D814639FD1BF759171F4577D3CAB0C3DFF68B2D3B1F8478C18F67BEBB2598FA76A4545E9E961BACF657E0791D2373030E0EC9FAEDD17
310
BEA7703A738185D08236C407448A4CB504CBF01FF43859D3115488EA01B55078000DF085911805790DE1B41B6F8CB2889C3834FE02AFE07D85143C6C008438A944EA63E047023A7EF37E13B0903AFEA7BBAB9579330FAFDAACD540022980B65A75FBA17D388F1E6576405CCE7032D95BDA420E7DC0EFA320879E5F8B3B04C1
310
D2D9C1114210C19FCC49DC6A855E12010184DB8968109ED016E4683CD552A36B3AFA13BFC2114068935A7E774CD2C7225642B73325938052D8634ABC18DC9442BF9E0402E85B42F9F3273672DA8E8F1070405D1DC3248487574CD98092B8B956E6AFE1566530B78FAE05B4A0DE51FBAF85DD075C7E11939F80E015A58D1F87
310
E400CFFD2306C4D1D3C634380A201545A92BE01F445800BE12302AB477BD6F62600D211232EB061448A0D2B877BB940D63D059C37E0569A83DE93E214F4BD86209FF6F479C640AFF8AF6D1BFD987D029A94DB7C329B4184D4BB013BF912FB88FEEF913071A8D82B651BC10DB067A7EC52FE1B421883144C00F64FA23A11CF7
310
08BF16CA59F18D4C04B8085964B2D8DA4A855187000BE440BC816FFB13374640B0EB1D0998AF38A1AEF503F14302E2811081FC12EA6CD38A63B33035125F40F170C0B0AA45E9FCA38FC6D688D48563B5C4B4B7C359D3C7AE0EFB16ACD5E2FAA47EF8307044B4EBE1C71E84E742D81431FB06B90B600B9C239E277A57C94C42
310
7EE10E7826980C0136600D916A06058CBE8604DB4D314FBC014EDAACD0820F14BF75449B70339490FE5A0491221BF95F949DF1235380E969AABDBE2D32EB4403D3FDF17F42F9A0A7C28ED75BE86BDB7C7EC80C76F86B8800F77B305EB88F00A4352E0F8089EF811EA02A3DF08F7DA008F803BE4B4EF5F41E56087099E92070
310
8C3D720916444440FDFA013D4E1201414123A09290F5BD7AB729298209C4306D007BB0829FD4EC3A6D7E4F00B67DF38CA0764F832F0448E58439B952CB4F70DF964AFA74CCFDBABBDF273E2FF4F56D3DBFF2A78D42FFF2755DF307066497F44062AADFC0CC546F6DCCFECECFA232E14F408F05477D311B683A35BC245FCF8A
310
5CD2AF20022C21022266905A5BCC8B20235D6FF04019CC04058AC80023662E25F342063165956320BE50370F2A657BACC817DDA3DDD3EFE04028645780A768FE38DBA88BF2EF3ADADFC7FEACA952E5A77568ECF0C971DF32BF1D24F8486B22A649EC81B1B60315CBEFC026091CA45F858D7D04C1B437079431E63E38F88075
310
8842E780A9E03791C0FAAFE10012588C3C592FE35461A6047802BA18686887023A422A49599399893103942CF6DA53A8E387825FA0678B261F139F801E2B17C901D0F5217E07AC2401A87D0480F753FBED44FE949C93A1D042B879FCE499B3D861AEB23F9C1F372F0C24D0B7D6E70FE1AAF60F84BAE642D82F0A9F53E22783
310
915518494FDBC0AFAE7DA282E5050B703570E06319A015E00D693A6BEFFAE493941C3B08C13B96BD20D0115A9565701DC58568A3009DA13E965765C03091F0FF339F7309D44F6E61F837F1B1FF920450EB8FC48F9B40158BE89C81A597CFB0DAF5F5755D3886DC13D4479599B583758CBF35663AA234F133F91D3BCCFCE0A7
310
94367F385C59B19431780F1C099131384056616E15A1563B50021D369C593FB292685A68A8B2A50A0A2085CF05434617E05FC24A6B077B990014421A68401AC4D65788EE25F737EB780D08A6E38F060F2ABD889E1B889C44852C2FF368C1E3E710D73B6589EA83F7417B341ADA1F639A23D15298F087AD0326410E116C3A1B
310
325218433C71AE62C07C1480F1C045629724A076A4BB8D622D24690486727F56108D07046DAB065000678E04C4F8C342DE27F4AC102D854F2D08D59B4ED0E4F697B0FF62F113646BC5B7F3131D4EA8BF8B265EA3F2026E7061B96F6DF3D993276B2180B8E57067587428579460551049049B074CF8B1066C7E14C705F0B392
310
98C0997C17F701097023BAC31081390196801FB0C2A12380042927503D5A01CA127F9841B460310639C674BC8CDF1A320501448E0068905B07F6E5602F8C1F07786253438CEC51AE61FDB25FF71B09893AC026A9EAE3F30F369F5D5EAEA5801FBAD3C98B38C13EE017B054F81A56F05259DBDA64FE270B1FC4C77200FE276F
310
E814B916E222575ED717A62A92956504605268408CFE13FD61F84252228376060206802B9550F00B9D47E6AF1022538A752CF4FFF1F5931384A9FF8700EDD4FFA2B93FCBFABB3EA6C607FF714B0B8B04EBBE83B52B246092AB018C0D0002FC490849F1E214AE6FC42009D6D86616C835B65DB9862EFC4480C14137603C3089
310
D0A5588FA27E693DD184131BA4E88C35045ACEF1CDE1A82323C20B842F2419604821196EE8185BC834AD44F8E9B7549A32900196E9ECBBE20FFB4706861AACADBBFD9B56A23FFD3AB8BFACC18B1B5AC0ECD7B6AE2E2E9CCD2BE8AF1B1BC3A813B94107E82DE67A42E7CC7D4A6116700B5B2EE3C338A09B840F07C40A64800D
310
7C605AC42B72227C4C7020AB1F20056E26F542717F56534261DE3766AC10A6ED2D006DD03BA9DBA507AE0510A8B385C92363B9154167F1230C40D76AF6F3BE0CA08F8BA2FFBBCEFB09D0986550E0F0EAE2F2780CDF850CB0F88CFC2815FE87BD83909F474F45DD47F1C821DB2107A8817FD45384F57891B65F2543D0C1E20A
310
89B4A8DF806862AC27C60F6A054627FD344250718AC0FA21CDC4E28DBF2650D1B39D8B8A420C348A4F846E2BE824BF8C45E1DB8EEB52F576F47A75FF95F90FCE0FD3A7A08D48D5B9AFBE3EA658E1676FE3372FB57F0AD8D70ED4AEBA3D4C2BE0AAF1C3AD63A6004D12900CFC481A47430C9EACB390038642C8C41B13303166
310
614210592736B8603AD4FAB17189DBB32F3915F0C380795A089A15228460BDE8E52203527D41B5470901B088D84FF8B3FE2BA7F4FD30ACAB3DE0B7E2FF95807AB0010FFDE3A048F7360F9F3FB9380EE537F16F8673131325D3351A3F664022020811A0FE8C019CA17370725CBFF64132025DA1BE2555102212E80A907FB43E
310
D80A991A8AAC183932C19AE17524B06590B6AD286EB99BAD18FF4BD64BAB519202F992A963648ED30E7521F909F090C0213E367A77D8836BEB6F34D92EDA624183070248351F1A079E5D3E7A9EE81F2CE6678F92E299EE312B6C0572C0A7B5EEE07853612403813152C7125E2022A20C18F855DBAFA399817FC97FB6E1CDCA
310
31D348434ACD0012F0D32A5456B4007E6E92D72B1A4E9971223A42C1042819E4049C0C5801300C0013FA48F8944FBAE71DAFC27F1826FA2304ECDF3F6C10FF47D5C7E49748DDD687DE8E91C09394EE0682A4F84CFD6067EEDF43E67EA46CB2F4070160439245F00343D03BF25D7E2F26FC400A896DBF19FB8D4D0A66DA669C
310
3D608F9CD048A0533621B25690EE19D5D15248E390F042B12C682511B02BFE3E5700E4C9A9B2107A8F45248FA48234FD23005ED1F4EFE80D1320836F04003BF42856D478D1DCA3ABEEE3C68F9F30C3A16E5C238EA5DE3FF37DACC2F8B7980033F47FAC34421EF0418A045394802CE032D61C70023D788136788613887C0011
310
A4EA316E005718AE191F8D0D841B9C679CD2FC478442D005429166F5A24403B1E6ACF3298F388B6D0BA933D92339D48969A5C11F09B4FF017A9900A4F887010C474717E10F36468032FF33F4AD610517777104CD920C3CD15FC5F3B3A0C75BBCA3B00F2724863C10BCD4A0E00736C7981F2F72E4B001438B99714FCFAF713A
310
2603BC710376A1715FC602022202E06FDEBBC680A3DF1C4C095A12C50B554FE7623B50374FB2129DDEA4C392C9188077658C87F55FF92FFA507FF03FC8DFD3F31BDAB46DD51AEB03F7E1B38B8B87CFF47EA1479C3EBAD5C6B382C221C0F1B358B39D76D9D3142C4A20935F541E492E0EF081BA41B3620A8E172B584EA14856
310
32E22A8221CEDAC6110AFA4B6D43E2B76A18AB240BB24337721C9321D2C033B2D3E2641A55A400A28403C12D1DADE39AD23FC5FC08C47A64DC3FF6DFF76B5235124022D7E6D6D5F3CB870F9F31C96FE477FAFE54100068A3A87FA5908A2C08011CF31309C10025B089FEF9C510522B8DC07C30AA469841723A10C08E27F00F
310
7FBC181C083F2809EC3B2B328E294AEAD5A071B3A95C81D2DE3F930372D022C9C793535B92FDAD5426E90490C3C81D000017C6494441544698C416520C1C40C71FC204B22448FD9303782FBA67089A1A7D4CE38E89050FEF5F1E078A4DCCFADA058032C34C1CBC2E1202B1F8962B1A8024F0EB7A11F209E96FB369D4B64202
310
FE7BA230AD24C46413536EAE955B341B726C593B5D4630C0BE822480908522B0D85430230352618DCD4F7BA6D568BF4343801480006658EA3EDCBFFA9702B4FDE9022163C43F9B72B58001A23FCE6F0B3FF0E4E1DDFB9801A6FC42FD0132CC1F2224F89933107AD30B6C9131A53818AE944BE25A70810821C38F098411980E
310
46D108F483DC63F49B91B852351604091D60546702F58A3872A1716411B642C7629C267E64E77719F46B0548FD6BFFFC86A38DBFADFCDF700228C124C8664FAA02BFB1F92B09800876FCE4F2D1C3FB4FD0A44E0106A8DB8079751CBF0BD9340066C3D52BC64706467C05B5A54401BE4A1B0132A55EAC1CCCB10D378A3DFEB9
310
812022327745EF2102886A9142C812A1A2C9708027BB55B7006357459F9C2080E0BC34489FC629510F3017B62D5073E2A2C64048A0A42580E413BA9E08274091A398EA80B5BF31C87BF5ECF8F1C5DDFB4F22AAC181F070AAFDDAE5650C4000516440D8806786D874215149E69ABEC43FF0EFC820FEA112B0522003C84BE03F
310
B76623513B6D840820358B084119B0CEC8C00AE888826339A54091F5FCA513AFE147975BB1A86FC50618D9D74502F0C7C8815AA306602FEE3A5E79E0D7DED1B221001118B73182CD439A092FF801105D1AA14E1918EC282F6260869D55108065988BD67F68E5581720A708051F7C8070F582389C682BE53F2AFD85853F2A01
310
3D21564028E06E79B7A71E43212180A81541EBC88F451E02385100491AB0C4A3BC5309A95911E66D04C0B448366988ECD204C2FC930F8CEE8FA410EE4C25B58DD1B6EBAD83F6196670F7DE635282C0A56A851AB035831725F0471A10FE52097089C80495804100318405F0DFC2136004B4C40705EC9154315129205EC35793
310
0035688F61AC02188250CFA9A980233925F16A117A48CA54DAB6400221976B75D863330942E20EE3B00B08FBB71AA813B0E502FD2B023DF70114E0D7DF2E2EEEDE7B789504200112075478F2FBD6897835C91F0C20782401E801A2F9142700B74805703426023A81CC0BE88B537D0003E0C5181D29EB8D83050964DD258091
310
0A1E7A8138F76253DC01DC2F3824391AD748276C0B0CDF12366625D038603D0003E0266CB42704C8CE7FA7F11B4D59C0BF454A78F8FCF1E50513715D469607031272358F04E0003C90107223A581218F10008B10247CD20D860FF0BF48801040B361808148714764028EAC137E871501EFDD97C89B52107FF1235B0928C562
310
530082573CE137840EFEF82A0BDC602736C595912FBEC69E6A3A26903B3A300C5A098A9E3F1810CDFFBA019D97B4E7A7A075850F2E92569BD960CA7B8304995FD006FC4213BB1448A6F4BFBB3A9F9FC4962D0A1369129B10073771FEDA38B1737B663A71C088D8848027FC3008DAC4E4397A6F76271DFFFCF77D6BD7F1F67D
310
A51E0E08875A6BAFBD6BD7AE52CC04A0B4A2206F650EC412841A48258258E8662C3838FBE21E25172C2A15A4F78D82DCF68A005DCF07047C183E1CE47731BBCCB5469D9169E0D588945BEB637E87802A03D88FB82486210D28FB3B858D13DC7CE75F5E6F3B03C1744D30CC58C7C7A256146853A05243060B850072A7010CA4
310
7CFBF9A1E24F414037B8781E8E9F219A774B36481CB43E48A79819D638C8760D672FAC19FB9D3FC5EA9158DBD0159C27860409682E8FF2595652FE189D2CC2D7C023E944158355806FC320087CC74116030CC376C559C098B93A041C5DDA48AF33827D2327DC761D19C17CC62780D82A170E6CE7415A5E7FE825E053048F88
310
D2AC2A561CA4D4C60098DA28EF1A01382772484698F60C8DD24BF396EA76260542810A625978C03580A9CAB91D10249BE579B0377A3DD15749A45F24C4D81FF3D7D7996F6A1690288008C0FF6CC186DA9D5FC95BB09B1301004B016E707FDFED306A1BE8FA208828F00BF342186839839F1F6FA338DC5A0200FF383DE92614
310
C03A4508DA18F4D85F9354F7E867AA77A42FF49BBE6757A1A7454448D0BFC3C220714FE43A3D8F1547BE10F0BC5A05985AC3C28829A06FE24CD062700601F4AF12AF99099B08E7071DC4626A97C920C3FF96E190C9D1FD7CB6163E800D79E5F3F10A9306C02B799E80F1AB380E0571A584C0370A220C3125000B500900D96F
310
EA40409F980E2083E4EDF4D8D2480AE5667222E020BCDAD4EF19682120818FE18EC7FD6AAD67C03F7DF1955E697456F517AC4F24700C30171C67E9168B109A4F60AFA60F98BE30941BF776DBC7C70792A2FBE98AAA97224F8BEA39B47BFD14A8CD03320DA2B676E3AA397E652E30A42CE2987B7DA1EF7F75242413800A04C0
310
270C62A13372400B435ACD84B8B5009208F5AC73EB149FFF3508E21C2201E0338BE07E50EB47E7FF6D97724A601028C5519073E7978EC88834410450E074DD58AD13A4900103A6444A9CB99103229F0EF8C0C78161EBC68137240734CDCFC349807851E0EB46CE864D2E405ED341B71A390CF2DE20CF5193189E1901E866D0
310
230409684B193D17E2928534D04240937D3C84477494FC5E0FE0B448E35AFC19007926C1C6A6E622FDB8A12E30993C6710E070397C4B26304C0AE38218D19F01FFB15BAE1C0E7E74DF75F2406E373C414E848FF8E500EFAF3C1029C9C0ADAB2313A7426CA9B2C1B9E30032C84EF31A09A88A386F136E8C2F1D582EA0459207
310
015F10F1F001F0B1B7DF7222011EA2001F00BFD36BAEE0850928B08C077030FE3806C880EAA74BCE0863A952812E6008B3A89199C1EE918AF96AF583F1A073B0A355B9D861AF1460DCFB3BFC6B7EFDC834B09700CBED3510E48DC7129041C991F06BA5006CA6B5B34EE21501374E8DFC910042036111EC9C7CFA1C05D48A72
310
70F7F835BF04A4194DA4CF76CEC66718C84CD020D04C412AC848F03E3C61A1C8D50D0EA6838A00376054D3DF61A0E393E1F8B058A6C994093476D601A4A06F0CFD3C0A6BFA910E75CC10400A80FDA93AC9B5EA4303F6C0D188B559086091CC5910137772E14F2376D03181B5CFE74C0EA38440D0AC256D6C4D104CE05302FC
310
C00B60B9CD4D71E08BD40C144A025E60D4C1F45FE846A2105D717EEA84808A5DD90A168E133640311CF05DD870768683F5D2F1800F485AEBE5CABD8FFA3C0BEB33702493AEB551B1EB035EF5C8E5757FA7832141F88E8578A363802B560007AF93D7D470B478C4D00B412D634C9140C4F9275C00DCE8DFE3C7F8C0AFBC5B2C
310
E82E3C3BDF393D4375D50C43CD1C17E3777CD2C170725B7B42B41DF15BFC344DAD089C1E9118522B4A2C60B794E4E8F33081BB7C8CFCEEA0B2015E49D586429C6C78646180B7710E06018A3082243C275F077FBE412C17DE80D3E6B9462C5204C5D980D1DF84A864401C483CD01B143F4A4868087A0F780F37230200A4FBF6
310
AED325114C367C22512750A5C7C3E32D545CE20A0904183BA10015DCAD89864B3E1EE97EBAE8B204266A48E010511838E2FE413FB116E60880C2D8440AC3880DDA6DF6618C138CF1CB2A09637E18D00F80CB0DC05322E31EADB8081C29410903F06BFCDF5AB46024E4A75828056440503C707856EF0C037623DD4922A400E8
310
A6BD75E4D2800905F18450A00CEE88860C8964C7B3F90F56528BA18F71CFBBBCD2D05797E168FC37DB26DBE0DD2EAEF39686C18440820013C1444055402A541400DD362A0A402F1FE51246404E098249FEE30708C10CA0B54601053159480C00BAA9B1223A773234FE72FD5C3BD81804D8D196FE3D5315A0C981D88D04FA01
310
DFC185CA93F9120E1F480B08063364A0A318F08DF95056E4C91F1150D31B011200383502E079EE43CC18603AE2F88FD139C802A739F208E88D06DC78267C448C27C4113C19B0F51B0E9C1C021CF8F9167C6B1F2E10E461002910105D1042792D1CA303F469714C018C23D72179E165049C40E801CB96CF334562E5807291D1
310
E0C70FE6CAD91656715F0E5C5E70F8D7F83290549B1BAA6F781D25180EBCA93EC84E72A74081CE3020789B3790E1A9E478E658C099BECFF01E530E80EC5FE31204ACFF70AF8177A03059240CD074978A002A878BF883FEEC81DD684E406CA630ACFDE87292822A11953710F000885D6F68A67ED40CD772B0828359B753F7CE
310
23D9479AB9845771B389D6A77130F8C134EFC83947392029B10E4425440A84AF0E54825228FC1634D369874739C837A9DDC83C20D320C36042610ECDFA750303710224D01202488012CA847424F8D53F78AB6BECE9B3B35A7F32396AC6B7444566327DBB4DF06FD9616744F4D3A397EB3B0A3FBA8D763702883ED742FE5CD2
310
4146D8E353ACCF811C806AE09914D8446E93840FF4D6C963FF32BFB6AB015D1D3B0C9A0968776F021F21404B6260CF84A14F35180CE20B5E85BDA2EC91FD5A7DBA7E5705F4F0F97AF26CE18E3BA078138202400A62930FA6CC7882F911A92F33E547E64990B0F27323D73B6222863F86425153FA8009361C675554C25382CE
310
148420C8DCC47A20122806CA178A0918C14CBD33440289078A00EC6070184CA9907FD0A1270478E0B325B67C2193694EDB7DD0F3C238447C8A11485562FB4902134E6AC952FD5320A4F7C780882DA9684285CD81D278C0E8FF8DEC9F45D22DC3C2CA99C2728110888799575B6834BF22B0F01EDE72D7F21B672C40F0A97299
310
9E2200B7C91403F9BB3D09C01990819238CBAE5E7510D7D57450507E3DB04AAA0A3C280064E0775380C8C16EEA4834346A04BF0CE847B4B3AF760D06D24BBB267C32E2C9257DE5EB748AD101AF1FD33265E2B674EED8C01A0AC901392211011AC810560F77778E85B13BAFE3E25C95B70919A4862C15928BD8989664AD8638
310
101D009A80F00BDC41AF27602A4BDA0C077E550048E7F1011410F01405045E1C140B4D0E70E0F6E034171C3D6FD12004FCC1FA304312518910356628A4A326EC9ADF5DFFD1B2C0399503F14B4F8E3E0E4E39A06ABCB56A8014687E86E462BDDE5124615ECDB412B7314F62E6E0C76ADEC0F717B360E741960104CF1706CFA1
310
8E0605004B01AE007869B095ED92144A807841EFF2811C047889A04901C809062057192688C92346F97F279449F89B113500BAD282D1DA80A55C27EFFE02C8D4F395003F285B617BBF0831F49B055342DDDD414378E8888E92C16789F269A27C9A221FAA4A0DFDDB9F935B2ECC04DC51481558A69301E0460B02665AC4DD30
310
C03D480866C3409400051811876014C0F294C542821AB045011A3E3F09001FF304E3A0BED05CC11A811B865001769507FC01ADC611F400CF68C7B093606E30F3C7E0F00C1D10C31951C1E2D7252181DA00345842A19130715C736EC9ECE686A712FDB31E4D3E50AB336E5666D7B212C0113C4A4406029709B43D0228F3FBAF
310
49921B19CA0C82A2D5BC4A2079809240F37D3E10F9637607C3983F0458508A98B8B4EFC92AC13530180CF55359500080061DF59B98BB3FEACEE881DC8127F182A885A86FB12B43C590A4380504E32305E3148BBEEB2D2782029765428092545BA5C2C681FC5F8E869C0EE1034A822FF09A12C94084505AA868080303473F81
310
61F7AA0A6610745E280BE4427FB770106F8800EADABA19F453210435BDB2348471B13B65F2FCB554827632C4C44467333E4127095D22092ED492009930413251B5408345065065E415266E20279A40B3F520370BE2050C8360E6BB4601C1673B9BFE007EF5200B6483CD195400A783E6DEA0653515B0FCE8E86D1618FC1EFC
310
15C2E727F24F2A2DAB57326D8D0877D4E298894E7A0C3C7D9CE8A0E2D17AA2020FA1097D6372F2A9F955060FDD467AD0426368C24A8340FD0D6687A76316DEF5179ED9042005A2BF02A5DD810A4DEFA4A8F700EFC50FF4FB8C06410F0303C106ADF8852ACC6A2CA9046E9ED070739339857222CC009E206479886EA26227BF
310
7A341A15C351A8404A6C10080A2140FA4B4E8D9B9A11645899332363FD69887F436A660566964250FD752E787B64BCF8E6C8190DF8EA0C854C062D8A5A1346F810414313E606ECA0AC3A01D6928544029D5F42E202C0CB386F880F7842A31287061F32F3CBE09F2950783394F2F2B23D85386C6F51943E99DD10C8A0000BA9
310
569A14805693274BD0E4F4DC3F28E331EEA91C4F33ABE057889BFB92819187840A08E57A276A8BFCB75B0342668C70C565C8059996D209C2800941A21FB82B2F520BC2E6FE6F1A8827043DE17000DACC8193E78BBB8DF1467978C06F6AFE986123E3A95272CAC122046F4C65C4B88FED2F1CD1D918F7CDBF8903BF1A90057D
310
42F4DC133AF804ACBB58446A0DB78806FC053FA1E45D0AF1112613CC0DD976C5E70AD3282F42725C0D02AC8588DE451B1C01ABF063E7748A3882F0DD484BB78D037F9812240EB88B6034C0AD53E5116D4C6D920C6A89F084E6D0598AD7EB6930CC7B293E27A666E5CDFE9A3FA52FEB3C97976FDAAE9A60008FCA6B33099CF9
310
880D35D419FC687D424378E3099441E110C5B3C6DC311E6653514A67A530D863326C4D8430E0C28024803B5B069B0E60C10EDB6DF087034171DF01F1F3404B27B1056D8C0E56E7CA6056E7798147BE4C2F01CED5987E413AC6A724876DE3F599E0601CE7B9CEF3BEB3671E12DCE8AF9631B8031D3F360B6955DC2342B2A0E4
310
632A00264C0DA002220CFEC3E10D9BADC8904D88DC51928593AA16C91DF6FFF82B3234404C7214D0F8608E0052283EFB2B0563F1D072936C4017706010BCF1B16CDE0C1FA9C777E44E1F5259B0C9BBC8794A82A6C182A3AF56B16921405351FDDC91B5BAAA617860E8D76C97C377FE701A4EB4378FA97C2C8E3CC8950886C6
310
FD93AF70A1F5F676B7ED16CBC56AF5D09110EEB8607CC08A795882358280DDB98AFFE7087C6EB593D62F041CDB4018935238E73F1098100D0C8769818F777057F64C703C6530E142FDF5C837AE1CF66C94C4887D3A3726AB990DEA248F73B5D32C8E04F6714B1E67C53FC52040252E605B322407CBF8C7F05453462A295ABF
310
4D95592DDD76AC23512E9A2DF964715C80DD752CA8E263AC36F02C3C28A133EB22AC8D099BDEFDE28C3E8FFEE3815D5D00C17C00511058354D62443C1A546280E43572A9C661A34FA5891F8E7570608C8DF21DF51DF9D2A84D4501F41B8CD4F4C9DEB2F901E810C0E4CEB6EC08DFB06341C864CF8D0EEE779A606545E1E64A
310
AF30A4324C20FDD3BD558BD966BA994FA915CD162B1978642AD01694E533EC190368A68234657085B5F88E27A0805E04B8BB6A00A51646EE3C10A50FF007FF410F1963CA69BE2002F0F902E701AEC995FD41F83A3F0C3809A3288A083003A6CC2A20E6D703EE48E3777AC07ADD51EB6101603A9FCF17B3D5928F6D742EE7E4
310
CF38AE2B03C5FB39C81D7B2978FAFE85AF3D2710B0582C970F0FEB0E4D1103B8BE2B4D560CA10002FC8F334C891C07B44FE06B2E3ACE5E1E2D1FC32203110ABF9CA0E8381F68EC3C06701328E5A38278A5FCD944CEA5283DA933DF2A2448BD23F1C5D8BE04CC2DC3B43B3EEC29F8B5FF926D11D3E97EBF7FA1BD1E5E5F5FE6
310
D3D972F548547783146ECD84873F377C5820F7F9FCE5E07378D6CBCB7E036DF7F7104079A05B77C6942D1BA95D47424BFC3DB6411009A42E207871B7EE9B06614BBD20F22F7523FB985F3F7068E37600273A3ED0C1CCC380F6EC4AF01CC1CF95E4848B7BF950AD14C44F10460221E02D21D01DAE800F323704C00035DFE97C
310
B37F797D3D1C0E4FBF35EE1E5E9E0E879FBF3DF6F474780A01FB3DAF01FE0C0798218007C2090A3008BA7682A338F4A8804A06CBFE6A80CEC766F49853F15B2F45FCEA3F8250012841315016E75E797EFEEC4ACA6C79F515CF1738F7C36E2406071051043817C9E8C5888D49D0332E800062FF54FA562BF7446CC0BFDFBF86
310
03D1FEFCC9F7FFB5A7F000430755C2D3F72F2D02A022820897ABDD44594475BDCCA4A10AF34C06B08B4AB58BBFAE30999DC66C7CE903A83CF8EB006EEEAA063430F84B05F0ECF644825F5E95073870E72A0771AB89B080022A0C5A9FAF34C89286257FB7BEA000EC65B59750C68E0815B0D9834B15606328F80709DE09018A
310
C2A7817F83F96DB3D562C10A0A31300230CD4200B87F85808BAF64D04600254047F9C14DE93464009E7F5AABB4FDD6D55142A2C0BF1541FCE19C20C899BF4F76AB54B84CB97F88F48ECC029FD253F0C70DF4816B9AC94BCBD653B1A283C4001A0337955E4AFED3FB790B6B1F5EA0B5514074103A38D84280EE0F5F9BE974EA
310
B2D16AB1EA969684B6E4166CA28264B300474C7308D20013B204A65F82970718D05678B3315D442E1C0A327E2F56556040C005D2FAB1326A68A07507C9E46A3648555A7080F5F50219A00E6222E3E0862CE95B5680930530742F1D041805E69B788161F015944D041182B861A2C17F3AF01CF5BFDF6C343F9171F5B004BF59
310
C016719164B888EA206A02AD05E8464D06B48E4381A0E9345FD171625AC22198F57C003BEA5510F81FF78D31C9B033D0030000000049454E44AE426082504B0304140006080800A582275D51464CB48900000043010000360000006662782F31313841394231332D433336432D344639432D423245432D3141414436413832
310
444336372F6469726563746F72792E786D6C9D8F310EC2300C45AF127987122606C71DD918B841D4B851A43646695A717C52A85029031293A5A76FBF6FACEF7DA7264E43906840EF0FA03836E242F406C6DCEE4EA06AC22492573150D1F66C60C640E8938CB705396EEDD86DE9B5042FE27813D640EA63BB001C722AF6E55C
310
B61E4863F58284D5D3F53DD715CE1C3985E63FD7F1B7EBDD617E9F1E504B0304140006080800A582275D5F9852C93A0700004C1C0000340000006662782F31313841394231332D433336432D344639432D423245432D3141414436413832444336372F6F626A656374732E786D6CDD59EB6FE23810FF57ACDCE724243C0A2B
310
CA8A42BB427BDD5D2DDAD37D8B4C30D4D7BC64276DB9BFFEC68E1DE23440BA0F6975542AC171C633BF794FA6EF5FE2083D11C6699A5C5B9ED3B31049C2744B93FDB555E43B7B6CA1F7333465699AD7F65928C131B9B6C4B2359BEE595A646A694B76B8889AAB77377F231E928458288C30E7D7160F1F488C1D5CE4E996F047
310
678B73ECEC772F8EE7941B4DB27B86B387C651196624C98155584F808AE2C0337F8248EE6CEA8A0DC6B67EB76DFE996DAE14DC6494263CC749F88AABC671FE09AE1AC7F5BDC1F2D61F4EECE160D0B70723DFB36FEE6E96B677D5EF2D468BC5647E3BB1D06CBA49D3A8524046922D68F160CDBCA92BEE54E22B14DAF80ED324
310
21A142B36DC39628BA94F0262606B09E14ADA69052D6DA42BFA3F027B67502C560C9405B0BA7BFEBD69B6EFE011078172B659C082BE739035D2BEC4B7FE84DDD72D5D00BE528C63961144728A21B86192808B6960A32C8086F11A490C04C6A51D3ABF30A867DD997DAB8DC155124FCD79A494F0BC01F49CE2567F45FC28EDC
310
D74F039E40DA8226F958099B1F32203199BA72B1BCD7F7D5CD1248B48BF01EAC05C4149BFA7E03AF858805ABA535FB78B779598BF8D07E78C6D28CB05C589E7466E5775A8335D302E3EB004A89ABA9BB232A5F01FA4F807CC50B9A82E6187D19BC0CB4EC0C277C97B218B4837AC8EEC1BF1E1297AFAEA66EF5F00C2123569E
310
C214DCF627616A88619C5D8374367D02A34F595F09B70E7104367D4F13E1E76028284A6109E2FD6EF362CD56104C61119EC211480F7F53575C22F82AE940BC6968A82DFC7650947698A69F1D75F5016C86D1B0529521E3297C873F05DFF972FD715DB01D0EC9BD72EC25D9D184E6904CDB193240375CFEDBEA93F4C89BC39F
310
F850F741635708E7EC5311385AF4B2567A415231C08AC8C3A56AE4CA3D05778F229C90B4E06ABD2D50856994B26073084A1F6E3DEB2F6D04E561CA025A831964F790D14C8062CD94BAAA48E81C71E26062982913DC976A0D36459C05384E8B44C4DAD7B6D8E403028D3045A02AA969CBD66EABC96EE96E5770885EAD241706
310
90CAA135E1D2C40710C8DAF86564C73064D13409282461F096D6138C032AF0CEF3CC49B40B68141571B0A311249220C6D909FA1D25A8A7AE4772784ED9B695A06959DA29B50D09C015B01A249DAECAA0AF74CAC8131575A64C683A1D183B54216ACD0627F28548152D806A632C23D2703EB9F3874B7B70B5B8B20713A89626
310
A3FEAD3D1FF506FE72D81F8FC6574D3E75B8AA273C50A5A8730CFFCB1F8A7893601AC10D2136DE66EFDECBF479ED426C743D6F3C9FDC787D7BD11F2DECC1DD6461DFF8B70BDB9BCF97A3F9D85F2E46572E233C2D5848B8EBBBBD409B6496EC4F71A5B97B1D44A1AEB99CEDB4BE9AC2FC7F83E88766523094F8BB06D12A76B5
310
54845D83A878B4194271F82872541042D9D7EA3E8D20DAE4A32DCEBD312EF79C7E4F7E3C6FE2F726FE78321C760C7BF2A41F8E746D3284D07A1679906638A4797B4A6D20D391E5376517A7EF0D4B6CF47FDF478057E7D58AA9F399493115D018EF49B0C3A2B16809A597246ECD7AFB28E59C2684CBC6F055C1D8A0D973A0FE
310
32B3748BD9521EC424C7DF63B1B2D368780144F3288016361743848B7544E502AA6939455134CC90EAA5FC8780E3388BCAE6F812069EAF21D06D519B850AA6C5114F609F01CE83DE96C859C725EA15FBBAA268D55A93FAE4BBC99F80475742BF101E7D44F762CB197A13F11943181A0DBDFEE8AA52C525B4F461B968FEA202
310
DAD5F0103C13BA7FE8549C76D34AADCC2B0BF19CC4D0FBE2BC609D3C7604D144DB9616484586864BD44E7A6341299B3EDDF6C161B2EB3B5512D78E81DA9526301CEB24C82B295A8D58EA420E02C5BCEB0D9EADB1B948F58723E62FAFB2EBEE17CB89D1651CA0C22E43B08A3F461DDE5AA91B35147FC67908A1742DBFED1BF0
310
882DD91E9B39835C5B59AF6BDA4B15F74A84D418C6BC5844DA7B71117DC5A06A68B9B9AB0A3DB75C5F89D4E6C044FBC887C1B449EBF38775830AAC747EFA8BC0883C3728A8D585E8A0CF90FAB63A0E0A1A149444DF56671EFF2DBA10ADC0DAEC0D46C83C8D284CF2C916ED490AF91B46151D3A1416132EF33218AF0A52FA35
310
4287A79FCA416C8E37917E3A7CC030CD8E54FF56843049859C796DA975F407CC4EC5F8524EB49C4768DD540CB350C1E8B505169B53E8D09C0DCCC0E4C451526FCC38C1B171B21719BF7CAAFA7D7C4CA00351E92857B5A70B2E4A32C399A014CEE4CB05A8FBCA1BB3E9F78BAED9413887CB4D9157C21C178ED22810F45B8452
310
3818153E2A785FA0A4382F97E7C83D06249DC6F967EDA0A46AE798EDE54CBE86F77CF9C515E3F4D5679445C55EA8F35CC76C50B245A71E15E5E46A0A86A1C4CCB0A82217EFDC2F2C85F75231BAA36004EE228DE334513FE6EABD165A3FC05BAAADAB2784DC1DB87260A05E01041BCC8983B7FC111640A38C8A396A89ACA1F7
310
2A88D6F4AE152154008F19FB574BA48AA2DA30A51E6D052A72FE8FC07FC47B1FE12DF50DB56125B80070256F1E2FF4C2D46530309FFD07504B0304140006080800A582275DA847847CE1000000550100003C0000006662782F31313841394231332D433336432D344639432D423245432D3141414436413832444336372F72
310
65736F75726365732F322F636E782E786D6C4D90CD6EC32010845F0521F5680C3EA46D84C94BE4D44B44F086A2D8ACC54FD5BE7D96944A3DED6AE6D36A76F4E97B5BD917A41C30CE5C09C91944874B887EE6B5DC8637CE4E4627C4F20FE32CDA0D66DE646EB44F58F72E2D70B3756DEA1AE2BD8BF2E221420AEEB247CF995B
310
6DCE33CFEE13362B6C2DB840BE8BC5162B944890B1260774A2840DFA0997C01658B899E47418E4FB205FCFEA709CD451A90F3D36D2E82BE2DAF9100B24DC5F26E990D64889A41E1B60744DA153ED0D32FEE2098AA747B28DCE2551071D2B3F3B6161B31EC627F2EB1A3DB627693C1BA0D90A310F504B0304140006080800A5
310
82275DFF15A4A45D000000800000003A0000006662782F31313841394231332D433336432D344639432D423245432D3141414436413832444336372F7265736F75726365732F636E782E786D6C4D8B3B0E80201005AF42B6F75B59F0390B113044D83508C6E30BC6C26AF226F3B8BA6360974DA7271430F523308B2B198F9B
310
80925DB700539227A2FCCB80A18E5640D320F996A81C9F32D6E9129A0D1EF74FCE750E6D57BC7165FBCA07504B0304140006080800A582275DC6844D194201000056050000300000006662782F31313841394231332D433336432D344639432D423245432D3141414436413832444336372F636E782E786D6CCD94C14E0321
310
10865F6543E271D9650F551B96261E7C020FC61BCB4E572C0B1B188C7D7BA16E5B8D69F4D0A4BD91E123F9FF999FE1AB8FD114EFE08376B6258CD6A400AB5CAFEDD09288EBF28E142BC1BD73F80D23859523B4249789E08377719A4B3DAC6534B96AB4DDCC4589E87517110229949121B424A857182595115D0F61437B8992
310
32EA21B8E815A4F7A84798DF2B0F12A127A2A99B4559DF97F5ED135B2C1BB664EC85579914BC73CECCBCB608DE4D374DAD5C3ADA24A7E65506048F5ECF54F640C4511BEDB4E555BA173C24BD769839DC4E999B26A395C4D4A8CA29042C130472E4D5172C78951DFFF0FDF8F07CD4904EBDF6A0D0F9EDC5DAC04EB5E1208DA6
310
44FCAF0B3BF02FF3AE7B4B962F37F79386676167B3BB4F6E48D1FD9D8494276907738D1FE020EDFCF94F8B05B5BA46D37B6567F25CED56601A7CDE88E213504B0304140006080800A582275D26F3055E7E000000A30000000B0000006662782F636E782E786D6C4D8CD10E822018465F85FDF7586823DC008758EFE1121D0B
310
A1A1B41E3F685E74F56D67DF39BCFBAC0EBD4DDC6CF00248750664FC234CD62F02D23E6306A8933C86B0FFDD00F97135020A06C99718D2EB409399C7E40A75D63F0F4808536D4F1AAC1BAAF1E5DE6ADCD7378D89520355AC1E34BD66E354943CBF5EDE92975F504B0304140006080800A582275DA6D797065F000000820000
310
0007000000636E782E786D6C4DCB3B0E80201045D1AD90E9FD7516806B51190811670C8A61F982B1B0BAC9C97B72CA7B1037C6D3332918DA1E04D2CAC69353902EDB8C20262D23F3F59B81A079470595414B17391D1F19B4730A5583A7ED43BBE4025D9592775E5ADFFA01504B0304140006080800A582275DECFD112DA800
310
000026010000130000005B436F6E74656E745F54797065735D2E786D6C7D4F4B0EC22010BD0A61DF525D18634ABB506FE00510A79458060253536F2FD89D5197F3FED3F68B9BD80362B21E25DFD40D6780DADF2C1AC9671AAA3D677DD75E9E0112CB5A4C928F44E12044D22338956A1F003333F8E814E5331A1194BE2B0362
310
DB343BA13D122055543278D79E6050F344ECBC6478EDCD76CE8EABAE5449AE4298AC56946789C28AAFBEABC53F3EAF09A84A1441B91F0101CD4780756578C173A578FFDDBD00504B0304140006080800A582275D3DEE336E64000000790000001B0000006175746F6465736B2D64657369676E2D7061636B6167652E786D6C
310
35CBC10E83200C00D05F21DCA56CA76D41FC96062B120735B69A7DBE268BB7777961F8D5AF396893C2ADB70FE7ADA196782C2DF776D7A97B5933C430F15651E5469C55D70F80A4992A3ADC954792C525AE70A1E4D6AD9816CC044FEFDF01FE3FDE907802504B0304140006080800A582275D38C02196F30000008E0100003D
310
0000006662782F31313841394231332D433336432D344639432D423245432D3141414436413832444336372F7265736F75726365732F322F636F72652E786D6C8550CB6E833010FC15B47703A69440641CB9427C414FBD59B643AC041BF951F5F36B072AB5A79E76353B33BB3BE4F2B53E8A4FE5BCB666045CD6502823ACD4
310
661921862BEAA1B850E2AC0DBF685018BEAA11320C942CCEC6ED80843541998C1A2BD50172EF5580423C5233821737B5F292C79018FE5E6E5CDCF9A24A5CEE3C4A62D4F2906A99DCF4552B0774EA191BDAD73734F55D8FDA53DF2236773362356E07CCD88CA78654594C49D0EBCF76E1140F4A026DEAA643F580EAD33BEECE
310
0D3E63FC41AACCA4C407977E3E96E6EF129D543BFAC72D6EF27FB7A84D78690EB75DE181E274DC73404995D349E5195DAA3949FA0D504B0304140006080800A582275DCC1B5B4EF8000000960100003B0000006662782F31313841394231332D433336432D344639432D423245432D3141414436413832444336372F726573
310
6F75726365732F636F72652E786D6C8550CB6E833010FC15B47703A69440641C5121BEA0A7DE2CB32156828DFCA8FAF9B50395DA534FBB9A9D99DD1D76F95A1FD9275AA78CEE81E62564A8A599955E7A08FE4A5AC82E9C5963FC2F1A645AACD8438281B3C59AB01D9034DAA34EA836331EA0700E3D64F2119B1E9CBCE12A72
310
117C64B87BBE0979170BE634DF799C85A0E643AAE6E8A6AE0A2DF0B11D86AE7E7D2363DBB4A43EB53519A666224349EB8E0EC344C78A1549CC9957EBCF766951789C815765D590B223E5E99D36E78A9E29FD60456272E6BC8D3F1F4BD377C02D3A13AC44C78A7DFAC7356CF3FFAE4169FF521DAEBBC201A7F1C8E780B322A5
310
14CB33C25853A2FC1B504B0304140006080800A582275DA97C5000F2000000B1010000310000006662782F31313841394231332D433336432D344639432D423245432D3141414436413832444336372F636F72652E786D6C8D50CB6EC32010FC156BEFD806578E1D6122C769BFA0A7DE10101725068B47D5CF2FC4AED4DE72
310
5A343BC3CC0E3D7D2FF7E24B39AFAD1900973514CA082BB5990788E18A3A284E8C3A6BC31F1A14862F6A800C03A3B3B371DD21614D5026A3C64AB583DC7B15A010F7F418C08B4FB5F092C79018FE56AE5CDCF8AC4A5C6E3C46835E7EA5C2291E9404466AD2A2BA47F5E11DB747828F187FD02A33198D51CBDD4ACBE4AEAF5A
310
39601877637FC60D9A9A76422F6FFD84CEE47542781C2FEDD891CBD41E6895C58CFAE0D2CDFB27F9BA67E59BF05FE6B8CA27326B131AB21B6E0A9F3C539EC782D12A1798C6A3DD3473D9EC07504B0304140006080800A582275DEED404C853010000DD0200000C0000006662782F636F72652E786D6C8D52DB8E832014FC15
310
C23B2AAE6B6D83346E9A7EC13EED1B45EA922A1804D3CF5FF012D787BDC404C99C7366CE4C20E767D7825198416A55421C251008C5752D55534267EFA880E04C89D1DA7E6B8340B14E9430C09092C668D72F10D7CA0A1550A56BB1806C18848580B7FE52C2817F8A8E45CC59DF313CA29EF1076B4484A3B98F12E764BD8CCA
310
DAB3C9BB1406D24B5155C7ECF50D5D8ABC40D9A1C85075CDAFA84A7076C45575C59794C46198122BBB559D1BC1ACA8214D933447C9112587779C9F527CC2F883C4A19392C11AEF79110DEE20BDDF9E249EF11D9FEBEBBFF99C54F6255DF8E6890152ECD79B0A94C4211FFF9BC2DB67E8857D7E96DDDAD5C2C343A3E0569BCC
310
576AEDB6D2C85A273C7502A68FC473D5334F043FF1A4BFF0FCCEE18362AAF1AB31EBAF376783FA7EA75E1834DA2750DA74ACDD969B57DCCE4D6867691DE7BAD5E63FD3ABD535CC383C4CFA05504B0304140006080800A582275DE3B63FE806010000B201000008000000636F72652E786D6C8D50C16E842014FC15F2EEA858
310
EBEA06D9D818BFA0A7DE28B096AC8211DCB47F5F5869D2DE7A7A6466DE9B61E8E57399D15D6D4E5BD301C90A40CA082BB5993AD8FD1537802E8C6ED6FA5F3240862FAA830803A3D366F73541C21AAF4C448D952A81DC39E50189393C3A70E2432D3CE3BB0F0A77CB562E6E7C5219C90E1DA35E2F3FAB6253DC2B09AC2CCA1A
310
172D2E4EAFA43E97E44CC81BCDA392D17DD732596919DCF555AB0DD8D0F47D5B3DBFE0A1A91B5C9D9A0AF7633DE2BE20554BFA7E244349F3B8CCA8F35BF8733A12727AE4F83DFAD2FCA0187DB7764E82104A226BE62F6005CD23F127F4BECA7F84D6C63F95E9E0B1E1809110E84104E3D860188F7AC38C6DB36F504B010214
310
00140006080800A582275D0000000000000000000000003700000000000000000000000000000000006662782F31313841394231332D433336432D344639432D423245432D3141414436413832444336372F617474726962757465732E62696E504B01021400140006080800A582275D000000000000000000000000350000
310
0000000000000000000000550000006662782F31313841394231332D433336432D344639432D423245432D3141414436413832444336372F76657274696365732E62696E504B01021400140006080800A582275DF270F13306000000040000003600000000000000000000000000A80000006662782F31313841394231332D
310
433336432D344639432D423245432D3141414436413832444336372F747269616E676C65732E62696E504B01021400140006080800A582275DB5A795FFE3790000DE7900004200000000000000000000000000020100006662782F31313841394231332D433336432D344639432D423245432D314141443641383244433637
310
2F7265736F75726365732F322F305F67656E657269632E706E67504B01021400140006080800A582275D51464CB489000000430100003600000000000000000000000000457B00006662782F31313841394231332D433336432D344639432D423245432D3141414436413832444336372F6469726563746F72792E786D6C50
310
4B01021400140006080800A582275D5F9852C93A0700004C1C00003400000000000000000000000000227C00006662782F31313841394231332D433336432D344639432D423245432D3141414436413832444336372F6F626A656374732E786D6C504B01021400140006080800A582275DA847847CE1000000550100003C00
310
000000000000000000000000AE8300006662782F31313841394231332D433336432D344639432D423245432D3141414436413832444336372F7265736F75726365732F322F636E782E786D6C504B01021400140006080800A582275DFF15A4A45D000000800000003A00000000000000000000000000E98400006662782F31
310
313841394231332D433336432D344639432D423245432D3141414436413832444336372F7265736F75726365732F636E782E786D6C504B01021400140006080800A582275DC6844D19420100005605000030000000000000000000000000009E8500006662782F31313841394231332D433336432D344639432D423245432D
310
3141414436413832444336372F636E782E786D6C504B01021400140006080800A582275D26F3055E7E000000A30000000B000000000000000000000000002E8700006662782F636E782E786D6C504B01021400140006080800A582275DA6D797065F000000820000000700000000000000000000000000D5870000636E782E
310
786D6C504B01021400140006080800A582275DECFD112DA8000000260100001300000000000000000000000000598800005B436F6E74656E745F54797065735D2E786D6C504B01021400140006080800A582275D3DEE336E64000000790000001B00000000000000000000000000328900006175746F6465736B2D64657369
310
676E2D7061636B6167652E786D6C504B01021400140006080800A582275D38C02196F30000008E0100003D00000000000000000000000000CF8900006662782F31313841394231332D433336432D344639432D423245432D3141414436413832444336372F7265736F75726365732F322F636F72652E786D6C504B01021400
310
140006080800A582275DCC1B5B4EF8000000960100003B000000000000000000000000001D8B00006662782F31313841394231332D433336432D344639432D423245432D3141414436413832444336372F7265736F75726365732F636F72652E786D6C504B01021400140006080800A582275DA97C5000F2000000B1010000
310
31000000000000000000000000006E8C00006662782F31313841394231332D433336432D344639432D423245432D3141414436413832444336372F636F72652E786D6C504B01021400140006080800A582275DEED404C853010000DD0200000C00000000000000000000000000AF8D00006662782F636F72652E786D6C504B
310
01021400140006080800A582275DE3B63FE806010000B201000008000000000000000000000000002C8F0000636F72652E786D6C504B050600000000120012002D060000589000000000
  0
XRECORD
  5
17
102
{ACAD_REACTORS
330
12
102
}
330
12
100
AcDbXrecord
280
     1
270
     1
271
     1
  0
XRECORD
  5
16
102
{ACAD_REACTORS
330
12
102
}
330
12
100
AcDbXrecord
280
     1
270
     1
271
     1
  0
XRECORD
  5
18
102
{ACAD_REACTORS
330
12
102
}
330
12
100
AcDbXrecord
280
     1
270
     1
271
     1
  0
XRECORD
  5
15
102
{ACAD_REACTORS
330
12
102
}
330
12
100
AcDbXrecord
280
     1
270
     1
271
     1
  0
XRECORD
  5
24
102
{ACAD_REACTORS
330
22
102
}
330
22
100
AcDbXrecord
280
     1
270
     1
271
     1
  0
XRECORD
  5
23
102
{ACAD_REACTORS
330
22
102
}
330
22
100
AcDbXrecord
280
     1
270
     1
271
     1
  0
XRECORD
  5
BE
102
{ACAD_REACTORS
330
22
102
}
330
22
100
AcDbXrecord
280
     1
 70
     1
 90
1959938040
 71
     1
  1
949C1D4E-2055-47B0-AFFB-F98D90B5C260
311
504B0304140006080800A582275DFB762DE13A010000A80100004F00000041313032454645422D353333372D344538452D383431342D4536364632354445464336332F4173736574446174612F446566696E6974696F6E4974657261746F7250726F706572746965732E62696E55504D4F843010AD1E341E3C98F803361BAF
311
B51F94021B1603B478F2A29EBC982E549604CA8642BC7AF45F6B9B5D0F36799DC9CC9B9937F30D00F8393DE78233872FF75F3BFBA88D9EBAFAA5DEEB41810B1FE9C79DEAEF9C5784382E058B601E8910B2BCA86022A208D2A060016732748473C7BB7410FA432DFDEC5B3E75B6D67DAF8C1E177BE302A719AB41CD6E96EAEF
311
7DD11500DE7C3980BF84F59DDAA3222FF2D3413587CD83B256CF5B94134C65250B18064104998C258C196150725ED150C8AAE4017AD6765CA65A5B94B0A42482494871E8F4470586795515B04A6291E0222C29C768DE2FFE34B75EC6CEA8AE47189D24BC1F4CCB05253445769E3AD366E9DC0D7A65D4A0B7EBE5D0B87D9A75
311
4631E510271047AF846F28D910F29622CFCCD2A5337340FF55D8754652744C64293263E378A89DC6E517504B0304140006080800A582275D652F15442D010000300200004500000041313032454645422D353333372D344538452D383431342D4536364632354445464336332F4173736574446174612F496E7374616E6365
311
50726F706572746965732E62696EEB606060F80F0540260323103700495E20ED9E9A975A94991C9C9C919A9BA80214B034B17436743171D535323035D535317732D075747373D275B3B470B134703275363233604768046931363471713532B5D435353131D635313332D475727372D13534373670367376B67474B5042A03
311
DBCBA019D37FE8ABC6157B20CD04146B0062181F4C03F940F0C11E2409D1C1C020E0C02000E242808A038C8583FE600F9580337028045AC300B4871928DD805002D3F5006A0C0F420A89050A4F840C4C0F9202283365A703A620B208C40D2011909126C85248EC0FF62C401E28E6F88038B83CB1243943D7A928312F253505
311
24B31F28054407A4981262805C38E0F8F78B31C54640454840CE478F6B6D0E930443434285F895DFF50C0C0E57C5C0B4C4CFBFCF41FA2BF8CFBF04D100504B0304140006080800A582275DB5A795FFE3790000DE7900006B00000041313032454645422D353333372D344538452D383431342D453636463235444546433633
311
2F5265736F75726365732F39343943314434452D323035352D343742302D414646422D4639384439304235433236302F7468756D626E61696C2F302F67656E657269635F706E6701DE79218689504E470D0A1A0A0000000D49484452000001000000010008030000006BAC58540000000467414D410000B18F0BFC61050000
311
00017352474200AECE1CE900000192504C5445818181B3B3B35A5A5A4848486060605C5C5C6464648383835E5E5E6262624E4E4EAFAFAF4A4A4AB5B5B54C4C4CB1B1B1858585B7B7B7585858ADADAD7C7C7C464646787878ABABAB747474A7A7A7686868707070B9B9B96E6E6E6A6A6A8B8B8B666666545454565656A5A5A5
311
505050A1A1A1BBBBBB8F8F8F9F9F9F4242425252527676764040403E3E3E9B9B9B7A7A7A8989897E7E7E9393939797974444448787873C3C3C727272BDBDBD3A3A3A6C6C6CA9A9A9A3A3A32020209D9D9DBFBFBF8D8D8D9595959191912626269999992222222424241E1E1EC1C1C1282828C3C3C32C2C2C2A2A2A2E2E2E30
311
3030C5C5C53232321C1C1C363636383838343434C7C7C71A1A1A0E0E0E121212484A484C4E4C1616160A0A0A4A4C4A787A781414147C7E7C9193915E605E464846838583878987B1B3B18587856668665A5C5A626462818381A7A7A5A3A3A1B1B1AFADAFAD7072705C5E5C9D9D9BABADAB7E817EB7B9B7585A58BBBDBB4C4C
311
4A8D8F8D747674B5B5B3B7B7B59FA19F606260ABABA9A5A5A39B9B99A9A9A78F8F8D6C6C6AC7C7C5451AD12700002000494441547801DCBD89771BD7B5A70B8EE04C702641712605CE034890E220088028C93245451215B713AF388E7DFD9EEDB8DDCE6ABFF4B57D97137BE50FEFEFDBA74049B6AEED74869B7E87404D2814
311
EBB7F76F0F67A8835CEEBFA0E42B854AA5B2BB5B6BCC951A8D52A93657A914FE0BEEE39FFE2FF395B9B9C6CAD2D4C4606F4B7FFF8D1B37EEDCB97587F7CD9B4343BD134BABE7DB48E3FFA7A228ECD6F6574E4786C0FC8B5FFCE2CD5FFCE297BF7CF3CD5FFC92B52FFE58BFF9E69B776E0EF5F79E55CBBBF9FC3F5D3DFFB07F
311
5898ABAF7CDA3B74E74EC0CE20230561BF096E97E05712BFFCC59BC80539DCE83DDD6E54FE61B7747DE17FB8980BBBFB2BBD4337DF487881AAE6C5ACC6AF25207877B2B527BFF1CB3B77FA47561ABBD7F7FA7FE146A5B6BD74E3164C7F51449AE95DB412200EC539418717E7F2F11B376FF62E95FEAF1442BED0581DBCA1BD
311
2780D23F506AFA16E1A7AD974EF17876F00DD7BCB187A1A97AE51FCED5BF2BC1F2BBE5B3C19BE27B43CF26DE00933658FE129B109C2FFF922CC22C4260FA01BEFB462A77DEBC35F42F600C3F5B0795D2E9E02DAD5E650B4438A92801B65C35CBAB7B1EE5041CE69D3B6F1822DFB873EBD6AD3B6FBC71EBC6C86AE967DFC2DF
311
A4CEBFF1BF54F6276EBC114E2F43FEC60B01A0D440A868B2920E5C4BC10D60931ADCB871F3268B21D3851B08E1D6AD9BFD4BF57F7577909FAB86F29B982571136AF01DF5FE32AC3BD9406CAAF2440A54CF176EDD01FBADA1FEFEFE21FE4C9858DFF4183458A9FD2B6708A5A5A137E0EE1D11A9EC0C7C58B2C73C0AD6B479BD
311
76B7790CF899E287FA5B06FB7B07C9195B7851FA8794031EF1FC5F9406BBFB23375420286399B631E93B08022A785C4DBF9996EC3551874094D71B6F487E80F6837E50F483BDBDBD83232323AC420A18C68DA196EDDADF68A77F938F78FD972BABBDB7B87FB164AC6FC2CB760365821ACB74AED44FFAD7E7431ECD7E08AC42
311
1F391D199998989A383D9D98E8E56F84A318C58D9BFD2DAB73FF5222C8EFAEF4DE7AF30D756E5108683DA471E70D0502099A7240F19E4089D3FD203E620F1B47BF43501E85031AE44B4B9F2E4D2D9D4D51D8970983FA861B3706FF950CA170DE82F6B312CC4F42C8966295F7D725ED29882415DC055F36DEA1FE96FEC14149
311
3F05FAA9A9A5A595B333DED5B3D5A533F62183323032F46EFF13EA0AAFA5FBF7C8976F8C10F7280A014832593B90004D52341980D907EAEB73411EB2F1EBC9F507F92746C40E7AE0AFAE54292BAB2BAB67CAE0746264A277B06508168C94BF772BE9765F7BF0B548FE1E07F3B5A521340A5CB5297C4B12811B89E82191ECF3
311
E41B3259C529F135E23CF4C7F961FB13537F5A02ECCAEA76B5BA5D3D3FDF3F2FEFEFB3AA22053E5008833428DC6C59FA2F770595F311F235D427F379BB8A121BD901B96076A388DC4C3C61C7933CCCD770FF375A6E0CE9F535FE2534BF5ADD3E3FAFD71BF57AA951B6D4CFEBFB8864758A26154430080B06ABFF557610ECC9
311
3726224F155D1471041E0D42F82F4891C926C1355B0831649FF365F46FF05300A7A790BD8ADEEB0D4AA9569A9BDBADCCD56AA55AE377F5F3F3EA2A34983A1DE91D810543138D7F28E57FF4E2B5335A3928B76EA1CB9B00BF158C8F63A2E788826896D0B5E7C461949ECE089144F8EBEFC7FB4D8C9C4E9DAD60F7FBE572B416
311
C2F2423ECF8B86C439E450DA970634ACFDA977629098D0B2FAF313A36B3869E37AF7853378CDA1171FBEBA95DF1E44FD5144A420588641B0055A79ED91CC0DC41E27064512FB33F1F04D09D0D2DF0203A646A6CECE80DF28356A348CED8C4F1EF137B9319E1BCD29867CA556AA97F7B757567006A447FD375A26CAAFDED9CF
311
DCFB2BB0BEEE8AA5911BC2C7F85DF88A3775389990AA72219D582409210F85A4E66F2987D875C30848023088FDF77E87F96FD7CBA5B9DCCEF4F4C9FC7C676777577B7B7B67E7ECCCE4E8DEE85E81A6D55AA3BC7FBEB242589CE8ED4770E785D7DDE23FF2587EBF57F50B9E820527316488E5C32D50F979BCA58207297E2B6D
311
658702FFCD211840FE43FC9F3A5BAD9E97E6F21B9FCF16BBBB3A3A5A175B5B1787875B5B3B86DFEFFC687A72674F19D46A8DFDF3EACA59E405375ACE76FFA922C817CE86A89BDD92F400F2C55B7462F610459837D3A61ACF50C7471C8F2F2A9D38C3DA2F068007F80EFCDBFBE5DCC674B1D83EBCBEB8BCBCBC3ED0D3D333D0
311
B3DE33BCBEB0D8DA35FBF9F8CECE68AE020BCE61C112A4C1138CD47F9AD13F7DC6AB9CF9CFCFAF9D0E01FFE6CD503F5B91C5218E2899CA15098714848B04FCE5654884ABF0E554F11F6C21D73D5D5AADD64B7B9327DDAD8B0B7D7D6D6D07070763BC0F3E38E8EB4310EBEB8BC3DDB347E3E37B5842B97C4E44A0C630427E5C
311
FDFB71E03F471E12CA9FF70E055AE141042DD81234B879EB4606361D9328149037D7D76A571A7E974FA20AD0323832713AB5BA7ABE3B3E3D3FBC30307070B0B9B645D93C3CDC3CDCA41CFC6AAC2D64D0D579B4B1B397A7C1BDBEBD7D36657A3CD4B2F44F4909F2B9CA597F4245C59DEC354316F0587020D0C661742BC02869
311
435FD12CF195C422DB3C5A3E2305C000CE6B7B27ED8B7D63079B5B5B878787C787C7C7C757C76C51B60ED60EDAFA06D67B965B3B672677080BB5329E60E9B477847AE2E9EB53E35779FD37EFCD2D0DDD68AA355B6B0D81860502B8B68C801F5C697E9AD62F4B406244CB975560BAC756AAA577675B07C6D03778C17E7C95CA
311
F1B3ABABE3E3ADADE3CDB1B1B6B681014470343EBA979F8B90383545727C63E43549D14FD0F927E5F1FDEFD7263058FE02EBCD1BDCBCA053496BD58E69BC44F9F854D4D979AE9ADB908824382AC1D4014E9756EAF9CE85B6B54DB01F02F8EA5908E0D9D5F1B3E72188C3C3AB67879B07C8A0A767B8B831FE5E7EB754DEAE52
311
61460243FFF07858D8EF0D658BDC563A2C5EF5833C13C90B69248C4DD97842B61DFA7F210A2F6108A0F96B62E2D3B3F3DD939EA47E30ABF5AB2B903F4BE5F9B36757CF65021E616DAC6F60A1FB647274B4B05B2E5341B082D43278F67D8DFDA48AFF9A13F22B34C7586C9992BA6E66CABC190E313E7C811AA57304B421A75B
311
289B9D174CC868C24548823E230B9A5A2DCD2CAFE1F98E61C015CA7E96B083FC59F3ED06EE60F360B3AD6F79787ED278D0A86FAFE00BA9220EAEFE1D5DE1F7855939C3FCC1332426B377F692406E022C010DB437EF009803F0DCFD3B7C94440571D8F2C328F115F47FD324802070BAB43FBA80EFDB92FCA1F7E7CF9FA875CB
311
B327CF9EB08C4DE4815BC4210E2CB7CF1CEDECEDCED5B757490968286899FAF95583BF46F9393CEE6A86D6F618CAAD9BFF0BE22B042412C5CFB50556815CC5BBE33E9F61ECEC26A9BCB8145FD10590078F9C9E953B513FAE1FE387FAC246E14F9E3CE7F5F8194BD6594140876B6B84C5D6799C61A16434201E5237582AFD75
311
C07EEED9863F463284E2E13425A036BD41061259289B6BDC1ED656FC8B8592C9D00701E27CEA749F0D8EF44EAD8C1F80FFF8F8F9D513191F6803384C800097F24069C407CFAE88136B7DCB3D5D4A60B711F19070D83235F77331FD35E715966889038E2E0B346EAB7936C4162043E1A1F144093695443A570144898BC4079C
311
EF1912809A3035A1D3F361235F90FFF1E3E0FB93C7E2750719F88E7D8E68123883ADB5B18185AE99F1D11C1238A792DC4BEDE8EC6FF503DF377E0445F68FAF4E08D43082D02170F30131A154206CC559A8D9CFDD762B31273E4947A581E0D9BB71E33FFA07CD02CE2A6BE1EC80167497F2A81CFA3F7EFE58D0CF5D5D170DE4
311
F89070B0BC4040CC17BEAC6B0586C3D3FF0309BC06F44B04A1E13729929B4DF73C44070692C810B08AC3012E8EE9EAE22067796288C193B2139B970B86F47FAD0F98382B1E035D9C32FD318A4FAFCB274F2E1FA772F94411B0CD42493C23393A685B5FEF3E1ACF554AF5F3552A478383374E6B2FDDFC4F6DFE38F4F4ED7A7F
311
E838F488EA852482F412D3CB07E293D02C9F074F12E84C5AAC423271450572A385449844706475FD38DC3C22486A0639E5F1E38B0CFE93CB4B25910EF309A2224BD8DAD40C682C28341AD69047E8539A6AFC14EC573F7FAD10AE0FE6EB13E87B28E093B513B5803514DE408809BC12A14876DE0A25F643009E9176D9F0C330
311
164285A7444DC8CAF0E9FE41429EE0A2F6A6DE91C0856C501272404A8468822E24C807030B1D33D40D4AFBDBABB411D093D88C86D7205E05FC57EDD1F805FA4CED5920F0CED39157E007CE21757C5DE440ECBCB46CD283E378029B43FB077B4F47E60E9F61E8D01BE017D7E843EB49F50A2028F1E442FCC90C9EE308E4C0C2
311
C94EAE30B75FAD3A0EAFA57FE9EF960F14BE15638840EAF3BA490BB6850EDB38EECAFD21A0C746D0C4234DBD035EFC7EDD121FA585FAB73DB89FE6A03CF833AB0730E5E2F1A36CE3F202A128934B44E396961121E1F2C9F32BFCC0C140CFE22C1CA8E109B182919696BFB98120234F61B59F7BF46EC30CF067B21A33B0FB3E
311
402448EE266CCD93135A8E823DB31F85E677434E608F53F8100BC0098EA2FD6BC01770E0F2F2D1E5452A711C4BB8486248FAD756D852026B6DC90A2AA5C6B69E9068B8F27AFABFFEE8AB36F1D23985D5960014FD711940800B560250D2272CC54FF1D3A660B275AC3881E349689C1616E1E9044129D032313509DE4700BC86
311
7C71F128C400159407C761022BA8A040F40A244788808C60B3AD67A17576279F6F946923191921B0545FC2F12AC0EFEFBD7262B6935679FC7F80629160ABFAEC88E8430E76D82A8DE62ACE50BD4A42FBF03B387B37FD321B37E31C3F063D99703F5160E6C9E5A300CF32A91E0A085A29C0FC507F6C21012303C6104B82C1F1
311
E156DB3229D1A855A32A8352C9077AF733A0AFE0FB3EF81FDF2F0F82C21B0EB06998866878B103305E31EC17F4FD43831E570A2118D1667632D4FFFFB125782F96168A833DBE78C3F11F8383A79D49F58F1E3DBC780417AE6581381E8610604888E2913E12492881274822C221AD04CB0B1D273B8542837460898C686864FF
311
6F801E8269F40AD0481DFAF5E6E9C1F3BE391C325004DF0746A4E4448F7B52C0D5EAD39EC46896B888C4210D68E99DFA2820DF7FF850EC407EB55C3EBC5028611409BFCB8889C90F1C52355AEF98B18100094C9D0EF6F64FD47E5CBF3FF5293DDFB4B50DDD54F351446FA1F14580DC3902C085F593CB24ACC917B213BBC11B
311
3F0A61042FD8B24F4FB9C4556D0CB9E1A880DE89934CE9607F18F81FDD950DD0E1D143F41D56110E227C250621FF098838042BC85B5B6BCBCBC31DD37B34966E9FFD9936A2FEFEA9EBA4182E5CD3E17AE35501FCE0707E5525A7DBC64DFD077825BE37CE0BBE1BBEC061410C660B6E49912665E2B3749C7C9F93834022F74C
311
DE6CA5EB501D9CBC04B768292C5CCB84478F3CA83074092C6082169015E5800D5839DC6C1B58EFE83ECA513BDE3EFB8EF1242D2D4B3FD55AFE03D42F8492AF8A3F21444FA2FA9ABBF525EAF84C09F0168527B0138A85D1EC0443C467B28BF844EAF76323BE13D7C11F72FED783837B970FEFDE7D7817E077C17EF7E2A1C2C0
311
FE851FE4C008388C15E818958746129E1009D054B67530D6B3D8DA3D59D82D9D57CF70039FF50FFE0DE94089DB269C3655A4F25B38C49D0BD48E59F1526887C18FC5272197F85CA72862A593A4843CD25F920487DDF7AA0441A2C0600D062001F103FCEEA3D8560CEC3EBACB01CAE5A51E420349F602191E5F901893142381
311
351CE17047E764BE50DEAF9E4D8C38B6ECFFACEB141E54A6865A88A60133EE9CBB4C256930B0B168C1C3AB59FE1743FB422C7166082E934AFA5EFA3E4BCE0B69362FA7041818B7FDECE1DDFB4D022007CA23E521F0700AAEB5888BBBF08023E128B4045381542FA256B0D04E28A0C3804E233A1BFB476A2F48FD135BAF9843
311
BEDA3264EB42BA499601F16B566E72C7EA35908ABCB9176BBED43204C696AFD3D7B24B08D3AFA44BE243D88A6D9D0B6562B52F741E1610C0EFBBAF2B0829289A640EC4C8A4FF66A24430786CEBE1E1E61AF9507BFB496EAEB64F8F49B4129EBDEC065EC1F8A3F228A3CD0950883B41BEC6D1944AE06147289600A7726313AC
311
69A3F91197F1438BCB743E76F01F6EF1D1C854071670FFFE43FF1EDED702EE5A14C85D0C42DF90B86068800659AC88981855E3E774A71C0CAC2F76754EE7CC87C808D1E1E0F6CF47FD4224731337BE1E39C5010823EE997B1491BBD99FC8D8EF77482BEB5EB2CF66499A8E0F7511B19B3EFBDACB6507BC78731B1B383D02FF
311
DD7BE8DD9256F7D0BA7B46015941097B80018F700FFA024CC08078F51806100ADBFA163ABA8A3B95B9D2F92AC30BC908ED31FABE0CBEBFFF0279B675868F9AA24E9530B08C174055B7F48E4F58002F3E82F0BDFA003E8B431EB6C4A91E4D9B5FFB791265BA8827BBE5F1BCFA7F789F72F75EC800F8AE43FFAEC42F13009FB9
311
05A9A0132015D0068ED7682AC608BA6771038DEDB3B33082891FAB1ABF5614F93238079726B833958796B845B731FCB86316713C1DC581B1E19B424EE32674093F80776F7E27C6FBFAC85C536CD955B96EDA2A3FBF770FF4BE11845470EB3E42D022000E0FE07D161811020742162444668308801E133A4C163BE68F6826A5
311
523071CA78B2FED51F28F8C70FE4190073A3E5D3259D7A288CD19BDE623F10021BAB0C6E327FD507B2741627727EA00D31856492F9F009D7F152D930704E642795C1C1B336E0DEBB7F0FDCB79318543B25341F36802D64A981A690B94259607DE0B19D466BF8C1C5E1CEF9A3FC5C639FD6117B4BAEAB453F8EFBDA500A67E8
311
BAF76C8A06566E36EE1184E8329419161F83D843D5DE7D8221163E145F56921C3EE383978072129E290A9B7166E63D26BAB1FCDBF710009E4051842390031845F20077CD079407C575F20364C4910ED2A574BC357630B0BCD8DE39335EB175646A698458F6A346F003A93002E846FFE0C459B8006E506D79BF902908A0AA05
311
CB5E73530E33BA1D3C2EF99C712B7C8B41DF4D2A7830BE8707485FCFAEEB85A09AB6D39BBF7B4F23E00509C20DB04E240822A4B810E04D8D53D10D504C059ED86BB8697F514777717A8F8144D48A4C89077F7EDB00E2D89DC02A7B975640A282C49A4AA84B70B12BFED8EA6584860DFB7EE23FCB00C6BAF7332FF259FA3C93
311
46508813E372F1DDE425065BB61FDF8300F7EEDDBE8D0C6EDF46F7D8823478590AE23759D60DA6B7A9F125EDE8F4A5D2B37470D0B63C30DCDE3D3D59A8D1501EB1B0A5377517BDD6E301F995E3F955F0F58FAC2E81CE172A8344AC03DC6781939D2484B8FFC15E8F3ACCD3954CE19576B942D0A029188EC7013FE59AE90B71
311
292DE774F1F63D60230180B30A2EDC65291B6211B4081128856001A680015CE000708254891851D4B3BED0FA4D7166B466BFF1D2A924885AD12B387FC0FCE6819AC3AE06A7AA4B715F0927B74D119D4A668FB54B8A8C268D8B038A207D10A7B1E95E42195B695BE0240F7408B311257C23F581E987C180140C584A02B1670C
311
B817CEC0A080F259F1360E58452013200E3EC107AC1DF4FD7B0F6D23F33347F9527D9F51E6138E31AF35F1BDAAEEEBA3D71BB402E2FB47CECEE96B4DB85536772B07C82A34F3E66D0BCEC207FEB9E70643761276F7B50D5EE963CFF80C7AF4A2130F5BF8C4EBFB5F07B709840480DBD8007FB7EF3F90104908BA457D43AA2A
311
6A02C91422285E5AAC143F3313A0CB74D9D164933B86C25587134E8D342B453FC982860D09FD13ABE72055ED020E85D3E312F74C25CB0293D978A1C4001927C80B86FD06349126EC219F0C735C8053D8F5F310817EA01F1B7851F406144C211C6362C27DD51F1E310C0102280ADB891E9B085CC528A2B1369A46BA195B9A2B
311
351862CE43174BA73FB7CBB430A5798F4C54B7333B96C3224A9863AD02B9FBD8E63092191924E77C199D92887DA594B6DCF0112857162FD0949FE6A441F5E62E42FB2105BC405A2301A3424601DC807912CB2C39C604A27908021CDA30C4C8C2019A883B3A8BD393BB3546136EAF561980FB63E9E035FF73B96D09A905ACB2
311
C11D79571C5159026227DDBDB81396EB03F14100BEB66DE1FA9EF82C3ECCBE318119C4269FD014E66361FC8BB0B4EA9A98EF3D8848A01360430284335004C183CC25BCA82D2302EB03B8419241C64DF4F5ADAF77B533BE786334BFCBB8DA72BDBEFFC36103AFB30608A0B39B58D93F0BF42180841DD26BDC22CF0A770E9024
311
0006BAC65197D90920131C7B2EB3CFD3C71C6378A305EE8488FC1FF8D391E2BDDB0F6E3F45E7C8207C419800DB410073A3173942CA8D5242642A74496FF115832A6314D9FA4257577BF7FCF8F8E8CEE8DEDE5EBE76DD3CF892BA7FB8B90F629431B5525E92A15A3A4A6FEA3FDD73136172060959206591F4C927196CF645AA
311
285CF3014630121754261C0D31E1A7E3DA2DBDB54B04703BDE3A4209F02045C4BB0F529A14BED07098A2A1CD47513DA64B512F409BC01663090796D787173B5AA141B1B39BB470EEBCF1E30F9D263ACC4D05110797CEF7B923B027F089F74D1D06F0A4D8C0CDA6604023FCA45B76C5CDE0BF3845ECBE13E0C0ED73700A8A75
311
3C1AC8AEFFF1B407FC8A20F42F0D94019121DE304077A027D4112283BB8FF0072444D68AAD111D6F591BC0061854BBC048EBBE9E81F6A33A95C21BFD13AF3C7E7DCDFFEB0DE8903F77B41DF178E99C289895B0EA8CD640549D68935BA7C5294E0A1D66DA0CC419BD398E6265789CA1241441AC94532A3C19C95340BEFC6870
311
3077EFC1D307B71F3C500859C11494838E902203A2BE90EACC5135B80B078804340C920C2300BCC06F7A1C71B875DC572C9BD1D84BD5FB9363CA6BA7D03E5C40FDFC54FC23C9B4B9DDD028787D89219038523BF64E638BB37CC25335937A00DFD32869C5B390C8C32FF25C8C47A7181B4A599A224A9DADB0E0406FEFF9F183
311
B7448F081E3C55024FB33828784AB61704482CD0160C04174F9E33BA9291D58C2F1F1B1B3B5863B0D9F3E51C35C253D54A23E560E2C0CB3A6F7A81382601C2079CAE96B7B1560D20A341E85A928A4E01083256420576C2ED477E2E565FD9223BCC691CF394D3D8E281501E0EE5C1C8159E92585D255CF30CC854C75318006E
311
A4A01028EC853F9407C6053910BE105348324002260254886C156260F9189EE0F8C9A3CBAE9D5A992184568A69D5183A7DB97DB089FDC57AEE54F858FE54F577DBA85309640290F2D220952620750C5811FB772A7876D1E4040FBFC6474D51246D8B3FB378283FB514F8AB3C20B8BF7DBE5DE541C9A5D3D38DDB30E00151E0
311
2523081BC89C2214103E0BC1B3D0199A08E002681A2613A2616CEDF0F0F9C5DDC75DA395C25C0309C03DEC8091A4AFD3FEB504AAC6633930556DAC86EE3561941E862C4A75DD6B6BB3A0C59BE153DFA73EDFCBC3CE2188D3D378FC976D0EF9A95B7C8532F527CE3CF539581E0FE501291E9139FFB65EFF5DBD8E0C18DE3077
311
170A64E033FD278F18068028802F156C3809FDEB11B1019C208D020C9BA2870457F0F8E1FDC7EDD393E3B9FC9C4308E9315704233F960E554802C14716B0B45DAB5EAB5E25AB7830EBB8D25E6CA94E4AA01794FB1EE164FE9F040FE82C940A4BCEF913075D087E85A7237D3CF29C47E4E676777779528C4781761F0BFBC1D3
311
A77880E40C9A2E5109180D5255317890394229F0F082010354082D574F1E3FBAB7D6553C2113DACB97BEB5526C7C6F69F9310A94C46CD89FF8F379AD1AA035FD00FF3F320180F01417A6F255A3A8D86319FE0C0B0E06A0DCD33F79841339C01E5BBE1911AFCFF7C1E0A540BFBDBFCF2372352686D863F83F59CB6865F43104
311
007EE06F52406F680341102048A01BB048823082CBCB0B6AC48C313F3E7CFEF8F2D1FDC3D6F6F9F9D9E98D9D7CAE5EADE2A6512FAD7AB526E17F600C85550DDE9ACFE9D97E694513103BC69F8A2813176032C890C1E9C49FC09C61670FF8705B1D7386260E7C8E7122C7F8208A55139E8C8D4763F7EBF5728DF9C34677364E
311
3A3F9AEFDEC9CD95470788834F9FBEC512379890B38C94205B2557987C4186DF5C0837608DF0F9F3CB87B7EF6E920475752A01460E556919B2B64296FB9FB70DD5F47232A0F77465BF140CD001F00ADCA175090E2665A14E6329B62660E02A1CB50C6025E3DA252A670B3F0FFAA5EAD94A509FE7036B159E0D1D9F2E76B7AE
311
1FD5A606198D3A747AF450023CBDFD162278B9446688111009B4029B0F2180AE20A542D40610C073B47FEFE1416B2B12200F3C991C2F54EC2491027A816B0A34A9D05C6F437AC23462385DADD75642EDDA738AF1600DBE07EE8437804D2D011A94DF71C2085EDD40266A407FFA1D1C00B0C03927E60338E3B9D8C47D1F8CAE
311
D578E06F7CFAA4BB63B175FA7C301B747CB377F45192003CB8FD34B12009224543D8604494011A80C1903CE0518C986208E1C5FDDB8FDA161686873BBABABAE74FA637BEA894A44078C19696F326E057D7F95D061A6B0394A9D5F2DCAAFE4C2388D8A6E9AB7695CB0BDD0A332430F1A9333DA41D1FFB97FA09AE84E738C75C
311
407C260408F8DBD5EDED7DE1570A7BE333C54F16963B46AB0C2B71208EA3D16EF4EEDCD7005241166C005A73C03164792151205C007288AE337B4D7103741BDE7B7AC913350B348B2D767515674EC6F72A0402BBCB41C81305AFCF05F2758D3ECAC8D26AB97606DB9581A4B7A8FFB068CD5C0604E6849046B70C2B60FF0CDD
311
F93C13822B4E82FA0479A68220E66D9FD775FB3C1A9CDBDB9829B6AF2F77EC9E0678FB20ED8D1B1A1A39D10F9812E20D6281F5673121AACAA9C53424000DAC173F7E18C3052EEE3E78E7F1160F5AAEAFB70E0F7775CFCE4EF384DDEEBEB9C0889D5243BDF557559FEDE5F17AB21E118C4C31A3DF6A96B56AC62180293910EC
311
D6B721047664BCFCC6B2DD3C65CA0F0C823DFEF84083C7ECCDF05898EEF158F4FEF97EB9C123F1B9D1D1A3D9F9AEC5F5CEDA84A3C96C14A55584D62893D6A54D8D2028D05C8B1F124884543F3223B29D208B04910D3FC43F5C52196AEB5B5F5E58E8E82610F08C21BD443801233C0CE8BD1E40F84A1CA86001990048031ABB
311
AB11EF83F9283EA89F181F2A0D9A9F62D94B7F625FD727E6A93F63F200F614F7CF100D4511C07DB45FC5F0CB4CA359ABE4774631FDAE85E599EA0878A3C33D5AD6430CF4C055EE5FDB80629000D7855DED3F436F3B61B3DC7FFACEFD2B1BC6FB0696312CFA477CE87A87070C7998E04FBA78AE3F915A065E819FCF35B41032
311
1D9ABB308146A11AD5196CDDD7C477A171C8AFC74B45CBC6F641AB53C8D4ADA5870C02379BC0470CF83DB55F073E29CF5CE5F7A3F8FD62EB7AEB1774C2C6780B9523F9287193FD23DDB79FBEA513B45200E2E0C1B51350163AC19043C600F2C1DBF7DEBA7BB9B5457BC0D840CF325EB0BBABBB786D30143700002000494441
311
5472B491ABCCEDAFC0591201CAC8EBFACBF367FE7B6E40E69F551BBBE7123E3C00AC560CE20C62436E8C3C54CC225EE08C0D74CE26148877689EDD004FB2BFBFFFBB984035373A7954EC5EE8591FE531348654514DB1D1C56411DFA2A7C212BE5ED91278F2851A432244C6822C29C85A8B320ADCBDFDD63BF71FD32648E7D0
311
98CD018BC35D7FE89E250EF2AC75F96C15271602687965C844B8807C6E7729D93F22E81D39ABD62A0820C1FE9F11CFA7208125D33E96FD69E83AF6052DD32D49FF0802CD9F9DFD39260389A950887A647CCC99BAB17132DFB5DED35138FB3A060F6295AA5E195BF0BB56495A5A4A8FA440026E46A047D40ED2520A441C302D
311
240F201FB8F7E0EDDB0E12A04D8816215A0579E8FE1B1281E9F19C9900DE79842E2A7CCD48E9876EB01C75DBA0E0C8D44AB5512947A00BE7CF5DE9E1A6A6BE43CF1A78783DFD5A404E4477336C1ED8B18908B2A847B2AFE9839E891137A6673BBB96FBBA2A4B8E9373B001F08369BA11BE8ABC4302FD2345FD6014A1270684
311
27D007BE28B41D9B0D40FFB7EE531FA673C8870A69135B1CEEE8D009C08042A5B4EDA314920B635BF941E7487E45256439DFE9D276295F87E698389CD49FB394FE19720412DEDDC40E9CE9C6DD605E0B719FADC416CB15AB3A61F9B5B9B9426E54F81D8B03DD950946D432B40CEDAB7BB5AF11213CBA73C9BCCCDAFBCF0612
311
7C7980FE6D1DC9B4DF14832D6568FEAEEBA76FBF438300B541064ED33F3AC0B0D10505306FD370AED02859234402F6C3FED006766DDED2034D90D119057225EEE3DAF787EBF30EC51ACB4F551678BD6728E1944730C095F13E4D81A4DFFBF67C5BEE37E62A85FCCEC6CC6C7BC77A5B477E22223ECA4FCC0F87E2A5E3EB782B
311
DB25B8CFC6736A044DE5A7CDA604526361D650484FE283B77EFBD65D52C1C73C4F48E7D0D81ACF572F2E2280F98FB230508FA906B42DE240ED651B301CEC83DE1790C9FD96B6CBF986BECF3BD332C18EF627A0B6EECD5B152E02088D03D828AFFAD26B05BF671B4F9A09A8CE0CD2707F67F2A4B3BB75B9ADA331C1305BBAC1
311
82FB4A79820B7EEAF73199B8404C0B81231CDCBB871B80FC41FF5860E8E108222A1A076C29E6E03B6F3FBD4F1F295DC457573C7ADED636D6B7B8C88413DDF3B327E1046AA51040B40CB50C7E3F1D2E44DAD34CFA604029BFFBE714DF0C069908027EB275F1F366C132E1A7450B04011CF82B2B647CE754F650FF6E25BF37AA
311
F65B7BDA16CAA791F1D09F6CAB989EC5AB7809BE145FA459E8D3E4B0FB47DAEF093B946FED585B80FE1A0305FD5330FEDB4FDF79FBF6BDE81D8300CF6815E5F9896552412A03F31FCDCC7CB5E32365550CD9365FDCCEC8752E943161D78047336F8AF6539840A1F2E764FDA2970999F205CD2BD1F5CF496571F76EAEFA0E1C
311
F8FD2A55FD06391F9EEF8B9DC9994E72BEBEE1FC928E2F223EBA0FBFBFB4F2DF137BC894B8087643D64ADE6EDED67F7680FAC9060239E845FC94AE93D880F994FBF71FBCF5F66F9F32C292EA900F9C1E6F1105E81C5B5F58A067A448143842008D7275EA3BBA3D2516FDF02FF79260020D6B3C714711F3CFB61BFF56A826E6
311
27E82256F7400FB387FEF23C1C1E77FD6A21EBB1B2B35F2F95E7760BE1FA3ABB3A981423477517EEE36FF96F122B942F6FB64D9502BD1B9089162532A2FEFED255028FE653C9F46FA321E0B588B7DE79FBED07C44106CC85133CA65190543004D01D02D8181DDDA5A9C91A7110805B7875B689FC3902200FB192E7DFD936B3
311
7B57D9C338BD49E99E181F4E5FCAB2ABC1CA7AAB382CBC7D515457CFABE6FBC63D525E5CDF74B16378B9AD6774A58531912D232DF01BAA913DFB7D3AAFF912984302B84D0500077800D26C60A4742101DE420C610C2E92FA93056022EFBCFD5BB6B38651470CD33BD87630C05831BA864C85997B8754B05167F0706499DC44
311
2FCD22592AEC2ABF3FF13F950039BF159FA9B36ABDB2778EFF83F70972B83BFD3F4899E64DD8346AA495CB155A7499F2CE39B0AAE755125EB84FD8CF8D8E4F4E9FB4B72E8F1DBCCB98B31BC4607C2CFF21C8145FB48EA0F2159F86A3098415609554DEFA7B27EF1301033DD06D274BAF6821D220DEF96FA4CBB60B3CA241C0
311
21D38E1AA76B4406B4767576166766A6C7F77273F5F395291BBA19F64F2E3095C14F3E60371827741CB27E89543857D6D96BF9A47C6A9A26057840332EB843717AAD171880217B71FCCC0355AED3D4819911F79D0EA8AD6DA31A83E36C5DC2D470295C011302387069158F6C9966022367ECF1D00BA9BB95C389AE7B6105A1
311
FB640689033A7FCCFFEDB762189103A61C3A4FEFE0D6A6B5A19EC5755A443AE78BC5E9235B047890A65919A0D2F96AA3C01CEE913BB3ED239C3E0CD8DDAB99E4348BF3F8B977B6C43DEBEFBD7721A839A63B94C06A10DB87FCBFA3C2932F8C26F88B6D6BB30C3C4E09AFE40FAB52EFAA1EC0316920E031A46D65A0FFE45A67
311
3432E907FBCF86717AC04F2CD0EF512D665FF53F05BFCDC43489F150890C60A8E0314E70A06F619D30D841189CA15D3417F3CD50191AE4396543F0C42BCFD696C58DF163F5B46D708BD5FDDA5E5E5FDF9401BC4F7E00E8A17520833D1CBFF495B5D1CE037C664123EEE74737268B5D1D3DBFDA6AAD8C08DF2C0BC7A737E10A
311
AB2A7B958990CEBF556CDBEE823CB09FB344143463C630CFFF585D330CF0320E921744A7918280FEEF981161008E9FBC78C830217A07B7D6985E83F9A79884ABB5AB383B4D7D788F9FB3D867A2112A43F19042B33A108690CF6F472F8661CFAC971478757F6E6F2F7AEB82FEA85E5715941778B278281F28C268AB24BDB470
311
EF3303E09C359E9DF1CF990D8A096106E6A66C8620DDE7D281DF0B2831F20439A30D68386CE13E002F7EDA8D7806162B205D6A19AA1FABFD6B1B400EC2BFFDD66FDF7E8755B4883C043F43046C1326136680404F1F934EBDDFDD39CB58A98DF1BD7880E0532E671FA1435E9D6EA5E9071000BE8F262E7C4044FD95D5FD526E
311
B40A05A634775F32205C3D779FDC168CD5E56BF982508BF572BDA4F6F57D3304BE9EB18149461B12F760D7485891CA47CFC44909136FBF4931716A2E100123FC6CCAA6A644F25EDF4AC980B14039009BECE8B798BF69A05DC5B6885CD23F8E13A46FF0C0A986D617F001C52241801E87C2974C31411DA3A5D7B6175472763D
311
637D3E57C33B908F867F4A59CFCA7923375E5F027A983E18BD7BD4E6FDDBB2250C1529F4202EFAAF979DFFB1F2612E87EBEFEC58581EDB9AA95AD1D7C1905F7305BF8182D5BBB524D47C4E3B81CD843220DE1E6536497C0962C225F75A2D6A998303B23FC501F0B3F736EE1FF01200FC8C99F5515207C9C40081DF304C0A17
311
D06E26CCBC5B3C47459308178301FA8057C2C0AE9D99B05F038828B08400F2E3251254DD7EB8BC4853B101F99AB48E387457C96951E5DB670648BAB70A7B04FE93EEC5F5B183F9739C98952C6845C380D401B8FC86E70A20744EC720E09D35955D96A9041720196D183AC2CFE6AEA816652D0234883D788BEC8F5DF2615261
311
DB031C2381092401B48D8D2D870FECEA9C3D99DDB036C8A051058030E32190976718C89F031DFBFF2EEA3D88606A8A19BD0AE305BDFD12BA4FF46F1A0002B07137989C748936E9DB2C91F43B07E4E4D16C3779CF5A4FFE8CC981F07C29E34B7C012AF0054FAEA4A6A3D49D3A16D2B3CF220A029003366663053C89B3FB1827
311
080DEC2780076FBFFD8E39810CB0593CC68B5D9009F2D400418028B0BC6CC74067E7C9CC0C2690FBB084AA5254A12AF63543B35EB40D17B693F7E3464D5094C00AA9E04E0E0524F5C35C5EC6BA94B21AAF2440725E2A9FF94FE7A8F0E769EB83FDEB039B631B18BF396F5C13CF89ACC02C387DA56DC3B1CD84B96CFAAA37B5
311
5FE723B611062258257D331F186AC93D8AD600B4FEF4AD777E4BF68F2168FF08C081A37AC13446C859964803961928476D78F68419390D830C1935B5C2A0A22A3AB17D3D6428BF12DC373B8D464E04C0A496BB3B3B75639DCC2500E0F0B15FB6F47B5A7ED0183A87CAE8D535F2EDBD4B3B7FC762DFE65A07C30B2851DB8900
311
82ADC07131EEEFA3DB7DD5CD32C0860CA83CD4B7993A175F422A8149B1C1D94C1145059D9C78A8A572A90B7C8B1E3392FF77A80C50220880FF3669004E90F101740D2B808181455A044904674E7482CC3EC85C4BCE339404C0B0BF6A5611E4F9B8157BAB6DE327EC9BFBA1B4557ECB609C1F45326499EFB90EE78F18227F09
311
E563C9E63D847EDB3B68EB9C39E95AC4F7ADCF7D87F6752BB6912040281E4A0D8A8314E80D60470999B8A51FB1488A66A9F3F81FFA61C83F4FA6969E472288FADFD61B005E0EA4284822E018911828E868614DA0C36E11F3A051070BF2F0840E35F200E2C0C80A776CC9E7E6841C0503D0EDF15ED9AFE527E798D23BEE5F06
311
04E58DFB7099D739BF0BA5D332EF29F1535995BDBD0DE681C4F71DFE6A7AC5A13554AE6910963E9ABC9A0DB5B202225545F5CFACC942B5B93C207352B6E5310BF349AF200175D7DFDF78F6D683B7C87E087FA9B35812C4F8F13452CED610A2207541E6D659A739441F3833CD0C9C3C3DC2B0712F62333C4FA9327C9CA11249
311
04B4FDE0FE21C119776CB0C212AAFBA5CAF80EB43772ADFE77CD9FA8A4144C54C2FB2304C65F62FC3678E4F6C68F30FEE1BE8383CE7DB86F58B1AE0C51F0F055E188D02F00911DDB0991832228B3172B3E623E513FF1734FF414A611A603163F401BEA790FC9FF7FC3FD3DB02DC00184145B850D01D120424DC03C00FCEB78
311
80EEEE939399F1F18DBD4AA54C939899304D913CC2D5CFBC55E50C7FBE4C0E14AEEF53D6843DFF56BE2D554637EA047D3C210E2C61077875FB5B40E19F43AB7470CAFE1C0D3ED3B3B4778D1DF6D4F837C08747180FE8394F2CA1E0A46B6DA62CE2B2DABEDE0B1924098580FC16B369730E9E90541D3730D47FDE16EE1FFAD3
311
419CDA05ED1F2715C607F2E81893AFC5936303F40EB776F1D808BDE393A3FA401E1C706E154C892860AD74A2949C409E28A8FB3349C764D13E4D1D3468952B7B1B35001BF41142CAD58D6011C8B78961EACAB66E9AFBC627673B61FFDA4167950A274145BF11EA17BA9AA60815C2C43AE1F648E3772E53C94E6364AF826019
311
E723069A8AA353A3BF7FB5359281700061FF64C28C10B9AF0B70B0B0D30A31CD1CFD22F68C76DA1E44558869257892363C091D313EFA46B57C3BEB252E9C6BF5B4799EC58F1910F469E25AA17B343799DB3E33CF410061F96C6D63FA91B1000CEBB7D2971BDD39A2A76361E000F5DBC1688D47CB812DD60F8001AF25B328D1
311
73A9E4BAC18CE9F1F628704330741B2649B92E9714447C68559C6CD2F681919367E4811100750058809D0230C087A89FF3C80C23C4C60882E481F48D531764BABD5CCECA308DE2F63D3BB50373D630796126803C2D1FBAC148F7592881B395ED7D26B7DD38D7096AF98841CB37592561D9C6565317AFBE9FC4AF7371E06073
311
6C7635E0CBA1809FC80F544DBAA1F2F9393D970D44C0615A0C6930E758B9E63AE690F73045F0C8C0731DE9CD80F718E94652383458799E02C06D328010011C7090D8C5E5336A83D4059953877EA1E1D66FBE994F04608C4C991917230FB61F9AEE183A40AB9108D032449FD1A7283DD25ED15360EF7EA9303EDDC004340353
311
1EDEAB10DFF87F5E2FD56DF0F1B701A9F614DB17FA0E0EDF6FD0B1622A81FA3D1DE5A33F551930335C353A87F9AB05C60455193448246944A232C5D07636D864CDD7A50D0B4440CDCC465D1C418321F50E1648D500294065D869559EF3C40C8FCC6C323E989AD0F0C73142480B200842802C061008B480A9954AF282052B3A
311
F67350FD0DD30D1F4075AC303A5D490250F5400ACF479656861E4C77AFF327F3EBECA4B57B6B6C8FF62602BF150744656A87DABD7BC6BED50527B2120C001A0B3718C74F0C65CD34F275164D7968148DDF259AB8AD6CA81CDA4E8819509B996A7F642D987A401A2B04018C01E6C169A8700F9DE3B489DB2BC49C9B7B858A4F
311
50D22AE15428FCA4A1EDB20C83492690CFE361CC7F8C8066FFD0D77AEE797977F468A36E0B0DFC87F90EE6348BC748F7CB73B5B9DD5C6EE7AB19ADBF6DF359F1DC2A0F9E44F213F8041F64274C0859A2AB7C37440FEDDD2F95BE44065F22067E3EA0CC3BD8C0D8194EAB291CCEE20B9CD8E02950AD806080047A279F19024C
311
837C848816719AC4A34DF8F0706CED904E8185753A458A27E4C1E37B5F30A104932BE140E0BF4E400160F320B054A8705042FFC47B4940810173F9C9E97240C7FCC3F3813EA239B745DE9F1B1F3FC2F9330374DBD1A7B475923F9A2ED81716D18D1B577DAAB9D1A0458655AD3CA7E211867AE7C702DCACCD291E0F798013DC
311
01BC326087775C0833E04EA3778FBCB8DA4687A0255CA0AD210C15661E4E92001A4449031D1DD27D327334BE830B64DAD90CBF537A45FBD4E94A7A88888E715B7E74FCD040E818BDC1BF5AC609CCCC015DED23877080FCDC47BD8EF3A7B783A17D33F3ADEB6D6BC7AD75EA7C7852C5B6FDADA6AFEFC2D181C03F8C40DD8A4A
311
B5024F0B72E34B57BC1182472DC80946789AFB711DB7F1193C03C893B0345F420246114D3EA71D04FBA731C0DAB0D3CD311B218F0D5A15ECC105D02F3AC32F13600084731A83220040019B03180634B5923D438300B05BAC80881F061095FED5D572A3323ABD83F1D37A2301A8C930AB3F66ADF7CBEFED30BAAD7D78A06DEB
311
6A87F15491F5AB7E25842B6B34BEFC12C8A159F187C64B3CBD2356DE5FBAB98BBE9583F0E3280C0076DA15BF34C15238145742B07080B1EFB83382F9FEF2239D003541041083C5AF9EF3C8944DC2030BC3ADEDDD9D27475800693049E05413BFB3FEB4308731512F13400D06F813368A0101D8D863EB3E75FCCADED124F532
311
AD3F123F131AB46A93DF1ECE7F96CE9EB6C365C6D6A07EEC461FC919FE288AF7AE1A7D012D291EB073735FF26BBB1C99FB706E972192819B7A34BF22424BEA1CC7958AC2E04BFC8E02DB90A4A1DD04811ACDBC181037864672C78F6C0EC3073A40CC49D5E813593B7002763BC6A909D31AC86F3F6E335C9E1C309BC58F1641
311
8642E2AF6B290A34FEDC0CFEE08FCA0F56700699CB73B9C99302AA17BD516D7F1FD755A2B32B3FBE7134D3BEC813195BD355020A7DBB541539CD2C06E45F46FC0EE08293E6C0E1972176D9B678340AA1A4823404EF79B1E2347E47C35D0A2260730E0B513025DC0BD1C07E3366E9B9D17F767405FB531070700035618606F0
311
B40C73C974CFD321B0C174A80C0F3AA54945FFEF348F5488895713E89B5C98DA501E06D8D24FF04FF0CD7ECD7BAA755A854EC6A180AD13BE094E8D5D63BFD6DFA5F5D3E4DB1BA18FD8473DC6E17FFC9832B71A2A94D96E808BB53F9192955D62C82E282B05168AA0927D54AB20A20A74800B7CC9655C8B15F62377CA4C9164
311
1F9F4D0478F4FEFDCE273A002CC0A725EC165CE3A149F0333E8E9600B2C05A7D15FD831F0938DBE5D0FF13E3C0F0765965A0961C3FA86DEEB0E28304747BFBA5FCDEE44C23544F7BB7BF7A132DDE34F99E44EC3FEEAE92F667A10F7E90B0E8C6442DF5A5318B0F816311DB2E6DC6F172C363FC800EE09186BB9EC82A24C011
311
7700CD884AA42023B81EA6E0CF8B3056411110D78606EBC5AD5417B45BCC8E61EA01C4006AC233933E35D860BC1B6CB9C9CCCE7840D2E0C1C1FFC11CCE54D59300F2B47D66A10F09D8E24B71B9BDDF98FB62A3B897C53EC88D16D1FFE8C649B17BB8E760EB20B784F52F992544753F2CBF642CD3C9C70D8722C197142C567E
311
74FB431EE248A8F3FC00377F5142144A82FFC28AC2970A780C85A7EE9146FA4B2981F3C93BCB0F3FBCB6DD3DE69C72B6073B99140DE28B8E919D9D9E7C2F5FA99FC1FFD07E9AC0965CDAEA0A945FADE52C791EA989E8E7A21A355FB37E44405D171B98A6E946DB26AE71DBD01FEF07FD378F5B4B518724481820890E7486E3
311
FCE61A60E096D577701890EE07CA5D7F2B086040749FCEF3F81972E510A86359C9BB579883035887542090614E5C4461705D7CA1CF84DB564838606CF1597E8119790D021080C935A908324EDE9F60A04B7830A33F0670CB08605B8D01BF9A3D435693FAB4FD84EF6754930640C1F9D74B052A7ABBA9F502B39DA3BF6BC751
311
4EA4BEC71D752BFDC198EDA8DFE8F32B3EF811E4576B0A2074B99B070A069F60173E7427BDF285024E35A4418B7A412914F2800F1965C4F1120A2D5D2C64400563D5942044807BE7C738EBF3034C4A6F4D70C04ED1F97673C039FABC4CFF18866E08200BB66BDC9CCDCC3FFD1E43BEFC52C317F0F5E64900FBFCDA4DEE6876
311
8FFF46350E0EDADB7B34DBBEDE3776BC55599AF84E312229F931E700D04478D66A0D88D09B2276141AF0F8811C5F8067DC04C0F90929F7F1AC9CCD368488AFB965C97B855A3E2E93AE5B4866502E55991B82D4388614F2C36B8484A5FA06E3EFFA984A6AF17D5C2073299D9F12FD63826F67FC460E54030981684E9FBFC220
311
09A3006962285FDF4FC84B699FB5BEF3736C6072F6844C15EDF25883037DE6BB7AFAD6AE164B367812FA8CFCA6FA25725D99AEC5C6EDEEC64ADDA2BE0056002032E1D7A20A54CF444E360D520A5B69816C0A953CE0434A8A898BF18E2B704588C01BDB2133342F5404FEE698957C200EF54E31BE6DF4E888C9C67F5F3F1B41
311
F922777E7FA6332677C20098C59F762F5DFE4A23F9801A3BB6F8A4F66E0D40EC867E92DEFCE84C714FC7CE8DD3DD3BDBF9C781B1C3B549FAD2C89D711808CAB100E09700BB85240374A7209212F320CA577222A7020E7824500179FC7096C714884BDFD9499E027ABEB3CB0226CD293CAE6E0C41A6788F396606A073E28CBE
311
5CC67D584D36CA39D37974FE1023253E3FFB007A26F657FFC901D851130DDC2BF54884F20D5D40A0B7E5C7BCC7CC87B84F2ED820192CCE1AABA1FF24ADBE1D03635B5B3B53D4A5F84120125FADC36A0E792D3AD7E255792CD5241A4C84171F1104090017DA493D0A7790A7BDE6DF326180398E4B0DEADA5C2763825E43E05C
311
388E184678C88CE6422606C017F030366981353DF03A753DBF6370879F79889DD0BF75408724DB53C5B0063AB6568D02DC47AE4627B58D7E367A6000267E7840C23A0940B992DB98ED1C4731B4FB4DCFB6D3EAFB6CAC7646F0335C5031888CD74E2103380260AD47176D703960230370FBBF28813524C17FFFBD6288BB28E4
311
F905ADB4A788B40B4A6201C1878BED224DE9906C4C79EF32EE679B9F5D3B5DFA137327320643909A823F62106CB8F9BFE4BFEAFF0FC7A6393EC7F64A698EFF8ACE31BA05ECE6DAB6DF124118D1D13F892F3D3530602E3F3ED3D59DFB821ECFA3D9AE85B1ADAB9E328DE738BF55D5DFD039445AE76D0194180F57B15BEE5F09
311
C07F952F9A10372BC894CF7DA12CF6507E2A8916E0DF430C519485C55D61EFE209912D8C32866214E121611E22A0B1238DB18E86636A3BFAFD5B4EE02FF1E505F902BDF424D0516907BFC95EF3A76B6B3872769D67E25B548F0DA46E2B93DFDFD5F2B9E9EEE1EE1DCC7FBE6380DFBF38A165CAC73DF912AD76A4690D2B766A
311
3EB4AFA2D05BE543EA20B095FB17AE3F1928D84482049B659E671A4763CFA567C08824913D37F2F92F841FC244085C1681225C04AD6DE1684831682CE0D6096B56101C0D4FB3A1BD3F11FC1105AECF5660BD3FEEDF162B0D9DEC6DB55AF27FC98050BDDEDFF63ED14B01336053A19DE9AEF5F5D9E9D9F9E19ECDADCD497BCC
311
57681922F327EB41FF681E17C1921B04FBAE371AC69E53F98183E91B84897A5DB164158BD1D12FF6F6BEF0E02847727BF2628F9FD48B6FB11DF6928C868B29590A0606F92140D0C08850DAA7DD8A5FE8A50389F61288AEB743E9C801BB67DBE0A7F64F63BC87770FDF57AA73FE1F5A84F8DD3AADDFC32087FBC0A7D645C327
311
B97D65E7A8BBA76DFD9BCEE1B1CDE3F5F7CE4E6DF4013ECD7CB60BD1239E8A4E9A5722AD9C4FAC8F7FF17B214AF8801950430639A08E3ABD05A0D94E253BD5951C885B0CE750309070555FF21F2EF83FF53F4E15038B8D8A244740A5C9CBC120043DA0B323FB1DA0A4EDA268C05A304619505000BE10415DE898809DB6B668
311
96E60AE347ED3D6DC707CB7D5B5BC374A158EDC343D0EA61C217D4878CBBDC1D85686782C3CF4272E7DCFB5E9EF628F5A95AC1AC0C6848F5771329EF8DF2BB79EFEDEC8DBEC72EB7F245287FD4B31008AB38EA4D52F2BF57167159E3004CD8950E217DDD6F699FC763E9D1A0AECC701F7BD4430A3E030374066938F883C01D
311
E40E7DAFD609345E33570F4CE6BE467FBD7F793B5AF2A9D331D86DBA7BF98067918F9FCDD609A0384B523F4413B574B818C6889FAEFC5E7B8F90CEFD62BC2C85B2478D54DD076635BE434FCADE68B3ECF1C8708E27863DBEC352D87BCC7A92A8E135700CDE65BC114026DE5DB68275E656D2C0D4087293D43BB4C9C14EA83C
311
0D806783B40DD7CD4F19EE9F33801F55A3F1FD600017A6CD5DE607783D5F74E34680E7DAB98D99F6E5B5ABC7F7DF19D8278322F6A97FDB2FADE1539BD945DDF868EE2B8B70D9EDAA45D1BB0A5801198CF1DA891540474745BF0317F8A3703E02510AE94B084221F887FE950272D62D4232781054A87C58D015CD45EBF9B70E
311
60820A2056E9D4D619E8494BBFA68B61EBDD8CF52CCBA124BACD4A4077E8420A7F36FCDAF661E577B792A7E1B7E337C7CF1FDEBB3B49F501F3C7366C1730E793F51FA20A9C3D2E9F18E63DC277449054CEADA36DA0807467D45F8A744E1BDED725A033868703F1392BBE221158220588F30574A0B0893D0515B0B7C404AD0E
311
7F40C11D504C49BD7DA39A85A19CD7357DFC966E5D92272FF06D59CA5A6A1C8AE30E52F1247C1F1D78F81887F9F3E387075B170F9F5EEE4A7F5BFC69DF02FD8795FCFFAB472E7C88D563DA514861B85BD41594A75F5E866BE69471110A9F75C8609C7E6BF6C7C727431EE3E9E3773D2378C25226E82C08104A57ED273FE092
311
1D6990E02B006BD038263BA360355E8DC446A380F0BA35FA9945A80CF60DFD54054202F91897C241C147D59F8E0FC67CD0F2BF377A3463F8BBBABCFBD6833C57E214AC3F5AE9C2FDE88852968F20337972C7E04EE5658223008AE82D93BC37D8DDD900BD6B16EF221F0D4149045D740A8A215D4FC186C658E01994B8CCD317
311
465828704BB630DA2243B3B4ADD3EA554A97408454148C04A1A0CAAC2E04033C04073851F54380E0BF2DFFA43FAD3D6B574F2E1E5EF6E5F4FEFBD1CA87C161FCBCF5C7AAE2F726F814027BAE10F79BC3D765D61D1803952210A9AA07F8C6BB2105B61145B324F96014EF223D4A9261080239F03FF6F4DD4975C183B887E081
311
F7A467A25EAA0C94028FEB808637768B07400A8235D4EF33143253198900E079E3FACB0C59B00F827A5785A6FFE2FCF0C0E6F1714F11CDE5140D931D707950631F3DE877F300002000494441540ADFB08704E252AADE1BD4E8DF55796A32B9B6F17737C67702E5C638682737286CB0E0A89B624D5BF28222432848C9AB8C07
311
170C97B814FF492A61072407D638006F7C8400860444C01B1930A522788045633DFA9507267A3A42BA05925BAD705CDD3792FA23C1075C6EE768A673919EB6C3FCFE7629B7310AA794CC9C0D14A1FB88F95C845BF22543F57996E0B26C9E4C2ADF187F979F8A55F11B47BC26594C52588518D25E6C2B1CCED231EA1B748F09
311
3E5726A21A54C91EF95789041030C20FD5AD68613432E19A4D0DA2505B6BD843516E10BB00AF9AC315EE9FDB39CC1F9EA59CD88F9CD071D470C86C4647FDEDDBB1CDAB81DA94034747A779F4CED497CFF817348F69F52E55490840E48840BA72DB71F3E84F6DA2F4717AA928F153DA6E4C7E8E00363CEC9A2E1C8E65F298FC
311
4A52F087FCDEE5CBA38A80CBE11FF7BC2AFF249203FFAB77A128A001B1987BD334AD9B901890A8C2005B6B248196AD09C0025ED841325B31845032E327C531C839E66DBAB39566B631C2FF0A1DA5A3CC47E665AD8751B47CFE33899DF047C9F3C365E3B11278D49DF939298E09002F6430F9958803309827A7C791048CA070
311
061B7E9A64C557D235F83EE24822E5EAB805F9862F20FC58F483DC0EF02181F572930205107E00E523861895A2811309808F2B6C14B2AA579E893753C155D2F54302007E9FF36AC5FEDBCAD47E182D91A73920CFA5C18E01F8FFF4C3F1FF553BCAD0E58DEF85DD63B91BE38ECE1A9FFC4AD4A1FBA30D462C328C5A0340DFD3
311
93D3D3D3C0659195C96990F391EFF4175213BC74C020922D4830FE215E76940962BC0713A3B82784C0CB6623DC40D6E1485BAD454F6892200B225096127FBD82D2B12006BAE2E329C771E25FEBC0DAB3B5395289D56D7A8A89081B34EE06F80F819EFE75C67DEEE95D227E283FE98A7B9F1C97D2D05B4D07A469153C3DA304
311
8EA68FA667A6D90E291C7D7E2D063E4D044964D055F2DBF3E31BB851AE9F78A0A7314F0AD24901F581D74A6929142039C65AF5830D1C809536CDC05E4BA51038F79D713DA930CF18BA3010E385351CF47F74D439BCBC793556A1F99814926AF12835E251C59BEA3C083EC2B2760FEBDF4304C9EB87B35769E1EB24B648542C
311
FA4EBA9EF93CD42F03C08F249A2C98897D8E2225E90077823F4A52171A61219998CED6FA050992B6B0A74A2220ED12123004FB977084208F8E2AFC80F456CB110BCA647A3A0F854085D84FE0052BE31FFE7F925610BAFEC06FC33F9931BF063F39DB3D1BB20EE357F594045F4226131578582CB055A59A073AE0413989D215
311
019B6EB8A21CF154D71164E0D8F4E730C2CD382D098DA5261456A425643686BC8301710F2C50665881399156AA2B4C3191BC555728384800CE10040F746A3D8A80A5F0E500A93456FEC52833BBB45203DACCA37FE1D3EE4B9BF0EC27ED47D89B8266F11EA2DB8B5A8BB93EAEDF0C06B7AD0402B9EAC6E787365535AF19F151
311
58308A9D9785C1BC1C01377F8C6B4D07B50DAD25649764A91DC9812C7B34CA98184084F7C01055466B48058CD44085AF26648520C85C41C67805462D8425680425559F4440F3ABBE1F3F81B1EC72708767DDC8FFB6465796C8FE310FEABE0C9B242A74137EC3E0427091967023299BE5D6D4D0C6D15747DC2AEA4ECC57C728
311
56E827D33CBD319D70FF854369EB841282F84B7CA4881447ACFCB257E252E00FBB3272120A75B99119840858486615636E0E0334031AAA8C08A62E080053A0AAA4158431EC727A084021D41CF5D630C94184F6FE7432E8F5F9A4FCDF3EA7CF136FC2988093F98ED622E38E4976E1BF0CF49D2889E6DF3566719FE1F9B47A2D
311
3BF89C69155DCF24F88C609EE551160F0415900B4C48FB013D8900A9192A700748002924771A3686A0A580FE4009E00ACC090253E280B90AC15048E047020483A038A60ED232831F2CC90498648690D960C48E439F18F4DDBEB0B6F5AC7B7B89F6230243B4FA160A7B9327F3AD5D937C8BFFE5FF8B3A5E64283BEF8EAB9F71
311
159514CFED62DBC880614AA1F7994CCFAE7D8C87057F451733699B8DF87056E1F0654B5021E38097E4E23221B810DE20559AD183A61C2C88A648DB096081E9801CA00BC1DA0124E08DAAC15FD2936905CA8DA1C40E42B13F1764E0C4015EAD7F8BFEC99A310B1B7C0BCC7746D3C0702759C89EAD57122092122D1F85706768
311
4A578F1DAB7EAC400841F493A468113282FFE42316CC74C756B1C880FE78795C692813CF4644480EE9B02991BCA257A71861F00666D9410288487618D120D0E80D7773E2B7DD180E100EC98B221C94BFC4FF531A09B986230F1CD08378A8E4D0FDD7D9B1BC75F5C12EAD7FF83F3ED19EB018620303C217A6A35D826E72ABF2
311
D8E2BB1B783F6E48D2E3F360806E1D192085D022103473A10375B63853EC54F500B5B064DBC20945B88160DCF7E4F83A0200BF6FAEAC88E9F54D22D898E43F378D20B51B5D6B1457000922202800DD401A9266483029C0D6D57ED80D42A0E6E08835F0F3AC73D7FAE6D56185F04FC44472B854EB7D9CBF7134DF3DDC35A9F6
311
B38417DD6F508B37C1A718B0D054124176F7222F62DFB327F34D451799D56216880193254FF782D7DDE26C271BF38C6E422E271CE4AB8823C9510F021126A7A944E00DB4031D013C88EA0746C96D4574069BD5439C4110403B40020C30B07A604F1E41D19C21A93FD9002DFC35F23B1E7B98E95E38387E3603FE7393680410
311
D702FF9ED5A3C5E5CE68B5827D721FA78F3A9A0C08A79722D9C9B418F46C0057BB1640C70AA4A03D29CECF33987596D53CFB27B32C3BE304C540E14BF8464E080918268D254838C91A01F0FFB99154FD8A9C0495EAA6534A6C464440B4A71E16100E7405088122A35F7A511DC003D002E6C8E7E15F6D1D2FD09014139EC11F
311
DC89394621F77B9F88EB5A583C41E2FEDBC8F82334494C0BFA97FF3C3A34ADE60385B60E5A30CF036E5E75370BE3B83AE73B3B7DC0BB337DA0045299ED0C66681E4AE223D01B1BC3BD4C921E2005FEB5114739040758189BA8A320067B62A3995E4720055065AC2B4A8006BF8CFCC907C0063EACE41813C5F017065AD46CFD
311
C6FF1BFEE052932CA3478C8E5A6F25DC8503D40F61FC1B047E4DFFE8E84407C81F1AC7B5C79DA358551CD0D13785A9AEB38D6EB68A0A8087FC6543E7471082873CDCE5CBEA1EFC5CC0579469E225428E9A43D6A6000B4219DE52E8DF00A55F4BF5035960661C2DB88AC1F67C2890A93FC420193C8326409E7B595FBBBA9AE1
311
D1511B3F6D65B09AC10A71C2317201A603E88C56CC68C91279E83F5C147787EFE6C675F00941D23EF092920330982DF38C65EDFCA89DA98E8ADDECCD77CB86D85118F3DD9884820B1128010D02F1060F582871CC8FF42024C02239273A1CC3BF71E770DFB7E96081682803188118B50310BD620234F230B12711B063E0F049
311
0FCDA9248B580D3D3DE944A30CFCF2A1E0F6E59E8FBEA289CCCC943785BB8880ADA9C2FD70F6A13F5418444E3A669273C006C4B4EEEC067827539FFBEA9CFF04D84E7F170480037005AAC8829084329899F90B5E013927F8E646514B4824B01D11F72C012CEACD163B6358A4454A4221D06E68A71062520649BF9E9127D077
311
2D6E5EADED52FF216BC2FC513C7D3C5CC4C8AF009811826AE20203B076A2AA66D8D32E317DEE0EFC000FCE16D9E0BEB17C74AB009256C5D8AD1CBABBDA61402612C675FBD72D07E633B1A42F2421208CE01397560811204306617A5141706105C9F4984C459F2D0F6C392FA05BED808512B0B9A8A9FC6CED89640EA347D31F
311
0DF76D3D9E61E800FE9F7601BE4C9614A1C58E6C839F13A12D0EB426DE6386B82369A9E6A7F1F9146EB578A2EF4289AA109B4F6CEFEC0463E0072A05CC9DEDEDFE08407B173B8AA65399C80B2911252E6290C82CC1B8909140C11B7AE161B42B93905045D017E00CED6D27AAA15F2C2179F1E83D411A7020B9408D202381E7
311
E5DEE5A9E7E5CDE3B186433F488AC81554BEC09BC579018ADD1DCB3D9D70F02B14BF9159A4DA376225FE43DA224FED327941705DA582B2FD1BB5DC0540667B650BECDD1D5DDFB0C7F36DEE2B94F6EE2EE4E426F20A1174C31DF153321A24114C4FFF25E505475F6906D4149B21F1BD9D9DF7B059F8E0FD83323CB97991FE80
311
EE131A9003B81C491B218B1D42C0C0D593D9D548003839DC29A740298B0C23F0CE14BB167BD61989AEF0B985C8FAC8F923A73F31953989F0F6C96CA6C4D0A9A88184BEDBBBDA3BBADE77CD8E2FFEDEEF46184A86671D7DDC51417477BE9F04804F305AC82C2D018A21EA903866A0F959FBD4139916D036635EE03DDB7408BC
311
F0627A03027AD314C09B0A27F0A79490D53839D0DAF1416995CAB24101FA63F75029D57A4CBBA9FB4D120ADB17FB5A999FC9420DFE04FA670430B90FE7F589F7FE8D50A4B5F004CE5F07EB4EA007F8AEAE8E8EF7DB3BE2F81F42166C7246FA9E62D02C8209BA1024414C483498B50229FD923F2414040B2081390AAC353B52
311
83EADA12A30B1080866D746B9ABF5BC107F33C2A015B275480759334B83AB02175EFD0DEC785DFC505E0064F4EBA5A97073A74C5C9FEC97BD25D819E28AEE661FD2732B8BBFB1BF13441B3C1F45E8AC1752BBF80C113DE960E0AC7D9D02C58C80505A19BA0E84B14402601A590A4AE00A825E98C3212342302EE10FC510068
311
1F86834A2804BC409D70270A2091DCE874B16BE0706C974EB3D26EFEDFFCA6C4579AA4DB781708469F055532A7046C6BEB0CF39F3ED2EC4FBCA3D00EA91CA68FD2B87B5C191E0EB2C300F00A1C9881F263571C6CFD83D079D09F176FAD839340CF030F70458F81F09AEE1329505150CA0A00576B56C06D58070B23086F685E
311
44232D9D53DE3FC3731044F286D19F459351863F749F1104198D6E14BBC68E17CAE70D7AFD958E350BEBBC70C9C4DFBA075240DA27D40AD7DB063A097DD3F041EDB3E4B682A7A12A548F3393DB01945547175879989302521EEB1431B08759B632B174E0F700E774FCA1BB83F95029ED1A084288C8893520E49415E00DA080
311
AE8027C34206D35491D050A4C6B080F6A20889A2FF82379AB6234F6710C05F9080ADF002B9C9F9C583AB220F45D618D7E7F7547FB27CED8A8B7A7D24EDA4988B0C1C2A1AFB53FDC61BF3DE50D63C560F0120B0372F0839DDDAF13E583B868717C1CB8CC71D1D7F440CC82184803144196EFD58BBE00B7EE77DE8C015942357
311
FB06FC906A5E2B8882CCF9FFE184B0035A5CF186A962A63F84B3AAEE3D5A2C830008807568B6A9F424086D2095A3E262DBF124350082C4B5DF4704A9D2C93553DE47BD6766B69349610716999FA25854F759CA9792599D3837ACF6247CE8597B0F960FA3EC45B61715050260C5844FCCFEC9666BC71F875B17E3BCB4CB1514
311
05D7D08F846B4CB952248B4603CC402B609E90F0044A007FA800EC46D07A51232B00E5683C55D5096E1374DA4FCBBDE2C25A5B8D26008227CA7758033D7D70DF12CAF7F247939F93F1CC63047D63ADA0B7CC8771B234D8095FCDB577B586D1834062035670E204B245EC093FCBE15626C10D210CB38A13F50E10A0D5C0814B
311
0C4B30AA9858516001669002229618F100767AA3D6D2528595FE7A398C2D2300ED0013A0AE60B91644A057327BD3C36BEBF48C91279B45F8BD145494674AFB211A91977CB838DF35DCB3D6D6AA2FB2784B591ED785DFD7DB77747DAC9D2F7674810EFC2895F9ED8007EC7885101679C06F21E4B1C8A6120956F80518D1DAF1
311
717BEBFB5803E20C6F2A11B2E48AFF4AD2810A70054623E341B3D1ACD92DA91150DE631EEB2C28882D092049C0DD38E262A7BD6F98549930C9D44B7C37028AEA9F8C5628A2BEF5704C0DCB2B428181B1BE766F43014498D2E57791E4C8DA6BD2ABF5003F0C40202E2E32EDFB02852D16C30B7F646B98FDF86C789169004312
311
8B0A0DE6B4EA27F08C30CA34C9D0AA0852A5997F8D11A6EE84E040B20472020256F4AFEBBB74E6705A12083B249089218E6452C8E5A69717E904A3F5EF3D5D08EC1F4D4E85086B238CFFC11AB9AE972CB775616C6D1DE04DDF073B4DE3747C41FBAE6072901CAD0237100670C5A00C2C3CE063610ED824826C1F6650700E88
311
C00B62468903A0D71D3A390255AD7040048348C56C4647413C2C2561216E0C469203EF06A5B101AD40D0E207F78B124747DB5B4BBB4E88B1C373C114E0470B345156EDDBCE1B4DBDF81DBC400746B0B54E05F693707B89A5E430982C2AC7D10DFF11D5B102B9505034B35D07E8E5F585757F088B390F2D4C85CF7218E8418B
311
B4F25B885053D07D5A908326809F31D6CC6B77CC948413B28664484439D118DBAC27DB5AC40C1AD166F25E6A2F0AE82100C0BF220405323E1FF80DFC518CACA8DE1003F3C9FAE9C7B2D60703A0004F8EAEAD2DE0F5485452D15B77B4B67F4C2403B8D8F9C533558ADE058A9E177A1698F75DC0EB4C800F74C0270178C8579C
311
1FACD025F0560844502D2BBC01E620030CB93636C1041636A693949CD80139FD15BE107F905590A292840F8860706D07E2970A2F15E5B13B87C3143CB2930374CC46A6F9B9D7A5CCCC14E11B9E879A49FBE27ADBD6DA82410FBB94FAA8487D61B51F4BE0A03FD08743C31020D6628ED20305A22C2C2FAFA7ED1E7881C438AA
311
5B9035F20759E243C51F34D0D5F02F11403B9E204CC1686C0B6C9000470561519CBE1B0E4FBEAB37A39EE4B84C05F023858779341991F36D9D9F351E7BB3B5ADF00148D9D05784F9AD8B037D48C01BFA83D4247F03BB768BEEF973A14E610090D4B96B1EEC5C5E66928F28EBEB6CF578B067DD83086081579848E60DFC7684
311
044D8174993C39F886043481F6A2B743B18749E52447CD4D230513032D20D20206E536E15BCF7B7D211634F98FF9986287F33F9A94615A5A0A7CACF8DF5DCC1AC6EF9AF1945EB78E0A2FED1DA2ACC00EF983F9A012260BD722EF61C9DBCDD8719703ECF839029010CA0B9F100B1D2842153E01A1A3837AB579516A31982FD2
311
908A09100DAE591016CBCD4B011A2F4DE299E1338CE065DC4841BF9895D8C81714800CD08F5AD39601BC929B55D291F6CDCEF2AB40DD5D98F4E6F107C47AEE4A09A079C05316F479DAF4C2BAB83221BCC0CE23FE3D3D4C7BC9AB673D89A3677D6020F6E182332028012FA0FBE0B2668FB85485902A8E7FA0BA2105C213E20B
311
C2169211A4BABA7D693C3F1DA961F203694853137073AD5CD25F1C017DE0477626D7BA55B88F83B5EE513C41D814639FD1BF759171F4577D3CAB0C3DFF68B2D3B1F8478C18F67BEBB2598FA76A4545E9E961BACF657E0791D2373030E0EC9FAEDD17BEA7703A738185D08236C407448A4CB504CBF01FF43859D3115488EA01
311
B55078000DF085911805790DE1B41B6F8CB2889C3834FE02AFE07D85143C6C008438A944EA63E047023A7EF37E13B0903AFEA7BBAB9579330FAFDAACD540022980B65A75FBA17D388F1E6576405CCE7032D95BDA420E7DC0EFA320879E5F8B3B04C1D2D9C1114210C19FCC49DC6A855E12010184DB8968109ED016E4683CD5
311
52A36B3AFA13BFC2114068935A7E774CD2C7225642B73325938052D8634ABC18DC9442BF9E0402E85B42F9F3273672DA8E8F1070405D1DC3248487574CD98092B8B956E6AFE1566530B78FAE05B4A0DE51FBAF85DD075C7E11939F80E015A58D1F87E400CFFD2306C4D1D3C634380A201545A92BE01F445800BE12302AB477
311
BD6F62600D211232EB061448A0D2B877BB940D63D059C37E0569A83DE93E214F4BD86209FF6F479C640AFF8AF6D1BFD987D029A94DB7C329B4184D4BB013BF912FB88FEEF913071A8D82B651BC10DB067A7EC52FE1B421883144C00F64FA23A11CF708BF16CA59F18D4C04B8085964B2D8DA4A855187000BE440BC816FFB13
311
374640B0EB1D0998AF38A1AEF503F14302E2811081FC12EA6CD38A63B33035125F40F170C0B0AA45E9FCA38FC6D688D48563B5C4B4B7C359D3C7AE0EFB16ACD5E2FAA47EF8307044B4EBE1C71E84E742D81431FB06B90B600B9C239E277A57C94C427EE10E7826980C0136600D916A06058CBE8604DB4D314FBC014EDAACD0
311
820F14BF75449B70339490FE5A0491221BF95F949DF1235380E969AABDBE2D32EB4403D3FDF17F42F9A0A7C28ED75BE86BDB7C7EC80C76F86B8800F77B305EB88F00A4352E0F8089EF811EA02A3DF08F7DA008F803BE4B4EF5F41E56087099E920708C3D720916444440FDFA013D4E1201414123A09290F5BD7AB729298209
311
C4306D007BB0829FD4EC3A6D7E4F00B67DF38CA0764F832F0448E58439B952CB4F70DF964AFA74CCFDBABBDF273E2FF4F56D3DBFF2A78D42FFF2755DF307066497F44062AADFC0CC546F6DCCFECECFA232E14F408F05477D311B683A35BC245FCF8A5CD2AF20022C21022266905A5BCC8B20235D6FF04019CC04058AC80023
311
662E25F342063165956320BE50370F2A657BACC817DDA3DDD3EFE04028645780A768FE38DBA88BF2EF3ADADFC7FEACA952E5A77568ECF0C971DF32BF1D24F8486B22A649EC81B1B60315CBEFC026091CA45F858D7D04C1B437079431E63E38F880758842E780A9E03791C0FAAFE10012588C3C592FE35461A6047802BA1868
311
6887023A422A49599399893103942CF6DA53A8E387825FA0678B261F139F801E2B17C901D0F5217E07AC2401A87D0480F753FBED44FE949C93A1D042B879FCE499B3D861AEB23F9C1F372F0C24D0B7D6E70FE1AAF60F84BAE642D82F0A9F53E22783915518494FDBC0AFAE7DA282E5050B703570E06319A015E00D693A6BEF
311
FAE493941C3B08C13B96BD20D0115A9565701DC58568A3009DA13E965765C03091F0FF339F7309D44F6E61F837F1B1FF920450EB8FC48F9B40158BE89C81A597CFB0DAF5F5755D3886DC13D4479599B583758CBF35663AA234F133F91D3BCCFCE0A794367F385C59B19431780F1C099131384056616E15A1563B50021D369C
311
593FB292685A68A8B2A50A0A2085CF05434617E05FC24A6B077B990014421A68401AC4D65788EE25F737EB780D08A6E38F060F2ABD889E1B889C44852C2FF368C1E3E710D73B6589EA83F7417B341ADA1F639A23D15298F087AD0326410E116C3A1B325218433C71AE62C07C1480F1C045629724A076A4BB8D622D24690486
311
727F56108D07046DAB065000678E04C4F8C342DE27F4AC102D854F2D08D59B4ED0E4F697B0FF62F113646BC5B7F3131D4EA8BF8B265EA3F2026E7061B96F6DF3D993276B2180B8E57067587428579460551049049B074CF8B1066C7E14C705F0B39298C0997C17F701097023BAC31081390196801FB0C2A12380042927503D
311
5A01CA127F9841B460310639C674BC8CDF1A320501448E0068905B07F6E5602F8C1F07786253438CEC51AE61FDB25FF71B09893AC026A9EAE3F30F369F5D5EAEA5801FBAD3C98B38C13EE017B054F81A56F05259DBDA64FE270B1FC4C77200FE276FE814B916E222575ED717A62A92956504605268408CFE13FD61F8425222
311
8376060206802B9550F00B9D47E6AF1022538A752CF4FFF1F5931384A9FF8700EDD4FFA2B93FCBFABB3EA6C607FF714B0B8B04EBBE83B52B246092AB018C0D0002FC490849F1E214AE6FC42009D6D86616C835B65DB9862EFC4480C14137603C3089D0A5588FA27E693DD184131BA4E88C35045ACEF1CDE1A82323C20B842F
311
2419604821196EE8185BC834AD44F8E9B7549A32900196E9ECBBE20FFB4706861AACADBBFD9B56A23FFD3AB8BFACC18B1B5AC0ECD7B6AE2E2E9CCD2BE8AF1B1BC3A813B94107E82DE67A42E7CC7D4A6116700B5B2EE3C338A09B840F07C40A64800D7C605AC42B72227C4C7020AB1F20056E26F542717F56534261DE3766AC
311
10A6ED2D006DD03BA9DBA507AE0510A8B385C92363B9154167F1230C40D76AF6F3BE0CA08F8BA2FFBBCEFB09D0986550E0F0EAE2F2780CDF850CB0F88CFC2815FE87BD83909F474F45DD47F1C821DB2107A8817FD45384F57891B65F2543D0C1E20A89B4A8DF806862AC27C60F6A054627FD344250718AC0FA21CDC4E28DBF
311
2650D1B39D8B8A420C348A4F846E2BE824BF8C45E1DB8EEB52F576F47A75FF95F90FCE0FD3A7A08D48D5B9AFBE3EA658E1676FE3372FB57F0AD8D70ED4AEBA3D4C2BE0AAF1C3AD63A6004D12900CFC481A47430C9EACB390038642C8C41B13303166614210592736B8603AD4FAB17189DBB32F3915F0C380795A089A152284
311
60BDE8E52203527D41B5470901B088D84FF8B3FE2BA7F4FD30ACAB3DE0B7E2FF95807AB0010FFDE3A048F7360F9F3FB9380EE537F16F8673131325D3351A3F664022020811A0FE8C019CA17370725CBFF64132025DA1BE2555102212E80A907FB43ED80A991A8AAC183932C19AE17524B06590B6AD286EB99BAD18FF4BD64B
311
AB519202F992A963648ED30E7521F909F090C0213E367A77D8836BEB6F34D92EDA624183070248351F1A079E5D3E7A9EE81F2CE6678F92E299EE312B6C0572C0A7B5EEE07853612403813152C7125E2022A20C18F855DBAFA399817FC97FB6E1CDCA31D348434ACD0012F0D32A5456B4007E6E92D72B1A4E9971223A42C104
311
2819E4049C0C5801300C0013FA48F8944FBAE71DAFC27F1826FA2304ECDF3F6C10FF47D5C7E49748DDD687DE8E91C09394EE0682A4F84CFD6067EEDF43E67EA46CB2F4070160439245F00343D03BF25D7E2F26FC400A896DBF19FB8D4D0A66DA669C3D608F9CD048A0533621B25690EE19D5D15248E390F042B12C682511B0
311
2BFE3E5700E4C9A9B2107A8F45248FA48234FD23005ED1F4EFE80D1320836F04003BF42856D478D1DCA3ABEEE3C68F9F30C3A16E5C238EA5DE3FF37DACC2F8B7980033F47FAC34421EF0418A045394802CE032D61C70023D788136788613887C0011A4EA316E005718AE191F8D0D841B9C679CD2FC478442D005429166F5A2
311
4403B1E6ACF3298F388B6D0BA933D92339D48969A5C11F09B4FF017A9900A4F887010C474717E10F36468032FF33F4AD610517777104CD920C3CD15FC5F3B3A0C75BBCA3B00F2724863C10BCD4A0E00736C7981F2F72E4B001438B99714FCFAF713A2603BC710376A1715FC602022202E06FDEBBC680A3DF1C4C095A12C50B
311
554FE7623B50374FB2129DDEA4C392C9188077658C87F55FF92FFA507FF03FC8DFD3F31BDAB46DD51AEB03F7E1B38B8B87CFF47EA1479C3EBAD5C6B382C221C0F1B358B39D76D9D3142C4A20935F541E492E0EF081BA41B3620A8E172B584EA1485632E22A8221CEDAC6110AFA4B6D43E2B76A18AB240BB24337721C9321D2
311
C033B2D3E2641A55A400A28403C12D1DADE39AD23FC5FC08C47A64DC3FF6DFF76B5235124022D7E6D6D5F3CB870F9F31C96FE477FAFE54100068A3A87FA5908A2C08011CF31309C10025B089FEF9C510522B8DC07C30AA469841723A10C08E27F00F7FBC181C083F2809EC3B2B328E294AEAD5A071B3A95C81D2DE3F930372
311
D022C9C793535B92FDAD5426E90490C3C81D000017C6494441544698C416520C1C40C71FC204B22448FD9303782FBA67089A1A7D4CE38E89050FEF5F1E078A4DCCFADA058032C34C1CBC2E1202B1F8962B1A8024F0EB7A11F209E96FB369D4B64202FE7BA230AD24C46413536EAE955B341B726C593B5D4630C0BE82248090
311
8522B0D85430230352618DCD4F7BA6D568BF4343801480006658EA3EDCBFFA9702B4FDE9022163C43F9B72B58001A23FCE6F0B3FF0E4E1DDFB9801A6FC42FD0132CC1F2224F89933107AD30B6C9131A53818AE944BE25A70810821C38F098411980E46D108F483DC63F49B91B852351604091D60546702F58A3872A1716411
311
B642C7629C267E64E77719F46B0548FD6BFFFC86A38DBFADFCDF700228C124C8664FAA02BFB1F92B09800876FCE4F2D1C3FB4FD0A44E0106A8DB8079751CBF0BD9340066C3D52BC64706467C05B5A54401BE4A1B0132A55EAC1CCCB10D378A3DFEB9812022327745EF2102886A9142C812A1A2C9708027BB55B7006357459F
311
9C2080E0BC34489FC629510F3017B62D5073E2A2C64048A0A42580E413BA9E08274091A398EA80B5BF31C87BF5ECF8F1C5DDFB4F22AAC181F070AAFDDAE5650C4000516440D8806786D874215149E69ABEC43FF0EFC820FEA112B0522003C84BE03FB76623513B6D840820358B084119B0CEC8C00AE888826339A54091F5FC
311
A513AFE147975BB1A86FC50618D9D74502F0C7C8815AA306602FEE3A5E79E0D7DED1B221001118B73182CD439A092FF801105D1AA14E1918EC282F6260869D55108065988BD67F68E5581720A708051F7C8070F582389C682BE53F2AFD85853F2A013D21564028E06E79B7A71E43212180A81541EBC88F451E02385100491A
311
B0C4A3BC5309A95911E66D04C0B448366988ECD204C2FC930F8CEE8FA410EE4C25B58DD1B6EBAD83F6196670F7DE635282C0A56A851AB035831725F0471A10FE52097089C80495804100318405F0DFC2136004B4C40705EC9154315129205EC357930035688F61AC02188250CFA9A980233925F16A117A48CA54DAB6400221
311
976B75D863330942E20EE3B00B08FBB71AA813B0E502FD2B023DF70114E0D7DF2E2EEEDE7B789504200112075478F2FBD6897835C91F0C20782401E801A2F9142700B74805703426023A81CC0BE88B537D0003E0C5181D29EB8D83050964DD2580910A1E7A8138F76253DC01DC2F3824391AD748276C0B0CDF12366625D038
311
603D0003E0266CB42704C8CE7FA7F11B4D59C0BF454A78F8FCF1E50513715D469607031272358F04E0003C90107223A581218F10008B10247CD20D860FF0BF48801040B361808148714764028EAC137E871501EFDD97C89B52107FF1235B0928C562530082573CE137840EFEF82A0BDC602736C595912FBEC69E6A3A26903B
311
3A300C5A098A9E3F1810CDFFBA019D97B4E7A7A075850F2E92569BD960CA7B8304995FD006FC4213BB1448A6F4BFBB3A9F9FC4962D0A1369129B10073771FEDA38B1737B663A71C088D8848027FC3008DAC4E4397A6F76271DFFFCF77D6BD7F1F67DA51E0E08875A6BAFBD6BD7AE52CC04A0B4A2206F650EC412841A482582
311
58E8662C3838FBE21E25172C2A15A4F78D82DCF68A005DCF07047C183E1CE47731BBCCB5469D9169E0D588945BEB637E87802A03D88FB82486210D28FB3B858D13DC7CE75F5E6F3B03C1744D30CC58C7C7A256146853A05243060B850072A7010CA47CFBF9A1E24F414037B8781E8E9F219A774B36481CB43E48A79819D638
311
C8760D672FAC19FB9D3FC5EA9158DBD0159C27860409682E8FF2595652FE189D2CC2D7C023E944158355806FC320087CC74116030CC376C559C098B93A041C5DDA48AF33827D2327DC761D19C17CC62780D82A170E6CE7415A5E7FE825E053048F88D2AC2A561CA4D4C60098DA28EF1A01382772484698F60C8DD24BF396EA
311
76260542810A625978C03580A9CAB91D10249BE579B0377A3DD15749A45F24C4D81FF3D7D7996F6A1690288008C0FF6CC186DA9D5FC95BB09B1301004B016E707FDFED306A1BE8FA208828F00BF342186839839F1F6FA338DC5A0200FF383DE92614C03A4508DA18F4D85F9354F7E867AA77A42FF49BBE6757A1A7454448D0
311
BFC3C220714FE43A3D8F1547BE10F0BC5A05985AC3C28829A06FE24CD062700601F4AF12AF99099B08E7071DC4626A97C920C3FF96E190C9D1FD7CB6163E800D79E5F3F10A9306C02B799E80F1AB380E0571A584C0370A220C3125000B500900D96FEA40409F980E2083E4EDF4D8D2480AE5667222E020BCDAD4EF19682120
311
818FE18EC7FD6AAD67C03F7DF1955E697456F517AC4F24700C30171C67E9168B109A4F60AFA60F98BE30941BF776DBC7C70792A2FBE98AAA97224F8BEA39B47BFD14A8CD03320DA2B676E3AA397E652E30A42CE2987B7DA1EF7F75242413800A04C0270C62A13372400B435ACD84B8B5009208F5AC73EB149FFF3508E21C22
311
01E0338BE07E50EB47E7FF6D97724A601028C5519073E7978EC88834410450E074DD58AD13A4900103A6444A9CB99103229F0EF8C0C78161EBC68137240734CDCFC349807851E0EB46CE864D2E405ED341B71A390CF2DE20CF5193189E1901E866D0230409684B193D17E2928534D04240937D3C84477494FC5E0FE0B448E3
311
5AFC19007926C1C6A6E622FDB8A12E30993C6710E070397C4B26304C0AE38218D19F01FFB15BAE1C0E7E74DF75F2406E373C414E848FF8E500EFAF3C1029C9C0ADAB2313A7426CA9B2C1B9E30032C84EF31A09A88A386F136E8C2F1D582EA0459207015F10F1F001F0B1B7DF7222011EA2001F00BFD36BAEE0850928B08C07
311
7030FE3806C880EAA74BCE0863A952812E6008B3A89199C1EE918AF96AF583F1A073B0A355B9D861AF1460DCFB3BFC6B7EFDC834B09700CBED3510E48DC7129041C991F06BA5006CA6B5B34EE21501374E8DFC910042036111EC9C7CFA1C05D48A7270F7F835BF04A4194DA4CF76CEC66718C84CD020D04C412AC848F03E3C
311
61A1C8D50D0EA6838A00376054D3DF61A0E393E1F8B058A6C994093476D601A4A06F0CFD3C0A6BFA910E75CC10400A80FDA93AC9B5EA4303F6C0D188B559086091CC5910137772E14F2376D03181B5CFE74C0EA38440D0AC256D6C4D104CE05302FCC00B60B9CD4D71E08BD40C144A025E60D4C1F45FE846A2105D717EEA84
311
808A5DD90A168E133640311CF05DD870768683F5D2F1800F485AEBE5CABD8FFA3C0BEB33702493AEB551B1EB035EF5C8E5757FA7832141F88E8578A363802B560007AF93D7D470B478C4D00B412D634C9140C4F9275C00DCE8DFE3C7F8C0AFBC5B2CE82E3C3BDF393D4375D50C43CD1C17E3777CD2C170725B7B42B41DF15B
311
FC344DAD089C1E9118522B4A2C60B794E4E8F33081BB7C8CFCEEA0B2015E49D586429C6C78646180B7710E06018A3082243C275F077FBE412C17DE80D3E6B9462C5204C5D980D1DF84A864401C483CD01B143F4A4868087A0F780F37230200A4FBF6AED325114C367C22512750A5C7C3E32D545CE20A0904183BA10015DCAD
311
89864B3E1EE97EBAE8B204266A48E010511838E2FE413FB116E60880C2D8440AC3880DDA6DF6618C138CF1CB2A09637E18D00F80CB0DC05322E31EADB8081C29410903F06BFCDF5AB46024E4A75828056440503C707856EF0C037623DD4922A400E8A6BD75E4D2800905F18450A00CEE88860C8964C7B3F90F56528BA18F71
311
CFBBBCD2D05797E168FC37DB26DBE0DD2EAEF39686C18440820013C1444055402A541400DD362A0A402F1FE51246404E098249FEE30708C10CA0B54601053159480C00BAA9B1223A773234FE72FD5C3BD81804D8D196FE3D5315A0C981D88D04FA01DFC185CA93F9120E1F480B08063364A0A318F08DF95056E4C91F1150D3
311
1B011200383502E079EE43CC18603AE2F88FD139C802A739F208E88D06DC78267C448C27C4113C19B0F51B0E9C1C021CF8F9167C6B1F2E10E461002910105D1042792D1CA303F469714C018C23D72179E165049C40E801CB96CF334562E5807291D1E0C70FE6CAD91656715F0E5C5E70F8D7F83290549B1BAA6F781D25180E
311
BCA93EC84E72A74081CE3020789B3790E1A9E478E658C099BECFF01E530E80EC5FE31204ACFF70AF8177A03059240CD074978A002A878BF883FEEC81DD684E406CA630ACFDE87292822A11953710F000885D6F68A67ED40CD772B0828359B753F7CE23D9479AB9845771B389D6A77130F8C134EFC83947392029B10E442544
311
0A84AF0E54825228FC1634D369874739C837A9DDC83C20D320C36042610ECDFA750303710224D01202488012CA847424F8D53F78AB6BECE9B3B35A7F32396AC6B7444566327DBB4DF06FD9616744F4D3A397EB3B0A3FBA8D763702883ED742FE5CD24146D8E353ACCF811C806AE09914D8446E93840FF4D6C963FF32BFB6AB
311
015D1D3B0C9A0968776F021F21404B6260CF84A14F35180CE20B5E85BDA2EC91FD5A7DBA7E5705F4F0F97AF26CE18E3BA078138202400A62930FA6CC7882F911A92F33E547E64990B0F27323D73B6222863F86425153FA8009361C675554C25382CE148420C8DCC47A20122806CA178A0918C14CBD33440289078A00EC6070
311
184CA9907FD0A1270478E0B325B67C2193694EDB7DD0F3C238447C8A11485562FB4902134E6AC952FD5320A4F7C780882DA9684285CD81D278C0E8FF8DEC9F45D22DC3C2CA99C2728110888799575B6834BF22B0F01EDE72D7F21B672C40F0A972999E2200B7C91403F9BB3D09C01990819238CBAE5E7510D7D57450507E3D
311
B04AAA0A3C280064E0775380C8C16EEA4834346A04BF0CE847B4B3AF760D06D24BBB267C32E2C9257DE5EB748AD101AF1FD33265E2B674EED8C01A0AC901392211011AC810560F77778E85B13BAFE3E25C95B70919A4862C15928BD8989664AD8638101D009A80F00BDC41AF27602A4BDA0C077E550048E7F1011410F01405
311
045E1C140B4D0E70E0F6E034171C3D6FD12004FCC1FA304312518910356628A4A326EC9ADF5DFFD1B2C0399503F14B4F8E3E0E4E39A06ABCB56A8014687E86E462BDDE5124615ECDB412B7314F62E6E0C76ADEC0F717B360E741960104CF1706CFA18E0605004B01AE007869B095ED92144A807841EFF2811C047889A04901
311
C809062057192688C92346F97F279449F89B113500BAD282D1DA80A55C27EFFE02C8D4F395003F285B617BBF0831F49B055342DDDD414378E8888E92C16789F269A27C9A221FAA4A0DFDDB9F935B2ECC04DC51481558A69301E0460B02665AC4DD30C03D480866C3409400051811876014C0F294C542821AB045011A3E3F09
311
001FF304E3A0BED05CC11A811B865001769507FC01ADC611F400CF68C7B093606E30F3C7E0F00C1D10C31951C1E2D7252181DA00345842A19130715C736EC9ECE686A712FDB31E4D3E50AB336E5666D7B212C0113C4A4406029709B43D0228F3FBAF49921B19CA0C82A2D5BC4A2079809240F37D3E10F9637607C3983F0458
311
508A98B8B4EFC92AC13530180CF55359500080061DF59B98BB3FEACEE881DC8127F182A885A86FB12B43C590A4380504E32305E3148BBEEB2D2782029765428092545BA5C2C681FC5F8E869C0EE1034A822FF09A12C94084505AA868080303473F8161F7AA0A6610745E280BE4427FB770106F8800EADABA19F453210435BD
311
B2348471B13B65F2FCB554827632C4C44467333E4127095D22092ED492009930413251B5408345065065E415266E20279A40B3F520370BE2050C8360E6BB4601C1673B9BFE007EF5200B6483CD195400A783E6DEA0653515B0FCE8E86D1618FC1EFC15C2E727F24F2A2DAB57326D8D0877D4E298894E7A0C3C7D9CE8A0E2D1
311
7AA2020FA1097D6372F2A9F955060FDD467AD0426368C24A8340FD0D6687A76316DEF5179ED9042005A2BF02A5DD810A4DEFA4A8F700EFC50FF4FB8C06410F0303C106ADF8852ACC6A2CA9046E9ED070739339857222CC009E206479886EA26227BF7A341A15C351A8404A6C10080A2140FA4B4E8D9B9A11645899332363FD
311
69887F436A660566964250FD752E787B64BCF8E6C8190DF8EA0C854C062D8A5A1346F810414313E606ECA0AC3A01D6928544029D5F42E202C0CB386F880F7842A31287061F32F3CBE09F2950783394F2F2B23D85386C6F51943E99DD10C8A0000BA9569A14805693274BD0E4F4DC3F28E331EEA91C4F33ABE057889BFB9281
311
9187840A08E57A276A8BFCB75B0342668C70C565C8059996D209C2800941A21FB82B2F520BC2E6FE6F1A8827043DE17000DACC8193E78BBB8DF1467978C06F6AFE986123E3A95272CAC122046F4C65C4B88FED2F1CD1D918F7CDBF8903BF1A90057D42F4DC133AF804ACBB58446A0DB78806FC053FA1E45D0AF1112613CC0D
311
D976C5E70AD3282F42725C0D02AC8588DE451B1C01ABF063E7748A3882F0DD484BB78D037F9812240EB88B6034C0AD53E5116D4C6D920C6A89F084E6D0598AD7EB6930CC7B293E27A666E5CDFE9A3FA52FEB3C97976FDAAE9A60008FCA6B33099CF9880D35D419FC687D424378E3099441E110C5B3C6DC311E6653514A67A5
311
30D863326C4D8430E0C28024803B5B069B0E60C10EDB6DF087034171DF01F1F3404B27B1056D8C0E56E7CA6056E7798147BE4C2F01CED5987E413AC6A724876DE3F599E0601CE7B9CEF3BEB3671E12DCE8AF9631B8031D3F360B6955DC2342B2A0E4632A00264C0DA002220CFEC3E10D9BADC8904D88DC51928593AA16C91D
311
F6FFF82B3234404C7214D0F8608E0052283EFB2B0563F1D072936C4017706010BCF1B16CDE0C1FA9C777E44E1F5259B0C9BBC8794A82A6C182A3AF56B16921405351FDDC91B5BAAA617860E8D76C97C377FE701A4EB4378FA97C2C8E3CC8950886C6FD93AF70A1F5F676B7ED16CBC56AF5D09110EEB8607CC08A7958823582
311
80DDB98AFFE7087C6EB593D62F041CDB4018935238E73F1098100D0C8769818F777057F64C703C6530E142FDF5C837AE1CF66C94C4887D3A3726AB990DEA248F73B5D32C8E04F6714B1E67C53FC52040252E605B322407CBF8C7F05453462A295ABF4D95592DDD76AC23512E9A2DF964715C80DD752CA8E263AC36F02C3C28
311
A133EB22AC8D099BDEFDE28C3E8FFEE3815D5D00C17C00511058354D62443C1A546280E43572A9C661A34FA5891F8E7570608C8DF21DF51DF9D2A84D4501F41B8CD4F4C9DEB2F901E810C0E4CEB6EC08DFB06341C864CF8D0EEE779A606545E1E64AAF30A4324C20FDD3BD558BD966BA994FA915CD162B1978642AD01694E5
311
33EC190368A68234657085B5F88E27A0805E04B8BB6A00A51646EE3C10A50FF007FF410F1963CA69BE2002F0F902E701AEC995FD41F83A3F0C3809A3288A083003A6CC2A20E6D703EE48E3777AC07ADD51EB6101603A9FCF17B3D5928F6D742EE7E4CF38AE2B03C5FB39C81D7B2978FAFE85AF3D2710B0582C970F0FEB0E4D
311
1103B8BE2B4D560CA10002FC8F334C891C07B44FE06B2E3ACE5E1E2D1FC32203110ABF9CA0E8381F68EC3C06701328E5A38278A5FCD944CEA5283DA933DF2A2448BD23F1C5D8BE04CC2DC3B43B3EEC29F8B5FF926D11D3E97EBF7FA1BD1E5E5F5FE6D3D972F548547783146ECD84873F377C5820F7F9FCE5E07378D6CBCB7E
311
036DF7F7104079A05B77C6942D1BA95D47424BFC3DB6411009A42E207871B7EE9B06614BBD20F22F7523FB985F3F7068E37600273A3ED0C1CCC380F6EC4AF01CC1CF95E4848B7BF950AD14C44F10460221E02D21D01DAE800F323704C00035DFE97CB37F797D3D1C0E4FBF35EE1E5E9E0E879FBF3DF6F474780A01FB3DAF01
311
FE0C0798218007C2090A3008BA7682A338F4A8804A06CBFE6A80CEC766F49853F15B2F45FCEA3F8250012841315016E75E797EFEEC4ACA6C79F515CF1738F7C36E2406071051043817C9E8C5888D49D0332E800062FF54FA562BF7446CC0BFDFBF8603D1FEFCC9F7FFB5A7F000430755C2D3F72F2D02A022820897ABDD4459
311
4475BDCCA4A10AF34C06B08B4AB58BBFAE30999DC66C7CE903A83CF8EB006EEEAA063430F84B05F0ECF644825F5E95073870E72A0771AB89B080022A0C5A9FAF34C89286257FB7BEA000EC65B59750C68E0815B0D9834B15606328F80709DE09018AC2A7817F83F96DB3D562C10A0A31300230CD4200B87F85808BAF64D046
311
00254047F9C14DE93464009E7F5AABB4FDD6D55142A2C0BF1541FCE19C20C899BF4F76AB54B84CB97F88F48ECC029FD253F0C70DF4816B9AC94BCBD653B1A283C4001A0337955E4AFED3FB790B6B1F5EA0B5514074103A38D84280EE0F5F9BE974EAB2D16AB1EA969684B6E4166CA28264B300474C7308D20013B204A65F82
311
970718D05678B3315D442E1C0A327E2F56556040C005D2FAB1326A68A07507C9E46A3648555A7080F5F50219A00E6222E3E0862CE95B5680930530742F1D041805E69B788161F015944D041182B861A2C17F3AF01CF5BFDF6C343F9171F5B004BF59C016719164B888EA206A02AD05E8464D06B48E4381A0E9345FD171625A
311
C22198F57C003BEA5510F81FF78D31C9B033D0030000000049454E44AE426082504B0304140006080800A582275D28BB58AF800100009E0500003D00000041313032454645422D353333372D344538452D383431342D4536364632354445464336332F536368656D61732F436F6D6D6F6E536368656D612E786D6CBD544D4F
311
C23018BEFB2B96DE15493C78601010A34B880709DEDFB52FD0D8B54BD70DF6EFED3AC0B12E6442E2716BFB3CEFF3D18E26FB440405EA8C2B1992E1C323095052C5B8DC842437EBFB673219DF8DA659866649B798C078B48AE6410122242F2A4994AC7F93815DF85C049C8564CA0A901499DD886B2EB9B1E02448F358701A92
311
35880C49A0119892A20C89D1B9FD768815CAD268CB5E0355B40B1E47F3E37A2020464BED06AA57CE8FCC20C3C3446D46761A2632A8C1283D07031EFF2AE7CCB1BFEEE916E406DFAC8E36FFD99A9D60A6944090EEDC3B670C7DC13DE86B6B2C5C240D6E503BB85ACD579D513F1B9F9A69DC9CC22AFA80C426D40AF0B21EA168
311
559156B6276F0F726A6BFF04DCD513A87A62CAD41FB24FCB2858B3952E3D852084DA25B9303C15687973CC8E8AAE11DF2836C38C6A9E765E8C1BA1BFB1DC29CDFE518C8B5A7655A4ED7E77291ABEB80DBD82EC866ADE1B8D05AF9E35CF09D7A061F38A986D9EC412B8F0F65E5D81534D9B231D1E5A8FE577A241F3A5FD0150
311
4B0304140006080800A582275D1004A04F380500005C1700003E00000041313032454645422D353333372D344538452D383431342D4536364632354445464336332F536368656D61732F47656E65726963536368656D612E786D6CED585B6FDB36147EDFAF20F41EC7F69A2005E214768278069665709ABE0A3445D9DCA80B
311
44CA89F7EB7B0E2FBAC4B2A32643D10E33505411A9C373BEF39D1B2F3F3D27926C79A144964E82D16018109EB22C12E97A12943A3EB9083E5DFD7239558AEB07B6E109BDBA7C5CDC902D959360CE535E0866DF07A7579733AAB85D5AF234E2C51DD5B081CA7A87DEE56E47E2D6689E735AD0947194500A22A249308DB6F826
311
82A3782C52A141BD80E4E54A0A3609622A150F48C16994A57237097451C2DF462738529D3AC5FCFFB5B401988BC78824973CE1A9A628D91CB968BDBAC335B9A4BB379C6ABF5D2474CD7B9F773F7F78C349F055EF13FE2CF856F0A7379CE2BEBCCE6456F8E316A9E66B5E18E4AC77BF5812F5937FDEF0F5BFE3E3C785576D96
311
659253EB54863A87AB5D98ADFEE24C3B8E38FE48BAE2C062631799EDC8BDDD833C6E88585B9287340B23AEA990CA49B1A473421E81F856D06D9125E45E6F001C4F7F85D6DECA8C6A835753A250DA50DF92F743409CBC3BFA4C6EFCE2618D302A0CEDDB264D93950002937BC66489A18D0A345DD650415124BE376A745EA9F0
311
E016108E328D14C979C1302CD6BC0A4191B2C2C49112FFC0DB51401288D6A44C26C1B87A160AB6A11E5BD862514BE8B3DB750607BABFF6F781D6A74EED6EA7AC28FB3BA68C87AC94B2138A99DB41AE7147A71F56659287340123812054CAEC8965690A74E111C5BCA7260158B0963EC50C07E38FEDDFC5C5C70AB6A915F446
311
D44E46C321E46087E23E221E2BC0DA6EB440EE6F44E80CE5AE2E2D2F31AD7AB71B8B139AF730773909401FE0D8DC3FCCFCC3D438DC1176062076C3CB4A9D953ACC72CA84867CDA0361E0910F4EF3B109A07D332211C72556825745A215835F47678059E337068E3ACB0E2EA2B507175B0818FD1082EB4D26186F85BAD33464
311
988F1420E1B9E43D522F8452A450106B04F01362BFF1B2BF5059B60F687C9F663A54396722163C7231012E7480FE916910E6572B6D8F4A54CBF92C5CD324A163C8508058D3F16A399B13B348C6830FB5FD47257A1B8D2CF08253EE776B3A72D782D895363D96020B6C18D3C86359B3C6D45E728B4B9D716893D091E4D53304
311
5F495D2EFEF633FF5A660A520A5790765FE52E12F0AC82685E7FFA0398D65528850A132894DDE9F837B1DE48F8A74D487795A482C7122A6DAE377BDC5DC212A465ECD8B03E7E2E208EC88DD9DA89456CFBC477FB798C74389668AB1A75C820AB7568FCBE0B5F94DC9AFF0D038D9F77E49D45B8278FC7177D0DDCE732FA0BCD
311
DB42720FA90E87115FF76375C5696F368AF83103F6A5911FFF03561EE06AD10ABE933AA9DEC398588888137017449E09C377051FCAEED1E8BC3BFA9CB27DA2CFDBF533459F374FC0C4FDECCBF3E06CDC6874E0710421EEAA6CEDBFEE60EB913607436C3F5BBF713F6F42253B9A4A0FD64C08416FA986EB02254B1846D82E7C
311
E2584EBE31E340E9A8247483F07D5B84AE3A5AE0D4C5B202EE585468BA84105B1F5EC00C16FADB133FB7399F390FCF245CBF9027A137FD26D1D651058D44D9B331A93985CAC2046CB4ED9E0314977128A42C13DB06879A273052525D16BE833B8706BD1269FA69F2B9B109BB55D30D37679986D85848B86F026CF21E748091
311
00180B0D280C36F6015A7DFBD06AEB6F8D503BDCD7DD6DABBBEF54E1FF5EDF0E3AD53C03509B5B816FE9F51BC8026F44DAB82BA989F200C4220B24166C3037854094FD46C5648D9C42F8B07E53687D824917FED3CE56F3FBA68BE3C6853FCD64F4A00BB85831B1243346654A134805AF5CF39A9DFE22C9906A6EAFE8303A5F
311
4AC4FBE637489CB62EA59B9D529255F326CCC28ECB77F812A7D6E63DF957504B0304140006080800A582275DF702076DC3010000E60400004500000041313032454645422D353333372D344538452D383431342D4536364632354445464336332F536368656D61732F52656E6465724D6174657269616C536368656D612E78
311
6D6CA554CB4EC33010BCF31596EFF405481C9AA2A64851255E4A816BB438DBD4926347B15BE0EFF1236982021512B925E39D9D9D59677EF3510A72C05A7325233A1D4D2841C954CE6511D1BDD99E5FD39BC5D97CA9359A0DDB61098BF9CBFA961C4044344599637D0F066B0E22C074BC98C7A0319C58A9B254B2435ED23BC2
311
F388AECB4A6089D280B18D139496815152EDDF046711DD82D048498D902B293E236AEABD7DF74D5D839F69EE1D9F48E1F3BF448FC9E6BF144F351E38BEFF9D662D0D16587B77825FAF2195BF515C395B563BC5197A0AE68DCF363BA831CF7C7C8D7F0DA23D42898037B451BA833673DA92BC82D87F636ACFFB0CEC96F4EA30
311
EF9A0FEAB85D91CAED89348D80E9B178DDC3ACFC71D06F2528A182138DD8672E4DC6DC57CF91467432BA985E4DBE3DB399079353607C0A5CDA0B70D4E65A122FA41BAEEF6C272908D315B076451BD55EB0FF9E092E11ACF8C6B5306028F9D5F15EB95426D31532BEE5D6EC700FBA0C1E94211D7ADC8341143D429D26715640
311
59C2EC72108B4EE3847890CC4697DDF8A708DB01FD7AD8209A41EFC2DCFD7063A504821C7869545188D6C16DF801342CCE6B276363DC8EFA4AFD0E86ED0677C3B77747C7FD3FD617504B0304140006080800A582275D3D18BA9151000000570000004700000041313032454645422D353333372D344538452D383431342D45
311
36364632354445464336332F4173736574446174612F41737365745461626C654F66436F6E74656E74732E62696E53616060B034B17436743171D535323035D535317732D075747373D275B3B470B1347032753632331002AACB4D2C492DCA4CCC492C28484D2C4ACC4B4E050A82012F90744FCD03CA26072767A4E6260200
311
504B0304140006080800A582275DC55C663656000000680000004100000041313032454645422D353333372D344538452D383431342D4536364632354445464336332F4173736574446174612F53747265616D56657273696F6E5461626C655D8CBD0A80300C06F73E4B29FE6CDD8A2E82A083B8B7F209014925C9FBA3AEAE
311
C7DD2555D896CB85E51C2A1BD834F6A1F56EC4494C4695278364ABB24ABD2146F88CCEBB89D5321FF8F3F43D672A3B44DF3CB6A1710F504B0304140006080800A582275D2F4C67FD340100009E0400003600000041313032454645422D353333372D344538452D383431342D4536364632354445464336332F417373657444
311
6174612F636E782E786D6CCD94314FC3301085FF4A6489317192A140E5B842B07402898A81EDEA5C5AAB8E1DD91704FF1E3BC9002A62EAD0F5F4DDDDF393DF89CD676FB20FF4413BDBB0AA28598656B956DB43C346EAF23B966DA4F0CED10F8C65167A6C582A33290EDE8DC3526AB183D1A4AAD1F6B4141F4240DAC1DEE073
311
F7E82CA1A5C032652084860575C41E0A18C9B5184E450B044555780C6EF40AE324D23D2E939447206C99ACCB7A9597F77979BBAB56EBBA5A57D5BBE0899462EF9C59781D977937DCD4A59AF732590A9E002946AF172ABD86C9BF54167B6D058FA414817C7465E9A0AF2176C03018AD80A279DC2942CA2384D00B3EC352F0E4
311
C22F2F9EB0D356A7966D9406E4FC4B14889E345EA127FFA9BDBC375B1B08ACC26B76E45CE3E57D789D7ED1DB1CCB2937D79796738D17C8099F4E498C4DBA2CF21B504B0304140006080800A582275D566F3F4BE6000000600100006700000041313032454645422D353333372D344538452D383431342D4536364632354445
311
464336332F5265736F75726365732F39343943314434452D323035352D343742302D414646422D4639384439304235433236302F7468756D626E61696C2F302F636E782E786D6C4D90C16EC4200C447F2542EA310172D8B62BC2FEC49E7AA928F1A66801233055FBF78596C39EC61A3F599E5197EFE0A72FC8C561DC985C04
311
9B205ADC5D3C3656E936BFB0E9A25546A4078C4DD104D858B7995647C69A86B5C3CD54DF5DEFE27D980744C8CEBEA778B0C97A53CAC68AFD84601653097728F765376416B9642858B38576805C8071C06630043BD3AB584FB3789DC5F3559ECEAB3C4BF9A67827B5FA40F483779120637A5A85C536C6F68F50BC035AD5EC06
311
D54330FDF09CE26DA955A1DCF20F887E52834C4ADE5943AD268E9680E60681098AFFC35AF19EB7C95F194D7B37FA17504B0304140006080800A582275DA233C2345D000000800000006500000041313032454645422D353333372D344538452D383431342D4536364632354445464336332F5265736F75726365732F393439
311
43314434452D323035352D343742302D414646422D4639384439304235433236302F7468756D626E61696C2F636E782E786D6C4D8B490E80201004BF42E6EE76F3C0F216234B883063108CCF170C074F95AE5473F5C4C06E932E4F28601967600677D21E9D8092EDB002539227A2FCCB80E1168D80A6417297A89C5D6963B7
311
129A0D1E8F2EE73AA7B62BBEB8B27DE50B504B0304140006080800A582275DBE89762363000000880000005B00000041313032454645422D353333372D344538452D383431342D4536364632354445464336332F5265736F75726365732F39343943314434452D323035352D343742302D414646422D463938443930423543
311
3236302F636E782E786D6C4DCC3B0E80201004D0AB90EDFD75167CCE820A4A845D83603CBE602CAC26799919AEEEE0D965E2E908050C6D0FCCE04C8BC355404EB6198129C92351FAD580A10E464065907C8D948F8F166375F655BDC3FDC3B4E530A176BE7057BDC43B2A593FE403504B0304140006080800A582275DE6CF4C
311
CD7F000000A30000003600000041313032454645422D353333372D344538452D383431342D4536364632354445464336332F5265736F75726365732F636E782E786D6C4D8CD10E822018465F85FDF7143A28D910171AEFE1121D13A191B41E3F685E74F56D67DF39A2FB6C0EBD4D7CD9E05BA84E0490F18F3059BFB490F619
311
37803A296208FBDF0D901F37D342C120C512437A1E6832F3985CA1CEFAF5809CF2BE1AE81DD784314CAF8AE09BD60A6BDE0C9C28D6D717928D7351F2FC7A794B5E7E01504B0304140006080800A582275DED854B190B010000550300003400000041313032454645422D353333372D344538452D383431342D453636463235
311
4445464336332F536368656D61732F636E782E786D6CCD93BD4E042114855F65426239C04CB1EA86610B0B2B1BB5B243B8BB4B96E14EF831FAF6C248B19BD869B11D9C7CB939E7C015BBCFD9751F10A2453F918172D281D768AC3F4C24A77D7F47BA9D1401319D61A4F36A8689549948710898972619D8ABECAAEAAC3F35F1
311
01E719FD8B3EC2AC48A79D8A712271BD5295131A88276A545274A00122E6A0A14C48768636410750090C91231F373DBFEFF9EDEBB0D98EC37618DE04ABA414EF88AEF1D62708B8DC8C5C6339FA62880B56012972B08DAA29883C77474B1F8215428A984269A191E96B29A45A1667B54AA52CB6823F8C14AC86BD88FC081E82
311
D5D79AF9C2DEBF857E066F203C95970A56B96BCDFE9BCBBF55C0D60D28DFA02E84FC06504B0304140006080800A582275DE3603EBE7A000000C20000002C00000041313032454645422D353333372D344538452D383431342D4536364632354445464336332F636E782E786D6C6DCD410EC2201085E1AB90D9DBEACE05D098
311
78023D01A1D34A8419C380F1F82DA68B9AB8FDFEC93C3D7C52546FCC12980C9CBA232824CF63A0D9402DD3E10C6AB03A3397DD192872090D3406ABE7CCF5B5D18893ABB1690CF4DCF02282E5EA8A5BB96FFE536F285CB347F95BEFFE81C9ED5AFF9D5B1FB575BB00504B0304140006080800A582275D7925AEF17F000000A3
311
00000007000000636E782E786D6C4D8C4D0EC2201805AF42BE3D5A0A451694C61FB847636943A460B0188F2F982E5CBD64F266E4F0593D7ADBF47231F4400E0D201BEE717261E9216F3316800625538CDBDF0D501857DB43C5A0E492627EEE68B2F3987DA5DE85C70ECFA469B5D117DC517AC24C0B8D05230C6BCE4DDBDDB4
311
B9725A8C6355CAFC7A656B5E7D01504B0304140006080800A582275D1E7A0675A400000032010000130000005B436F6E74656E745F54797065735D2E786D6C95904B0EC2300C44AF1279DFBAB0400835ED02B8011708C16D239A8F121795DB93D22D20B1B467DE8CE5BA9DED281E1493F14EC2A6AC4090D3FE665C2F61E2AE
311
D883689BFAF20C9444F6BA2461600E07C4A407B22A953E90CB4AE7A3559CC7D86350FAAE7AC26D55ED507BC7E4B8E025039AFA449D9A4616E739AFD7DE8C8338AEBEA54A820A61345A713E0B17153F7257E37E705E3371913892B25F02FEA0F1FD83E605504B0304140006080800A582275D3DEE336E64000000790000001B
311
0000006175746F6465736B2D64657369676E2D7061636B6167652E786D6C35CBC10E83200C00D05F21DCA56CA76D41FC96062B120735B69A7DBE268BB7777961F8D5AF396893C2ADB70FE7ADA196782C2DF776D7A97B5933C430F15651E5469C55D70F80A4992A3ADC954792C525AE70A1E4D6AD9816CC044FEFDF01FE3FDE
311
907802504B0304140006080800A582275D28D4F443F8000000960100003700000041313032454645422D353333372D344538452D383431342D4536364632354445464336332F4173736574446174612F636F72652E786D6C8550CB6E833010FC15B477834D107122E38816F2053DF56619875A0936F2A3EAE7D70E546A4F3D
311
ED6A76667677D8E56B79149FCA796D4D07A4C4502823EDA4CDDC410C3744A1B870E6AC0DBF685018B1A80E320C9CCDCEC67587A43541998C1A3BA91D14DEAB00857CA4A6032F3FD4224A114362F87BB90A7917B32A49B9F1388B514FBB544FC94DDFB472C09BB1C614BFF6089FE8801A726D111D9B2B1A483F1EC889B62FF4
311
C8AA2CE62CE8E567BB744A043501AF71DD262DC2C737D29E6B7226E49D5599C9990F2EFDBC2FCDDF01EFF3D583088255DBF48F6B5CA7FF5DA336E150EFAE9BC20327E9C8E780B32AA794CA33C25473A2FC1B504B0304140006080800A582275DEA332B14F30000008E0100006800000041313032454645422D353333372D34
311
4538452D383431342D4536364632354445464336332F5265736F75726365732F39343943314434452D323035352D343742302D414646422D4639384439304235433236302F7468756D626E61696C2F302F636F72652E786D6C8550CB6EC32010FC156BEFD8E0580E893051DA385FD0536F08888B1283C5A3EAE71762576A4F
311
3DED6A76667677D8E96B7E549FDA07E3EC00A4C650692B9D32761A20C51BA2509D38F3CEC55F34A8AC98F5000506CE26EFD2B241D2D9A86D41AD537A0345083A42251FB91920C80F3D8B5AA49819E15E2F42DEC5A46B52AF3CCE52326A931A95DDCCCD680FBC1B5B4CF1EB19E103BDA08E5C7B44C7EE8A2EE43CEEC881F62F
311
74CF9A22E62C9AF967BBF45A44AD80B7B8EDB316E1FD1BE98F2D3912F2CE9AC2E42C449F7FDE9696EF8063D6ACE81FB7B4A8FFDD92B171D76E6EAB220027F9B8E780B3A6A493CB33BA5C4B92FC1B504B0304140006080800A582275D481AC541FA000000960100006600000041313032454645422D353333372D344538452D
311
383431342D4536364632354445464336332F5265736F75726365732F39343943314434452D323035352D343742302D414646422D4639384439304235433236302F7468756D626E61696C2F636F72652E786D6C8550CB6E833010FC15B477834D107122E3286DC817F4D49B6B1C62056CE447D5CFAF1DA8D49E7ADAD5ECCCEC
311
EEB0D3D73C159FCA796D4D07A4C4502823EDA0CDD8410C3744A13871E6AC0DBF68501831AB0E320C9C8DCEC66583A43541998C1A3BA80D14DEAB00859C52D3819777358B52C49018FE512E423EC4A84A52AE3CCE62D4C326D54372D337AD1CF0A6AF31C5AF67840FF4821A726D11ED9B2BBA9073BF2307DABED03DABB298B3
311
A0E79FEDD22911D400BCC6759BB408EFDF487BACC9919077566526673EB8F4F3B6347F073CDCE3FC61849E58B54EFFB8C665F8DF356A1376F5E6BA2A3C70928E7C0E38AB724AA93C234C3527CABF01504B0304140006080800A582275D68DD8A610D010000B10100005C00000041313032454645422D353333372D34453845
311
2D383431342D4536364632354445464336332F5265736F75726365732F39343943314434452D323035352D343742302D414646422D4639384439304235433236302F636F72652E786D6C8590CD6EC32010845FC5DA3B3610C73F11268A13FB097AEA0DD9C44589C13250F5F10BB12BB5A79E160D337CECB0F3D7FC4C3EE56A
311
95D10D90144322F56046A5A706BCBBA30A923367AB31EE970D122D66D9409481B369357ED9A5C168277554B519E52E0A6BA583647886430376F890B3488577C1611FE922868798644AD2CDC799F76ADCA36A0CAFA9BB922BF0BCA3B8C2D70BC275754339E90B5475798F6EE4D21D485D156D55B22C8639736AFEA10FAB144E
311
8EC029A645C8225CBE91E244C989907796452767D6AD61E71D1AB7035EE7F595DCF20E517C3CA2BC6C31BAF47D8BFA40AF717BBCD202B36C0BFE01FA65FC1FE8957607BA03B784054EC2FF5F179C65B1C0305EED8619CBE6DF504B0304140006080800A582275DBC88931EFA00000096010000370000004131303245464542
311
2D353333372D344538452D383431342D4536364632354445464336332F5265736F75726365732F636F72652E786D6C8550CB6EC23010FC9568EF49EC1085801C235AC207543DF566D94BB02076E447D5CFAF0DA9D49E7ADAD5ECCCECEEB0C3D77C2F3ED1796DCD00B42250A0915669330D10C3A5ECA13870E6AC0DBF685018
311
31E3001906CE2667E3B242D29A8026A3C62A5C41E13D0628E43D35037879C559542286C4F0B76A11F22626AC68F5E47116A356AB54ABE4A62F1A1DF0766C484F5E8F25D9F5A7B2A5E7AEECC7F65C9EE871DCD05DDFBDF45B5667316741CF3FDBA5431150016F48D3256D49B6EFB4DB37744FE907AB3393331F5CFA795D9ABF
311
03FE86DE4627D1B3FA39FDE31A17F5BF6BD4266C9AD5F5A9F0C0693AF231E0ACCE29A5F28830D59C28FF06504B0304140006080800A582275DC69C1CFDF7000000940100003500000041313032454645422D353333372D344538452D383431342D4536364632354445464336332F536368656D61732F636F72652E786D6C85
311
50CB6E833010FC15B477834D107122E3286DC80FB4A7DE2CE3102BC1467E54FDFCDA40A5F6D4D3AE66676677879DBEA667F1A99CD7D674404A0C8532D20EDA8C1DC47043148A1367CEDAF08B06851193EA20C3C0D9E86C9C37485A1394C9A8B183DA40E1BD0A50C8676A3AF0F2AE26518A1812C33FCA59C887185549CA95C7
311
598C7AD8A47A486EFAA69503DEF435A6F8F58CF0815E5043AE2DA27D73451772EE77E440DB17BA6755167316F4F4B35D3A25821A80D7B86E9316E1FD3B698F353912F2C1AACCE4CC07977EDE96E6EF80BF2D777A56ADB33F9E711EFEF78CDA845DBD79AE0A0F9CA41397016755CE289525C054739EFC1B504B030414000608
311
0800A582275DE611978902010000D80100002D00000041313032454645422D353333372D344538452D383431342D4536364632354445464336332F636F72652E786D6C9591CB72842010457FC5EA3D2AF81833854CE5A15F905576447A1C6A46B00453F9FC4034956497ACA02EE77673BBF9E97DBA256FB8386D4D0B34CD21
311
413358A5CDD8C2EACFA481E424F862ADFF814162E4842D4419041F17BBCEBB3458E3D144D55885BB289D430FC9700B9716DC70C149A672F58170D77496C3558E98D274E304F77AFAB20E0B4A8F0A04CB594DF23B921F9E697D64F448E90BCF2229F8AA8D2FD8DE0CA75754899D7D8804A22A78B63D076CD56A87B40A9FD467
311
8D0B887B9AB3AEEF1E4855140752764D479A9296A4ABEB9E554F5DFF58C722C12CB8F34B18CD5E240EE1AFF6CDF82BDA3AAB7F46DB1C0E04FD0E95C5390B9E7D2E219C7127E203504B0304140006080800A582275D3DBE835406010000B201000008000000636F72652E786D6C8D50CB6EC32010FC15B477DBE0580E893051
311
DA385FD0536FD41007C5068B47D4FE7D2171A5F6D6D3A279EC0CCB0E9FF384EECA796D4D07A4C4809419ACD466EC20864B41011D3873D6865F324046CCAA830C0367A3B37159A1C19AA04C468D956A0585F72A001AA6F4E8C00F57358B52C49014FE562E62B8895195A47CEA380B7AFEB10E4E89A024F01AD76D817705DEBE
311
91765F933D21EFACCA4ACE62D4728DD232A5EB8B560E78D3D798E2D763B2D153D190735BD0BE39172772EC376447DB17BA65553673E6834B7F5E97A49E017971CFB9AC7A529C7D583BAD82544A226BA62FE0985599F8533A2EF21FA5B5099B7A5DF87478E024157A1029385F308DC779D3CCD7E6DF504B0102140014000608
311
0800A582275DFB762DE13A010000A80100004F000000000000000000000000000000000041313032454645422D353333372D344538452D383431342D4536364632354445464336332F4173736574446174612F446566696E6974696F6E4974657261746F7250726F706572746965732E62696E504B01021400140006080800
311
A582275D652F15442D010000300200004500000000000000000000000000A701000041313032454645422D353333372D344538452D383431342D4536364632354445464336332F4173736574446174612F496E7374616E636550726F706572746965732E62696E504B01021400140006080800A582275DB5A795FFE3790000
311
DE7900006B000000000000000000000000003703000041313032454645422D353333372D344538452D383431342D4536364632354445464336332F5265736F75726365732F39343943314434452D323035352D343742302D414646422D4639384439304235433236302F7468756D626E61696C2F302F67656E657269635F70
311
6E67504B01021400140006080800A582275D28BB58AF800100009E0500003D00000000000000000000000000A37D000041313032454645422D353333372D344538452D383431342D4536364632354445464336332F536368656D61732F436F6D6D6F6E536368656D612E786D6C504B01021400140006080800A582275D1004
311
A04F380500005C1700003E000000000000000000000000007E7F000041313032454645422D353333372D344538452D383431342D4536364632354445464336332F536368656D61732F47656E65726963536368656D612E786D6C504B01021400140006080800A582275DF702076DC3010000E6040000450000000000000000
311
00000000001285000041313032454645422D353333372D344538452D383431342D4536364632354445464336332F536368656D61732F52656E6465724D6174657269616C536368656D612E786D6C504B01021400140006080800A582275D3D18BA915100000057000000470000000000000000000000000038870000413130
311
32454645422D353333372D344538452D383431342D4536364632354445464336332F4173736574446174612F41737365745461626C654F66436F6E74656E74732E62696E504B01021400140006080800A582275DC55C663656000000680000004100000000000000000000000000EE87000041313032454645422D35333337
311
2D344538452D383431342D4536364632354445464336332F4173736574446174612F53747265616D56657273696F6E5461626C65504B01021400140006080800A582275D2F4C67FD340100009E0400003600000000000000000000000000A388000041313032454645422D353333372D344538452D383431342D4536364632
311
354445464336332F4173736574446174612F636E782E786D6C504B01021400140006080800A582275D566F3F4BE60000006001000067000000000000000000000000002B8A000041313032454645422D353333372D344538452D383431342D4536364632354445464336332F5265736F75726365732F39343943314434452D
311
323035352D343742302D414646422D4639384439304235433236302F7468756D626E61696C2F302F636E782E786D6C504B01021400140006080800A582275DA233C2345D000000800000006500000000000000000000000000968B000041313032454645422D353333372D344538452D383431342D45363646323544454643
311
36332F5265736F75726365732F39343943314434452D323035352D343742302D414646422D4639384439304235433236302F7468756D626E61696C2F636E782E786D6C504B01021400140006080800A582275DBE89762363000000880000005B00000000000000000000000000768C000041313032454645422D353333372D
311
344538452D383431342D4536364632354445464336332F5265736F75726365732F39343943314434452D323035352D343742302D414646422D4639384439304235433236302F636E782E786D6C504B01021400140006080800A582275DE6CF4CCD7F000000A30000003600000000000000000000000000528D000041313032
311
454645422D353333372D344538452D383431342D4536364632354445464336332F5265736F75726365732F636E782E786D6C504B01021400140006080800A582275DED854B190B010000550300003400000000000000000000000000258E000041313032454645422D353333372D344538452D383431342D45363646323544
311
45464336332F536368656D61732F636E782E786D6C504B01021400140006080800A582275DE3603EBE7A000000C20000002C00000000000000000000000000828F000041313032454645422D353333372D344538452D383431342D4536364632354445464336332F636E782E786D6C504B01021400140006080800A582275D
311
7925AEF17F000000A3000000070000000000000000000000000046900000636E782E786D6C504B01021400140006080800A582275D1E7A0675A4000000320100001300000000000000000000000000EA9000005B436F6E74656E745F54797065735D2E786D6C504B01021400140006080800A582275D3DEE336E6400000079
311
0000001B00000000000000000000000000BF9100006175746F6465736B2D64657369676E2D7061636B6167652E786D6C504B01021400140006080800A582275D28D4F443F80000009601000037000000000000000000000000005C92000041313032454645422D353333372D344538452D383431342D453636463235444546
311
4336332F4173736574446174612F636F72652E786D6C504B01021400140006080800A582275DEA332B14F30000008E0100006800000000000000000000000000A993000041313032454645422D353333372D344538452D383431342D4536364632354445464336332F5265736F75726365732F39343943314434452D323035
311
352D343742302D414646422D4639384439304235433236302F7468756D626E61696C2F302F636F72652E786D6C504B01021400140006080800A582275D481AC541FA0000009601000066000000000000000000000000002295000041313032454645422D353333372D344538452D383431342D453636463235444546433633
311
2F5265736F75726365732F39343943314434452D323035352D343742302D414646422D4639384439304235433236302F7468756D626E61696C2F636F72652E786D6C504B01021400140006080800A582275D68DD8A610D010000B10100005C00000000000000000000000000A096000041313032454645422D353333372D34
311
4538452D383431342D4536364632354445464336332F5265736F75726365732F39343943314434452D323035352D343742302D414646422D4639384439304235433236302F636F72652E786D6C504B01021400140006080800A582275DBC88931EFA0000009601000037000000000000000000000000002798000041313032
311
454645422D353333372D344538452D383431342D4536364632354445464336332F5265736F75726365732F636F72652E786D6C504B01021400140006080800A582275DC69C1CFDF70000009401000035000000000000000000000000007699000041313032454645422D353333372D344538452D383431342D453636463235
311
4445464336332F536368656D61732F636F72652E786D6C504B01021400140006080800A582275DE611978902010000D80100002D00000000000000000000000000C09A000041313032454645422D353333372D344538452D383431342D4536364632354445464336332F636F72652E786D6C504B01021400140006080800A5
311
82275D3DBE835406010000B201000008000000000000000000000000000D9C0000636F72652E786D6C504B0506000000001A001A001D0B0000399D00000000
310
504B0304140006080800A582275D000000000000000000000000370000006662782F34313841323044412D333131322D343939322D394143412D3436454533444136443231322F617474726962757465732E62696E504B0304140006080800A582275D000000000000000000000000350000006662782F3431384132304441
310
2D333131322D343939322D394143412D3436454533444136443231322F76657274696365732E62696E504B0304140006080800A582275DF270F1330600000004000000360000006662782F34313841323044412D333131322D343939322D394143412D3436454533444136443231322F747269616E676C65732E62696E6366
310
60600000504B0304140006080800A582275DB5A795FFE3790000DE790000420000006662782F34313841323044412D333131322D343939322D394143412D3436454533444136443231322F7265736F75726365732F322F305F67656E657269632E706E6701DE79218689504E470D0A1A0A0000000D49484452000001000000
310
010008030000006BAC58540000000467414D410000B18F0BFC6105000000017352474200AECE1CE900000192504C5445818181B3B3B35A5A5A4848486060605C5C5C6464648383835E5E5E6262624E4E4EAFAFAF4A4A4AB5B5B54C4C4CB1B1B1858585B7B7B7585858ADADAD7C7C7C464646787878ABABAB747474A7A7A768
310
6868707070B9B9B96E6E6E6A6A6A8B8B8B666666545454565656A5A5A5505050A1A1A1BBBBBB8F8F8F9F9F9F4242425252527676764040403E3E3E9B9B9B7A7A7A8989897E7E7E9393939797974444448787873C3C3C727272BDBDBD3A3A3A6C6C6CA9A9A9A3A3A32020209D9D9DBFBFBF8D8D8D9595959191912626269999
310
992222222424241E1E1EC1C1C1282828C3C3C32C2C2C2A2A2A2E2E2E303030C5C5C53232321C1C1C363636383838343434C7C7C71A1A1A0E0E0E121212484A484C4E4C1616160A0A0A4A4C4A787A781414147C7E7C9193915E605E464846838583878987B1B3B18587856668665A5C5A626462818381A7A7A5A3A3A1B1B1AF
310
ADAFAD7072705C5E5C9D9D9BABADAB7E817EB7B9B7585A58BBBDBB4C4C4A8D8F8D747674B5B5B3B7B7B59FA19F606260ABABA9A5A5A39B9B99A9A9A78F8F8D6C6C6AC7C7C5451AD12700002000494441547801DCBD89771BD7B5A70B8EE04C702641712605CE034890E220088028C93245451215B713AF388E7DFD9EEDB8DD
310
CE6ABFF4B57D97137BE50FEFEFDBA74049B6AEED74869B7E87404D2814EBB7F76F0F67A8835CEEBFA0E42B854AA5B2BB5B6BCC951A8D52A93657A914FE0BEEE39FFE2FF395B9B9C6CAD2D4C4606F4B7FFF8D1B37EEDCB97587F7CD9B4343BD134BABE7DB48E3FFA7A228ECD6F6574E4786C0FC8B5FFCE2CD5FFCE297BF7CF3
310
CD5FFC92B52FFE58BFF9E69B776E0EF5F79E55CBBBF9FC3F5D3DFFB07F5898ABAF7CDA3B74E74EC0CE20230561BF096E97E05712BFFCC59BC80539DCE83DDD6E54FE61B7747DE17FB8980BBBFB2BBD4337DF487881AAE6C5ACC6AF25207877B2B527BFF1CB3B77FA47561ABBD7F7FA7FE146A5B6BD74E3164C7F51449AE95D
310
B412200EC539418717E7F2F11B376FF62E95FEAF1442BED0581DBCA1BD2780D23F506AFA16E1A7AD974EF17876F00DD7BCB187A1A97AE51FCED5BF2BC1F2BBE5B3C19BE27B43CF26DE00933658FE129B109C2FFF922CC22C4260FA01BEFB462A77DEBC35F42F600C3F5B0795D2E9E02DAD5E650B4438A92801B65C35CBAB7B
310
1EE5041CE69D3B6F1822DFB873EBD6AD3B6FBC71EBC6C86AE967DFC2DFA4CEBFF1BF54F6276EBC114E2F43FEC60B01A0D440A868B2920E5C4BC10D60931ADCB871F3268B21D3851B08E1D6AD9BFD4BF57F7577909FAB86F29B982571136AF01DF5FE32AC3BD9406CAAF2440A54CF176EDD01FBADA1FEFEFE21FE4C9858DFF4
310
183458A9FD2B6708A5A5A137E0EE1D11A9EC0C7C58B2C73C0AD6B479BD76B7790CF899E287FA5B06FB7B07C9195B7851FA8794031EF1FC5F9406BBFB23375420286399B631E93B08022A785C4DBF9996EC3551874094D71B6F487E80F6837E50F483BDBDBD83232323AC420A18C68DA196EDDADF68A77F938F78FD972BABBD
310
B7B87FB164AC6FC2CB760365821ACB74AED44FFAD7E7431ECD7E08AC421F391D199998989A383D9D98E8E56F84A318C58D9BFD2DAB73FF5222C8EFAEF4DE7AF30D756E5108683DA471E70D0502099A7240F19E4089D3FD203E620F1B47BF43501E85031AE44B4B9F2E4D2D9D4D51D8970983FA861B3706FF950CA170DE82F6
310
B312CC4F42C8966295F7D725ED29882415DC055F36DEA1FE96FEC141493F05FAA9A9A5A595B333DED5B3D5A533F62183323032F46EFF13EA0AAFA5FBF7C8976F8C10F7280A014832593B90004D52341980D907EAEB73411EB2F1EBC9F507F92746C40E7AE0AFAE54292BAB2BAB67CAE0746264A277B06508168C94BF772BE9
310
765F7BF0B548FE1E07F3B5A521340A5CB5297C4B12811B89E82191ECF3E41B3259C529F135E23CF4C7F961FB13537F5A02ECCAEA76B5BA5D3D3FDF3F2FEFEFB3AA22053E5008833428DC6C59FA2F770595F311F235D427F379BB8A121BD901B96076A388DC4C3C61C7933CCCD770FF375A6E0CE9F535FE2534BF5ADD3E3FAF
310
D71BF57AA951B6D4CFEBFB8864758A26154430080B06ABFF557610ECC93726224F155D1471041E0D42F82F4891C926C1355B0831649FF365F46FF05300A7A790BD8ADEEB0D4AA9569A9BDBADCCD56AA55AE377F5F3F3EA2A34983A1DE91D810543138D7F28E57FF4E2B5335A3928B76EA1CB9B00BF158C8F63A2E788826896
310
D0B5E7C461949ECE089144F8EBEFC7FB4D8C9C4E9DAD60F7FBE572B416C2F2423ECF8B86C439E450DA970634ACFDA977629098D0B2FAF313A36B3869E37AF7853378CDA1171FBEBA95DF1E44FD5144A420588641B0055A79ED91CC0DC41E27064512FB33F1F04D09D0D2DF0203A646A6CECE80DF28356A348CED8C4F1EF137
310
B9319E1BCD29867CA556AA97F7B757567006A447FD375A26CAAFDED9CFDCFB2BB0BEEE8AA5911BC2C7F85DF88A3775389990AA72219D582409210F85A4E66F2987D875C30848023088FDF77E87F96FD7CBA5B9DCCEF4F4C9FC7C676777577B7B7B67E7ECCCE4E8DEE85E81A6D55AA3BC7FBEB242589CE8ED4770E785D7DDE2
310
3FF2587EBF57F50B9E820527316488E5C32D50F979BCA58207297E2B6D658702FFCD211840FE43FC9F3A5BAD9E97E6F21B9FCF16BBBB3A3A5A175B5B1787875B5B3B86DFEFFC687A72674F19D46A8DFDF3EACA59E405375ACE76FFA922C817CE86A89BDD92F400F2C55B7462F610459837D3A61ACF50C7471C8F2F2A9D38C3
310
DA2F068007F80EFCDBFBE5DCC674B1D83EBCBEB8BCBCBC3ED0D3D333D0B3DE33BCBEB0D8DA35FBF9F8CECE68AE020BCE61C112A4C1138CD47F9AD13F7DC6AB9CF9CFCFAF9D0E01FFE6CD503F5B91C5218E2899CA15098714848B04FCE5654884ABF0E554F11F6C21D73D5D5AADD64B7B9327DDAD8B0B7D7D6D6D07070763BC
310
0F3E38E8EB4310EBEB8BC3DDB347E3E37B5842B97C4E44A0C630427E5CFDFB71E03F471E12CA9FF70E055AE141042DD81234B879EB4606361D9328149037D7D76A571A7E974FA20AD0323832713AB5BA7ABE3B3E3D3FBC30307070B0B9B645D93C3CDC3CDCA41CFC6AAC2D64D0D579B4B1B397A7C1BDBEBD7D36657A3CD4B2
310
F44F4909F2B9CA597F4245C59DEC354316F0587020D0C661742BC02869435FD12CF195C422DB3C5A3E2305C000CE6B7B27ED8B7D63079B5B5B878787C787C7C7C757C76C51B60ED60EDAFA06D67B965B3B672677080BB5329E60E9B477847AE2E9EB53E35779FD37EFCD2D0DDD68AA355B6B0D81860502B8B68C801F5C697E
310
9AD62F4B406244CB975560BAC756AAA577675B07C6D03778C17E7C95CAF1B3ABABE3E3ADADE3CDB1B1B6B681014470343EBA979F8B90383545727C63E43549D14FD0F927E5F1FDEFD7263058FE02EBCD1BDCBCA053496BD58E69BC44F9F854D4D979AE9ADB908824382AC1D4014E9756EAF9CE85B6B54DB01F02F8EA5908E0
310
D9D5F1B3E72188C3C3AB67879B07C8A0A767B8B831FE5E7EB754DEAE5261460243FFF07858D8EF0D658BDC563A2C5EF5833C13C90B69248C4DD97842B61DFA7F210A2F6108A0F96B62E2D3B3F3DD939EA47E30ABF5AB2B903F4BE5F9B36757CF65021E616DAC6F60A1FB647274B4B05B2E5341B082D43278F67D8DFDA48AFF
310
9A13F22B34C7586C9992BA6E66CABC190E313E7C811AA57304B421A75B289B9D174CC868C24548823E230B9A5A2DCD2CAFE1F98E61C015CA7E96B083FC59F3ED06EE60F360B3AD6F79787ED278D0A86FAFE00BA9220EAEFE1D5DE1F7855939C3FCC1332426B377F692406E022C010DB437EF009803F0DCFD3B7C94440571D8
310
F2C328F115F47FD324802070BAB43FBA80EFDB92FCA1F7E7CF9FA875CBB327CF9EB08C4DE4815BC4210E2CB7CF1CEDECEDCED5B757490968286899FAF95583BF46F9393CEE6A86D6F618CAAD9BFF0BE22B042412C5CFB50556815CC5BBE33E9F61ECEC26A9BCB8145FD10590078F9C9E953B513FAE1FE387FAC246E14F9E3C
310
E7F5F8194BD6594140876B6B84C5D6799C61A16434201E5237582AFD75C07EEED9863F463284E2E13425A036BD41061259289B6BDC1ED656FC8B8592C9D00701E27CEA749F0D8EF44EAD8C1F80FFF8F8F9D513191F6803384C800097F24069C407CFAE88136B7DCB3D5D4A60B711F19070D83235F77331FD35E71596688903
310
8E2E0B346EAB7936C4162043E1A1F144093695443A570144898BC4079CEF1912809A3035A1D3F361235F90FFF1E3E0FB93C7E2750719F88E7D8E68123883ADB5B18185AE99F1D11C1238A792DC4BEDE8EC6FF503DF377E0445F68FAF4E08D43082D02170F30131A154206CC559A8D9CFDD762B31273E4947A581E0D9BB71E3
310
3FFA07CD02CE2A6BE1EC80167497F2A81CFA3F7EFE58D0CF5D5D170DE4F89070B0BC4040CC17BEAC6B0586C3D3FF0309BC06F44B04A1E13729929B4DF73C44070692C810B08AC3012E8EE9EAE22067796288C193B2139B970B86F47FAD0F98382B1E035D9C32FD318A4FAFCB274F2E1FA772F94411B0CD42493C23393A685B
310
5FEF3E1ACF554AF5F3552A478383374E6B2FDDFC4F6DFE38F4F4ED7A7FE838F488EA852482F412D3CB07E293D02C9F074F12E84C5AAC423271450572A385449844706475FD38DC3C22486A0639E5F1E38B0CFE93CB4B25910EF309A2224BD8DAD40C682C28341AD69047E8539A6AFC14EC573F7FAD10AE0FE6EB13E87B28E0
310
93B513B5803514DE408809BC12A14876DE0A25F643009E9176D9F0C330164285A7444DC8CAF0E9FE41429EE0A2F6A6DE91C0856C501272404A8468822E24C807030B1D33D40D4AFBDBABB411D093D88C86D7205E05FC57EDD1F805FA4CED5920F0CED39157E007CE21757C5DE440ECBCB46CD283E378029B43FB077B4F47E6
310
0E9F61E8D01BE017D7E843EB49F50A2028F1E442FCC90C9EE308E4C0C2C94EAE30B75FAD3A0EAFA57FE9EF960F14BE15638840EAF3BA490BB6850EDB38EECAFD21A0C746D0C4234DBD035EFC7EDD121FA585FAB73DB89FE6A03CF833AB0730E5E2F1A36CE3F202A128934B44E396961121E1F2C9F32BFCC0C140CFE22C1CA8
310
E109B182919696BFB98120234F61B59F7BF46EC30CF067B21A33B0FB3E402448EE266CCD93135A8E823DB31F85E677434E608F53F8100BC0098EA2FD6BC01770E0F2F2D1E5452A711C4BB8486248FAD756D852026B6DC90A2AA5C6B69E9068B8F27AFABFFEE8AB36F1D23985D5960014FD711940800B560250D2272CC54FF1
310
D3A660B275AC3881E349689C1616E1E9044129D032313509DE4700BC867C71F128C400159407C761022BA8A040F40A244788808C60B3AD67A17576279F6F946923191921B0545FC2F12AC0EFEFBD7262B6935679FC7F80629160ABFAEC88E8430E76D82A8DE62ACE50BD4A42FBF03B387B37FD321B37E31C3F063D99703F51
310
60E6C9E5A300CF32A91E0A085A29C0FC507F6C21012303C6104B82C1F1E156DB3229D1A855A32A8352C9077AF733A0AFE0FB3EF81FDF2F0F82C21B0EB06998866878B103305E31EC17F4FD43831E570A2118D1667632D4FFFFB125782F96168A833DBE78C3F11F8383A79D49F58F1E3DBC780417AE6581381E8610604888E2
310
913E12492881274822C221AD04CB0B1D273B8542837460898C686864FF6F801E8269F40AD0481DFAF5E6E9C1F3BE391C325004DF0746A4E4448F7B52C0D5EAD39EC46896B888C4210D68E99DFA2820DF7FF850EC407EB55C3EBC5028611409BFCB8889C90F1C52355AEF98B18100094C9D0EF6F64FD47E5CBF3FF5293DDFB4
310
B50DDD54F351446FA1F14580DC3902C085F593CB24ACC917B213BBC11B3F0A61042FD8B24F4FB9C4556D0CB9E1A880DE89934CE9607F18F81FDD950DD0E1D143F41D56110E227C250621FF098838042BC85B5B6BCBCBC31DD37B34966E9FFD9936A2FEFEA9EBA4182E5CD3E17AE35501FCE0707E5525A7DBC64DFD077825BE
310
37CE0BBE1BBEC061410C660B6E49912665E2B3749C7C9F93834022F74CDE6CA5EB501D9CBC04B768292C5CCB84478F3CA83074092C6082169015E5800D5839DC6C1B58EFE83ECA513BDE3EFB8EF1242D2D4B3FD55AFE03D42F8492AF8A3F21444FA2FA9ABBF525EAF84C09F0168527B0138A85D1EC0443C467B28BF844EAF7
310
6323BE13D7C11F72FED783837B970FEFDE7D7817E077C17EF7E2A1C2C0FE851FE4C008388C15E818958746129E1009D054B67530D6B3D8DA3D59D82D9D57CF70039FF50FFE0DE94089DB269C3655A4F25B38C49D0BD48E59F1526887C18FC5272197F85CA72862A593A4843CD25F920487DDF7AA0441A2C0600D062001F103
310
FCEEA3D8560CEC3EBACB01CAE5A51E420349F602191E5F901893142381351CE17047E764BE50DEAF9E4D8C38B6ECFFACEB141E54A6865A88A60133EE9CBB4C256930B0B168C1C3AB59FE1743FB422C7166082E934AFA5EFA3E4BCE0B69362FA7041818B7FDECE1DDFB4D022007CA23E521F0700AAEB5888BBBF08023E128B4
310
045381542FA256B0D04E28A0C3804E233A1BFB476A2F48FD135BAF9843BEDA3264EB42BA499601F16B566E72C7EA35908ABCB9176BBED43204C696AFD3D7B24B08D3AFA44BE243D88A6D9D0B6562B52F741E1610C0EFBBAF2B0829289A640EC4C8A4FF66A24430786CEBE1E1E61AF9507BFB496EAEB64F8F49B4129EBDEC06
310
5EC1F8A3F228A3CD0950883B41BEC6D1944AE06147289600A7726313AC69A3F91197F1438BCB743E76F01F6EF1D1C854071670FFFE43FF1EDED702EE5A14C85D0C42DF90B86068800659AC88981855E3E774A71C0CAC2F76754EE7CC87C808D1E1E0F6CF47FD4224731337BE1E39C5010823EE997B1491BBD99FC8D8EF7748
310
2BEB5EB2CF66499A8E0F7511B19B3EFBDACB6507BC78731B1B383D02FFDD7BE8DD9256F7D0BA7B46015941097B80018F700FFA024CC08078F51806100ADBFA163ABA8A3B95B9D2F92AC30BC908ED31FABE0CBEBFFF0279B675868F9AA24E9530B08C174055B7F48E4F58002F3E82F0BDFA003E8B431EB6C4A91E4D9B5FFB79
310
1265BA8827BBE5F1BCFA7F789F72F75EC800F8AE43FFAEC42F13009FB905A9A0132015D0068ED7682AC608BA6771038DEDB3B33082891FAB1ABF5614F93238079726B833958796B845B731FCB86316713C1DC581B1E19B424EE32674093F80776F7E27C6FBFAC85C536CD955B96EDA2A3FBF770FF4BE11845470EB3E42D022
310
000E0FE07D161811020742162444668308801E133A4C163BE68F6826A5523071CA78B2FED51F28F8C70FE4190073A3E5D3259D7A288CD19BDE623F10021BAB0C6E327FD507B2741627727EA00D31856492F9F009D7F152D930704E642795C1C1B336E0DEBB7F0FDCB79318543B25341F36802D64A981A690B94259607DE0B1
310
9D466BF8C1C5E1CEF9A3FC5C639FD6117B4BAEAB453F8EFBDA500A67E8BAF76C8A06566E36EE1184E8329419161F83D843D5DE7D8221163E145F56921C3EE383978072129E290A9B7166E63D26BAB1FCDBF710009E4051842390031845F20077CD079407C575F20364C4910ED2A574BC357630B0BCD8DE39335EB175646A69
310
8458F6A346F003A93002E846FFE0C459B8006E506D79BF902908A0AA05CB5E73530E33BA1D3C2EF99C712B7C8B41DF4D2A7830BE8707485FCFAEEB85A09AB6D39BBF7B4F23E00509C20DB04E240822A4B810E04D8D53D10D504C059ED86BB8697F514777717A8F8144D48A4C89077F7EDB00E2D89DC02A7B975640A282C49A
310
4AA84B70B12BFED8EA6584860DFB7EE23FCB00C6BAF7332FF259FA3C9346508813E372F1DDE425065BB61FDF8300F7EEDDBE8D0C6EDF46F7D8823478590AE23759D60DA6B7A9F125EDE8F4A5D2B37470D0B63C30DCDE3D3D59A8D1501EB1B0A5377517BDD6E301F995E3F955F0F58FAC2E81CE172A8344AC03DC6781939D24
310
84B8FFC15E8F3ACCD3954CE19576B942D0A029188EC7013FE59AE90B71292DE774F1F63D60230180B30A2EDC65291B6211B4081128856001A680015CE000708254891851D4B3BED0FA4D7166B466BFF1D2A924885AD12B387FC0FCE6819AC3AE06A7AA4B715F0927B74D119D4A668FB54B8A8C268D8B038A207D10A7B1E95E
310
42195B695BE0240F7408B311257C23F581E987C180140C584A02B1670CB817CEC0A080F259F1360E58452013200E3EC107AC1DF4FD7B0F6D23F33347F9527D9F51E6138E31AF35F1BDAAEEEBA3D71BB402E2FB47CECEE96B4DB85536772B07C82A34F3E66D0BCEC207FEB9E70643761276F7B50D5EE963CFF80C7AF4A2130F
310
5BF8C4EBFB5F07B709840480DBD8007FB7EF3F90104908BA457D43AA2A6A02C91422285E5AAC143F3313A0CB74D9D164933B86C25587134E8D342B453FC982860D09FD13ABE72055ED020E85D3E312F74C25CB0293D978A1C4001927C80B86FD06349126EC219F0C735C8053D8F5F310817EA01F1B7851F406144C211C6362
310
C27DD51F1E310C0102280ADB891E9B085CC528A2B1369A46BA195B9A2B351862CE43174BA73FB7CBB430A5798F4C54B7333B96C3224A9863AD02B9FBD8E63092191924E77C199D92887DA594B6DCF0112857162FD0949FE6A441F5E62E42FB2105BC405A2301A3424601DC807912CB2C39C604A27908021CDA30C4C8C2019A
310
883B3A8BD393BB3546136EAF561980FB63E9E035FF73B96D09A905ACB2C11D79571C5159026227DDBDB81396EB03F14100BEB66DE1FA9EF82C3ECCBE318119C4269FD014E66361FC8BB0B4EA9A98EF3D8848A01360430284335004C183CC25BCA82D2302EB03B8419241C64DF4F5ADAF77B533BE786334BFCBB8DA72BDBEFF
310
C36103AFB30608A0B39B58D93F0BF42180841DD26BDC22CF0A770E90240006BAC65197D90920131C7B2EB3CFD3C71C6378A305EE8488FC1FF8D391E2BDDB0F6E3F45E7C8207C419800DB410073A3173942CA8D5242642A74496FF115832A6314D9FA4257577BF7FCF8F8E8CEE8DEDE5EBE76DD3CF892BA7FB8B90F629431B5
310
525E92A15A3A4A6FEA3FDD73136172060959206591F4C927196CF645AA285CF3014630121754261C0D31E1A7E3DA2DBDB54B04703BDE3A4209F02045C4BB0F529A14BED07098A2A1CD47513DA64B512F409BC01663090796D787173B5AA141B1B39BB470EEBCF1E30F9D263ACC4D05110797CEF7B923B027F089F74D1D06F0
310
A4D8C0CDA6604023FCA45B76C5CDE0BF3845ECBE13E0C0ED73700A8A753C1AC8AEFFF1B407FC8A20F42F0D94019121DE304077A027D4112283BB8FF0072444D68AAD111D6F591BC0061854BBC048EBBE9E81F6A33A95C21BFD13AF3C7E7DCDFFEB0DE8903F77B41DF178E99C289895B0EA8CD640549D68935BA7C5294E0A1D
310
66DA0CC419BD398E6265789CA1241441AC94532A3C19C95340BEFC68703077EFC1D307B71F3C500859C11494838E902203A2BE90EACC5135B80B078804340C920C2300BCC06F7A1C71B875DC572C9BD1D84BD5FB9363CA6BA7D03E5C40FDFC54FC23C9B4B9DDD028787D89219038523BF64E638BB37CC25335937A00DFD328
310
69C5B390C8C32FF25C8C47A7181B4A599A224A9DADB0E0406FEFF9F183B7448F081E3C55024FB33828784AB61704482CD0160C04174F9E33BA9291D58C2F1F1B1B3B5863B0D9F3E51C35C253D54A23E560E2C0CB3A6F7A81382601C2079CAE96B7B1560D20A341E85A928A4E01083256420576C2ED477E2E565FD9223BCC69
310
1CF394D3D8E281501E0EE5C1C8159E92585D255CF30CC854C75318006EA4A01028EC853F9407C6053910BE105348324002260254886C156260F9189EE0F8C9A3CBAE9D5A992184568A69D5183A7DB97DB089FDC57AEE54F858FE54F577DBA85309640290F2D220952620750C5811FB772A7876D1E4040FBFC6474D51246D8B
310
3FB378283FB514F8AB3C20B8BF7DBE5DE541C9A5D3D38DDB30E00151E02523081BC89C2214103E0BC1B3D0199A08E002681A2613A2616CEDF0F0F9C5DDC75DA395C25C0309C03DEC8091A4AFD3FEB504AAC6633930556DAC86EE3561941E862C4A75DD6B6BB3A0C59BE153DFA73EDFCBC3CE2188D3D378FC976D0EF9A95B7C
310
8532F527CE3CF539581E0FE501291E9139FFB65EFF5DBD8E0C18DE3077170A64E033FD278F18068028802F156C3809FDEB11B1019C208D020C9BA2870457F0F8E1FDC7EDD393E3B9FC9C4308E9315704233F960E554802C14716B0B45DAB5EAB5E25AB7830EBB8D25E6CA94E4AA01794FB1EE164FE9F040FE82C940A4BCEF9
310
13075D087E85A7237D3CF29C47E4E676777779528C4781761F0BFBC1D3A77880E40C9A2E5109180D5255317890394229F0F082010354082D574F1E3FBAB7D6553C2113DACB97BEB5526C7C6F69F9310A94C46CD89FF8F379AD1AA035FD00FF3F320180F01417A6F255A3A8D86319FE0C0B0E06A0DCD33F79841339C01E5BBE
310
1911AFCFF7C1E0A540BFBDBFCF2372352686D863F83F59CB6865F43104007EE06F52406F680341102048A01BB048823082CBCB0B6AC48C313F3E7CFEF8F2D1FDC3D6F6F9F9D9E98D9D7CAE5EADE2A6512FAD7AB526E17F600C85550DDE9ACFE9D97E694513103BC69F8A2813176032C890C1E9C49FC09C61670FF8705B1D73
310
86260E7C8E7122C7F8208A55139E8C8D4763F7EBF5728DF9C34677364E3A3F9AEFDEC9CD95470788834F9FBEC512379890B38C94205B2557987C4186DF5C0837608DF0F9F3CB87B7EF6E920475752A01460E556919B2B64296FB9FB70DD5F47232A0F77465BF140CD001F00ADCA175090E2665A14E6329B62660E02A1CB50C
310
6025E3DA252A670B3F0FFAA5EAD94A509FE7036B159E0D1D9F2E76B7AE1FD5A606198D3A747AF450023CBDFD162278B9446688111009B4029B0F2180AE20A542D40610C073B47FEFE1416B2B12200F3C991C2F54EC2491027A816B0A34A9D05C6F437AC23462385DADD75642EDDA738AF1600DBE07EE8437804D2D011A94DF
310
71C2085EDD40266A407FFA1D1C00B0C03927E60338E3B9D8C47D1F8CAED578E06F7CFAA4BB63B175FA7C301B747CB377F45192003CB8FD34B12009224543D8604494011A80C1903CE0518C986208E1C5FDDB8FDA161686873BBABABAE74FA637BEA894A44078C19696F326E057D7F95D061A6B0394A9D5F2DCAAFE4C2388D8
310
A6E9AB7695CB0BDD0A332430F1A9333DA41D1FFB97FA09AE84E738C75C407C260408F8DBD5EDED7DE1570A7BE333C54F16963B46AB0C2B71208EA3D16EF4EEDCD7005241166C005A73C03164792151205C007288AE337B4D7103741BDE7B7AC913350B348B2D767515674EC6F72A0402BBCB41C81305AFCF05F2758D3ECAC8
310
D26AB97606DB9581A4B7A8FFB068CD5C0604E6849046B70C2B60FF0CDDF93C13822B4E82FA0479A68220E66D9FD775FB3C1A9CDBDB9829B6AF2F77EC9E0678FB20ED8D1B1A1A39D10F9812E20D6281F5673121AACAA9C53424000DAC173F7E18C3052EEE3E78E7F1160F5AAEAFB70E0F7775CFCE4EF384DDEEBEB9C0889D52
310
43BDF557559FEDE5F17AB21E118C4C31A3DF6A96B56AC62180293910ECD6B721047664BCFCC6B2DD3C65CA0F0C823DFEF84083C7ECCDF05898EEF158F4FEF97EB9C123F1B9D1D1A3D9F9AEC5F5CEDA84A3C96C14A55584D62893D6A54D8D2028D05C8B1F124884543F3223B29D208B04910D3FC43F5C52196AEB5B5F5E58E8
310
E82610F08C21BD443801233C0CE8BD1E40F84A1CA86001990048031ABBAB11EF83F9283EA89F181F2A0D9A9F62D94B7F625FD727E6A93F63F200F614F7CF100D4511C07DB45FC5F0CB4CA359ABE4774631FDAE85E599EA0878A3C33D5AD6430CF4C055EE5FDB80629000D7855DED3F436F3B61B3DC7FFACEFD2B1BC6FB0696
310
312CFA477CE87A87070C7998E04FBA78AE3F915A065E819FCF35B410321D9ABB308146A11AD5196CDDD7C477A171C8AFC74B45CBC6F641AB53C8D4ADA5870C02379BC0470CF83DB55F073E29CF5CE5F7A3F8FD62EB7AEB1774C2C6780B9523F9287193FD23DDB79FBEA513B45200E2E0C1B51350163AC19043C600F2C1DBF7
310
DEBA7BB9B5457BC0D840CF325EB0BBABBB786D301437000020004944415472B491ABCCEDAFC0591201CAC8EBFACBF367FE7B6E40E69F551BBBE7123E3C00AC560CE20C62436E8C3C54CC225EE08C0D74CE26148877689EDD004FB2BFBFFFBB984035373A7954EC5EE8591FE531348654514DB1D1C56411DFA2A7C212BE5ED9
310
1278F2851A432244C6822C29C85A8B320ADCBDFDD63BF71FD32648E7D098CD018BC35D7FE89E250EF2AC75F96C15271602687965C844B8807C6E7729D93F22E81D39ABD62A0820C1FE9F11CFA7208125D33E96FD69E83AF6052DD32D49FF0802CD9F9DFD39260389A950887A647CCC99BAB17132DFB5DED35138FB3A060F62
310
95AA5E195BF0BB56495A5A4A8FA440026E46A047D40ED2520A441C302D240F201FB8F7E0EDDB0E12A04D8816215A0579E8FE1B1281E9F19C9900DE79842E2A7CCD48E9876EB01C75DBA0E0C8D44AB5512947A00BE7CF5DE9E1A6A6BE43CF1A78783DFD5A404E4477336C1ED8B18908B2A847B2AFE9839E891137A6673BBB96
310
FBBA2A4B8E9373B001F08369BA11BE8ABC4302FD2345FD6014A127068427D007BE28B41D9B0D40FFB7EE531FA673C8870A69135B1CEEE8D009C08042A5B4EDA314920B635BF941E7487E45256439DFE9D276295F87E698389CD49FB394FE19720412DEDDC40E9CE9C6DD605E0B719FADC416CB15AB3A61F9B5B9B9426E54F8
310
1D8B03DD950946D432B40CEDAB7BB5AF11213CBA73C9BCCCDAFBCF06127C7980FE6D1DC9B4DF14832D6568FEAEEBA76FBF438300B541064ED33F3AC0B0D10505306FD370AED02859234402F6C3FED006766DDED2034D90D119057225EEE3DAF787EBF30EC51ACB4F551678BD6728E1944730C095F13E4D81A4DFFBF67C5BEE
310
37E62A85FCCEC6CC6C7BC77A5B477E22223ECA4FCC0F87E2A5E3EB782BDB25B8CFC6736A044DE5A7CDA604526361D650484FE283B77EFBD65D52C1C73C4F48E7D0D81ACF572F2E2280F98FB230508FA906B42DE240ED651B301CEC83DE1790C9FD96B6CBF986BECF3BD332C18EF627A0B6EECD5B152E02088D03D828AFFAD2
310
6B05BF671B4F9A09A8CE0CD2707F67F2A4B3BB75B9ADA331C1305BBAC182FB4A79820B7EEAF73199B8404C0B81231CDCBB871B80FC41FF5860E8E108222A1A076C29E6E03B6F3FBD4F1F295DC457573C7ADED636D6B7B8C88413DDF3B327E1046AA51040B40CB50C7E3F1D2E44DAD34CFA604029BFFBE714DF0C069908027E
310
B275F1F366C132E1A7450B04011CF82B2B647CE754F650FF6E25BF37AAF65B7BDA16CAA791F1D09F6CAB989EC5AB7809BE145FA459E8D3E4B0FB47DAEF093B946FED585B80FE1A0305FD5330FEDB4FDF79FBF6BDE81D8300CF6815E5F9896552412A03F31FCDCC7CB5E32365550CD9365FDCCEC8752E943161D78047336F8A
310
F6539840A1F2E764FDA2970999F205CD2BD1F5CF496571F76EAEFA0E1CF8FD2A55FD06391F9EEF8B9DC9994E72BEBEE1FC928E2F223EBA0FBFBFB4F2DF137BC894B8087643D64ADE6EDED67F7680FAC9060239E845FC94AE93D880F994FBF71FBCF5F66F9F32C292EA900F9C1E6F1105E81C5B5F58A067A448143842008D72
310
75EA3BBA3D2516FDF02FF79260020D6B3C714711F3CFB61BFF56A826E627E82256F7400FB387FEF23C1C1E77FD6A21EBB1B2B35F2F95E7760BE1FA3ABB3A981423477517EEE36FF96F122B942F6FB64D9502BD1B9089162532A2FEFED255028FE653C9F46FA321E0B588B7DE79FBED07C44106CC85133CA65190543004D01D
310
02D8181DDDA5A9C91A7110805B7875B689FC3902200FB192E7DFD936B37B57D9C338BD49E99E181F4E5FCAB2ABC1CA7AAB382CBC7D515457CFABE6FBC63D525E5CDF74B16378B9AD6774A58531912D232DF01BAA913DFB7D3AAFF912984302B84D0500077800D26C60A4742101DE420C610C2E92FA93056022EFBCFD5BB6B3
310
8651470CD33BD87630C05831BA864C85997B8754B05167F0706499DC442FCD22592AEC2ABF3FF13F950039BF159FA9B36ABDB2778EFF83F70972B83BFD3F4899E64DD8346AA495CB155A7499F2CE39B0AAE755125EB84FD8CF8D8E4F4E9FB4B72E8F1DBCCB98B31BC4607C2CFF21C8145FB48EA0F2159F86A3098415609554
310
DEFA7B27EF1301033DD06D274BAF6821D220DEF96FA4CBB60B3CA241C021D38E1AA76B4406B4767576166766A6C7F77273F5F395291BBA19F64F2E3095C14F3E60371827741CB27E89543857D6D96BF9A47C6A9A26057840332EB843717AAD171880217B71FCCC0355AED3D4819911F79D0EA8AD6DA31A83E36C5DC2D47029
310
5C011302387069158F6C9966022367ECF1D00BA9BB95C389AE7B6105A1FB640689033A7FCCFFEDB762189103A61C3A4FEFE0D6A6B5A19EC5755A443AE78BC5E9235B047890A65919A0D2F96AA3C01CEE913BB3ED239C3E0CD8DDAB99E4348BF3F8B977B6C43DEBEFBD7721A839A63B94C06A10DB87FCBFA3C2932F8C26F88B
310
6D6BB30C3C4E09AFE40FAB52EFAA1EC0316920E031A46D65A0FFE45A673432E907FBCF86717AC04F2CD0EF512D665FF53F05BFCDC43489F150890C60A8E0314E70A06F619D30D841189CA15D3417F3CD50191AE4396543F0C42BCFD696C58DF163F5B46D708BD5FDDA5E5E5FDF9401BC4F7E00E8A17520833D1CBFF495B5D1
310
CE037C664123EEE74737268B5D1D3DBFDA6AAD8C08DF2C0BC7A737E10AAB2A7B958990CEBF556CDBEE823CB09FB344143463C630CFFF585D330CF0320E921744A7918280FEEF981161008E9FBC78C830217A07B7D6985E83F9A79884ABB5AB383B4D7D788F9FB3D867A2112A43F19042B33A108690CF6F472F8661CFAC9714
310
78757F6E6F2F7AEB82FEA85E5715941778B278281F28C268AB24BDB470EF3303E09C359E9DF1CF990D8A096106E6A66C8620DDE7D281DF0B2831F20439A30D68386CE13E002F7EDA8D7806162B205D6A19AA1FABFD6B1B400EC2BFFDD66FDF7E8755B4883C043F43046C1326136680404F1F934EBDDFDD39CB58A98DF1BD78
310
80E0532E671FA1435E9D6EA5E9071000BE8F262E7C4044FD95D5FD526EB40A05A634775F32205C3D779FDC168CD5E56BF982508BF572BDA4F6F57D3304BE9EB18149461B12F760D7485891CA47CFC44909136FBF4931716A2E100123FC6CCAA6A644F25EDF4AC980B14039009BECE8B798BF69A05DC5B6885CD23F8E13A46F
310
F0C0A986D617F001C52241801E87C2974C31411DA3A5D7B6175472763D637D3E57C33B908F867F4A59CFCA7923375E5F027A983E18BD7BD4E6FDDBB2250C1529F4202EFAAF979DFFB1F2612E87EBEFEC58581EDB9AA95AD1D7C1905F7305BF8182D5BBB524D47C4E3B81CD843220DE1E6536497C0962C225F75A2D6A998303
310
B23FC501F0B3F736EE1FF01200FC8C99F5515207C9C40081DF304C0A17D06E26CCBC5B3C47459308178301FA8057C2C0AE9D99B05F038828B08400F2E3251254DD7EB8BC4853B101F99AB48E387457C96951E5DB670648BAB70A7B04FE93EEC5F5B183F9739C98952C6845C380D401B8FC86E70A20744EC720E09D35955D96
310
A9041720196D183AC2CFE6AEA816652D0234883D788BEC8F5DF2615261DB031C2381092401B48D8D2D870FECEA9C3D99DDB036C8A051058030E32190976718C89F031DFBFF2EEA3D88606A8A19BD0AE305BDFD12BA4FF46F1A0002B07137989C748936E9DB2C91F43B07E4E4D16C3779CF5A4FFE8CC981F07C29E34B7C012A
310
F0054FAEA4A6A3D49D3A16D2B3CF220A029003366663053C89B3FB1827080DEC2780076FBFFD8E39810CB0593CC68B5D9009F2D400418028B0BC6CC74067E7C9CC0C2690FBB084AA5254A12AF63543B35EB40D17B693F7E3464D5094C00AA9E04E0E0524F5C35C5EC6BA94B21AAF2440725E2A9FF94FE7A8F0E769EB83FDEB
310
039B631B18BF396F5C13CF89ACC02C387DA56DC3B1CD84B96CFAAA37B55FE723B611062258257D331F186AC93D8AD600B4FEF4AD777E4BF68F2168FF08C081A37AC13446C859964803961928476D78F68419390D830C1935B5C2A0A22A3AB17D3D6428BF12DC373B8D464E04C0A496BB3B3B75639DCC2500E0F0B15FB6F47B
310
5A7ED0183A87CAE8D535F2EDBD4B3B7FC762DFE65A07C30B2851DB890082ADC07131EEEFA3DB7DD5CD32C0860CA83CD4B7993A175F422A8149B1C1D94C1145059D9C78A8A572A90B7C8B1E3392FF77A80C50220880FF3669004E90F101740D2B808181455A044904674E7482CC3EC85C4BCE339404C0B0BF6A5611E4F9B815
310
7BAB6DE327EC9BFBA1B4557ECB609C1F45326499EFB90EE78F18227F09E563C9E63D847EDB3B68EB9C39E95AC4F7ADCF7D87F6752BB6912040281E4A0D8A8314E80D60470999B8A51FB1488A66A9F3F81FFA61C83F4FA6969E472288FADFD61B005E0EA4284822E018911828E868614DA0C36E11F3A051070BF2F0840E35F2
310
00E2C0C80A776CC9E7E6841C0503D0EDF15ED9AFE527E798D23BEE5F0604E58DFB7099D739BF0BA5D332EF29F1535995BDBD0DE681C4F71DFE6A7AC5A13554AE6910963E9ABC9A0DB5B202225545F5CFACC942B5B93C207352B6E5310BF349AF200175D7DFDF78F6D683B7C87E087FA9B35812C4F8F13452CED610A2207541
310
E6D659A739441F3833CD0C9C3C3DC2B0712F62333C4FA9327C9CA1124904B4FDE0FE21C119776CB0C212AAFBA5CAF80EB43772ADFE77CD9FA8A4144C54C2FB2304C65F62FC3678E4F6C68F30FEE1BE8383CE7DB86F58B1AE0C51F0F055E188D02F00911DDB0991832228B3172B3E623E513FF1734FF414A611A603163F401B
310
EA790FC9FF7FC3FD3DB02DC00184145B850D01D120424DC03C00FCEB7880EEEE939399F1F18DBD4AA54C939899304D913CC2D5CFBC55E50C7FBE4C0E14AEEF53D6843DFF56BE2D554637EA047D3C210E2C61077875FB5B40E19F43AB7470CAFE1C0D3ED3B3B4778D1DF6D4F837C08747180FE8394F2CA1E0A46B6DA62CE2B2
310
DABEDE0B1924098580FC16B369730E9E90541D3730D47FDE16EE1FFAD3419CDA05ED1F2715C607F2E81893AFC5936303F40EB776F1D808BDE393A3FA401E1C706E154C892860AD74A2949C409E28A8FB3349C764D13E4D1D3468952B7B1B35001BF41142CAD58D6011C8B78961EACAB66E9AFBC627673B61FFDA4167950A27
310
4145BF11EA17BA9AA60815C2C43AE1F648E3772E53C94E6364AF826019E723069A8AA353A3BF7FB5359281700061FF64C28C10B9AF0B70B0B0D30A31CD1CFD22F68C76DA1E44558869257892363C091D313EFA46B57C3BEB252E9C6BF5B4799EC58F1910F469E25AA17B343799DB3E33CF410061F96C6D63FA91B1000CEBB7
310
D2971BDD39A2A76361E000F5DBC1688D47CB812DD60F8001AF25B328D173A9E4BAC18CE9F1F628704330741B2649B92E9714447C68559C6CD2F681919367E4811100750058809D0230C087A89FF3C80C23C4C60882E481F48D531764BABD5CCECA308DE2F63D3BB50373D630796126803C2D1FBAC148F7592881B395ED7D26
310
B7DD38D7096AF98841CB37592561D9C6565317AFBE9FC4AF7371E060736C7635E0CBA1809FC80F544DBAA1F2F9393D970D44C0615A0C6930E758B9E63AE690F73045F0C8C0731DE9CD80F718E94652383458799E02C06D328010011C7090D8C5E5336A83D4059953877EA1E1D66FBE994F04608C4C991917230FB61F9AEE18
310
3A40AB9108D032449FD1A7283DD25ED15360EF7EA9303EDDC0043403531EDEAB10DFF87F5E2FD56DF0F1B701A9F614DB17FA0E0EDF6FD0B1622A81FA3D1DE5A33F551930335C353A87F9AB05C60455193448246944A232C5D07636D864CDD7A50D0B4440CDCC465D1C418321F50E1648D500294065D869559EF3C40C8FCC6C
310
323E989AD0F0C73142480B200842802C061008B480A9954AF282052B3AF67350FD0DD30D1F4075AC303A5D490250F5400ACF479656861E4C77AFF327F3EBECA4B57B6B6C8FF62602BF150744656A87DABD7BC6BED50527B2120C001A0B3718C74F0C65CD34F275164D7968148DDF259AB8AD6CA81CDA4E8819509B996A7F64
310
2D987A401A2B04018C01E6C169A8700F9DE3B489DB2BC49C9B7B858A4F50D22AE15428FCA4A1EDB20C83492690CFE361CC7F8C8066FFD0D77AEE797977F468A36E0B0DFC87F90EE6348BC748F7CB73B5B9DD5C6EE7AB19ADBF6DF359F1DC2A0F9E44F213F8041F64274C0859A2AB7C37440FEDDD2F95BE44065F22067E3EA0
310
CC3BD8C0D8194EAB291CCEE20B9CD8E02950AD806080047A279F19024C837C848816719AC4A34DF8F0706CED904E8185753A458A27E4C1E37B5F30A104932BE140E0BF4E400160F320B054A8705042FFC47B4940810173F9C9E97240C7FCC3F3813EA239B745DE9F1B1F3FC2F9330374DBD1A7B475923F9A2ED81716D18D1B
310
577DAAB9D1A0458655AD3CA7E211867AE7C702DCACCD291E0F798013DC01BC326087775C0833E04EA3778FBCB8DA4687A0255CA0AD210C15661E4E92001A4449031D1DD27D327334BE830B64DAD90CBF537A45FBD4E94A7A88888E715B7E74FCD040E818BDC1BF5AC609CCCC015DED23877080FCDC47BD8EF3A7B783A17D33
310
F3ADEB6D6BC7AD75EA7C7852C5B6FDADA6AFEFC2D181C03F8C40DD8A4AB5024F0B72E34B57BC1182472DC80946789AFB711DB7F1193C03C893B0345F420246114D3EA71D04FBA731C0DAB0D3CD311B218F0D5A15ECC105D02F3AC32F13600084731A83220040019B03180634B5923D438300B05BAC80881F061095FED5D572
310
A3323ABD83F1D37A2301A8C930AB3F66ADF7CBEFED30BAAD7D78A06DEB6A87F15491F5AB7E25842B6B34BEFC12C8A159F187C64B3CBD2356DE5FBAB98BBE9583F0E3280C0076DA15BF34C15238145742B07080B1EFB83382F9FEF2239D003541041083C5AF9EF3C8944DC2030BC3ADEDDD9D27475800693049E05413BFB3FE
310
B4308731512F13400D06F813368A0101D8D863EB3E75FCCADED124F532AD3F123F131AB46A93DF1ECE7F96CE9EB6C365C6D6A07EEC461FC919FE288AF7AE1A7D012D291EB073735FF26BBB1C99FB706E972192819B7A34BF22424BEA1CC7958AC2E04BFC8E02DB90A4A1DD04811ACDBC181037864672C78F6C0EC3073A40CC
310
49D5E813593B7002763BC6A909D31AC86F3F6E335C9E1C309BC58F16418642E2AF6B290A34FEDC0CFEE08FCA0F56700699CB73B9C99302AA17BD516D7F1FD755A2B32B3FBE7134D3BEC813195BD355020A7DBB541539CD2C06E45F46FC0EE08293E6C0E1972176D9B678340AA1A4823404EF79B1E2347E47C35D0A2260730E
310
0B513025DC0BD1C07E3366E9B9D17F767405FB531070700035618606F0B40C73C974CFD321B0C174A80C0F3AA54945FFEF348F5488895713E89B5C98DA501E06D8D24FF04FF0CD7ECD7BAA755A854EC6A180AD13BE094E8D5D63BFD6DFA5F5D3E4DB1BA18FD8473DC6E17FFC9832B71A2A94D96E808BB53F9192955D62C82E
310
282B05168AA0927D54AB20A20A74800B7CC9655C8B15F62377CA4C91641F9F4D0478F4FEFDCE273A002CC0A725EC165CE3A149F0333E8E9600B2C05A7D15FD831F0938DBE5D0FF13E3C0F0765965A0961C3FA86DEEB0E28304747BFBA5FCDEE44C23544F7BB7BF7A132DDE34F99E44EC3FEEAE92F667A10F7E90B0E8C6442D
310
F5A5318B0F816311DB2E6DC6F172C363FC800EE09186BB9EC82A24C0117700CD884AA42023B81EA6E0CF8B3056411110D78606EBC5AD5417B45BCC8E61EA01C4006AC233933E35D860BC1B6CB9C9CCCE7840D2E0C1C1FFC11CCE54D59300F2B47D66A10F09D8E24B71B9BDDF98FB62A3B897C53EC88D16D1FFE8C649B17BB8
310
E760EB20B784F52F992544753F2CBF642CD3C9C70D8722C197142C567E74FB431EE248A8F3FC00377F5142144A82FFC28AC2970A780C85A7EE9146FA4B2981F3C93BCB0F3FBCB6DD3DE69C72B6073B99140DE28B8E919D9D9E7C2F5FA99FC1FFD07E9AC0965CDAEA0A945FADE52C791EA989E8E7A21A355FB37E44405D171B
310
98A6E946DB26AE71DBD01FEF07FD378F5B4B518724481820890E7486E3FCE61A60E096D577701890EE07CA5D7F2B086040749FCEF3F81972E510A86359C9BB579883035887542090614E5C4461705D7CA1CF84DB564838606CF1597E8119790D021080C935A908324EDE9F60A04B7830A33F0670CB08605B8D01BF9A3D4356
310
93FAB4FD84EF6754930640C1F9D74B052A7ABBA9F502B39DA3BF6BC7514EA4BEC71D752BFDC198EDA8DFE8F32B3EF811E4576B0A2074B99B070A069F60173E7427BDF285024E35A4418B7A412914F2800F1965C4F1120A2D5D2C64400563D5942044807BE7C738EBF3034C4A6F4D70C04ED1F97673C039FABC4CFF18866E08
310
200BB66BDC9CCDCC3FFD1E43BEFC52C317F0F5E64900FBFCDA4DEE68768FFF46350E0EDADB7B34DBBEDE3776BC55599AF84E312229F931E700D04478D66A0D88D09B2276141AF0F8811C5F8067DC04C0F90929F7F1AC9CCD368488AFB965C97B855A3E2E93AE5B4866502E55991B82D4388614F2C36B8484A5FA06E3EFFA98
310
4A6AF17D5C2073299D9F12FD63826F67FC460E54030981684E9FBFC22009A3006962285FDF4FC84B699FB5BEF3736C6072F6844C15EDF25883037DE6BB7AFAD6AE164B367812FA8CFCA6FA25725D99AEC5C6EDEEC64ADDA2BE0056002032E1D7A20A54CF444E360D520A5B69816C0A953CE0434A8A898BF18E2B704588C01B
310
DB2133342F5404FEE698957C200EF54E31BE6DF4E888C9C67F5F3F1B41F922777E7FA6332677C20098C59F762F5DFE4A23F9801A3BB6F8A4F66E0D40EC867E92DEFCE84C714FC7CE8DD3DD3BDBF9C781B1C3B549FAD2C89D711808CAB100E09700BB85240374A7209212F320CA577222A7020E7824500179FC7096C714884B
310
DFD9499E027ABEB3CB0226CD293CAE6E0C41A6788F396606A073E28CBE5CC67D584D36CA39D37974FE1023253E3FFB007A26F657FFC901D851130DDC2BF54884F20D5D40A0B7E5C7BCC7CC87B84F2ED820192CCE1AABA1FF24ADBE1D03635B5B3B53D4A5F84120125FADC36A0E792D3AD7E255792CD5241A4C84171F110409
310
0017DA493D0A7790A7BDE6DF326180398E4B0DEADA5C2763825E43E05C388E184678C88CE6422606C017F030366981353DF03A753DBF6370879F79889DD0BF75408724DB53C5B0063AB6568D02DC47AE4627B58D7E367A6000267E7840C23A0940B992DB98ED1C4731B4FB4DCFB6D3EAFB6CAC7646F0335C5031888CD74E21
310
03380260AD47176D703960230370FBBF28813524C17FFFBD6288BB28E4F905ADB4A788B40B4A6201C1878BED224DE9906C4C79EF32EE679B9F5D3B5DFA137327320643909A823F62106CB8F9BFE4BFEAFF0FC7A6393EC7F64A698EFF8ACE31BA05ECE6DAB6DF124118D1D13F892F3D3530602E3F3ED3D59DFB821ECFA3D9AE
310
85B1ADAB9E328DE738BF55D5DFD039445AE76D0194180F57B15BEE5F09C07F952F9A10372BC894CF7DA12CF6507E2A8916E0DF430C519485C55D61EFE209912D8C32866214E121611E22A0B1238DB18E86636A3BFAFD5B4EE02FF1E505F902BDF424D0516907BFC95EF3A76B6B3872769D67E25B548F0DA46E2B93DFDFD5F2
310
B9E9EEE1EE1DCC7FBE6380DFBF38A165CAC73DF912AD76A4690D2B766A3EB4AFA2D05BE543EA20B095FB17AE3F1928D84482049B659E671A4763CFA567C08824913D37F2F92F841FC244085C1681225C04AD6DE1684831682CE0D6096B56101C0D4FB3A1BD3F11FC1105AECF5660BD3FEEDF162B0D9DEC6DB55AF27FC98050
310
BDDEDFF63ED14B01336053A19DE9AEF5F5D9E9D9F9E19ECDADCD497BCC57681922F327EB41FF681E17C1921B04FBAE371AC69E53F98183E91B84897A5DB164158BD1D12FF6F6BEF0E02847727BF2628F9FD48B6FB11DF6928C868B29590A0606F92140D0C08850DAA7DD8A5FE8A50389F61288AEB743E9C801BB67DBE0A7F6
310
4F63BC87770FDF57AA73FE1F5A84F8DD3AADDFC32087FBC0A7D645C327B97D65E7A8BBA76DFD9BCEE1B1CDE3F5F7CE4E6DF4013ECD7CB60BD1239E8A4E9A5722AD9C4FAC8F7FF17B214AF8801950430639A08E3ABD05A0D94E253BD5951C885B0CE750309070555FF21F2EF83FF53F4E15038B8D8A244740A5C9CBC120043D
310
A0B323FB1DA0A4EDA268C05A304619505000BE10415DE898809DB6B66896E60AE347ED3D6DC707CB7D5B5BC374A158EDC343D0EA61C217D4878CBBDC1D85686782C3CF4272E7DCFB5E9EF628F5A95AC1AC0C6848F5771329EF8DF2BB79EFEDEC8DBEC72EB7F245287FD4B31008AB38EA4D52F2BF57167159E3004CD8950E21
310
7DDD6F699FC763E9D1A0AECC701F7BD4430A3E030374066938F883C01DE40E7DAFD609345E33570F4CE6BE467FBD7F793B5AF2A9D331D86DBA7BF98067918F9FCDD609A0384B523F4413B574B818C6889FAEFC5E7B8F90CEFD62BC2C85B2478D54DD076635BE434FCADE68B3ECF1C8708E27863DBEC352D87BCC7A92A8E135
310
700CDE65BC114026DE5DB68275E656D2C0D4087293D43BB4C9C14EA83C0D806783B40DD7CD4F19EE9F33801F55A3F1FD600017A6CD5DE607783D5F74E34680E7DAB98D99F6E5B5ABC7F7DF19D8278322F6A97FDB2FADE1539BD945DDF868EE2B8B70D9EDAA45D1BB0A5801198CF1DA891540474745BF0317F8A3703E02510A
310
E94B084221F887FE950272D62D4232781054A87C58D015CD45EBF9B70E60820A2056E9D4D619E8494BBFA68B61EBDD8CF52CCBA124BACD4A4077E8420A7F36FCDAF661E577B792A7E1B7E337C7CF1FDEBB3B49F501F3C7366C1730E793F51FA20A9C3D2E9F18E63DC277449054CEADA36DA0807467D45F8A744E1BDED725A0
310
33868703F1392BBE221158220588F30574A0B0893D0515B0B7C404AD0E7F40C11D504C49BD7DA39A85A19CD7357DFC966E5D92272FF06D59CA5A6A1C8AE30E52F1247C1F1D78F81887F9F3E387075B170F9F5EEE4A7F5BFC69DF02FD8795FCFFAB472E7C88D563DA514861B85BD41594A75F5E866BE69471110A9F75C8609C
310
7E6BF6C7C727431EE3E9E3773D2378C25226E82C08104A57ED273FE0921D6990E02B006BD038263BA360355E8DC446A380F0BA35FA9945A80CF60DFD54054202F91897C241C147D59F8E0FC67CD0F2BF377A3463F8BBBABCFBD6833C57E214AC3F5AE9C2FDE88852968F20337972C7E04EE5658223008AE82D93BC37D8DDD9
310
00BD6B16EF221F0D4149045D740A8A215D4FC186C658E01994B8CCD317465828704BB630DA2243B3B4ADD3EA554A97408454148C04A1A0CAAC2E04033C04073851F54380E0BF2DFFA43FAD3D6B574F2E1E5EF6E5F4FEFBD1CA87C161FCBCF5C7AAE2F726F814027BAE10F79BC3D765D61D1803952210A9AA07F8C6BB2105B6
310
1145B324F96014EF223D4A9261080239F03FF6F4DD4975C183B887E081F7A467A25EAA0C94028FEB808637768B07400A8235D4EF33143253198900E079E3FACB0C59B00F827A5785A6FFE2FCF0C0E6F1714F11CDE5140D931D707950631F3DE877F300002000494441540ADFB08704E252AADE1BD4E8DF55796A32B9B6F177
310
37C67702E5C638682737286CB0E0A89B624D5BF28222432848C9AB8C07170C97B814FF492A61072407D638006F7C8400860444C01B1930A522788045633DFA9507267A3A42BA05925BAD705CDD3792FA23C1075C6EE768A673919EB6C3FCFE7629B7310AA794CC9C0D14A1FB88F95C845BF22543F57996E0B26C9E4C2ADF18
310
7F979F8A55F11B47BC26594C52588518D25E6C2B1CCED231EA1B748F093E5726A21A54C91EF95789041030C20FD5AD68613432E19A4D0DA2505B6BD843516E10BB00AF9AC315EE9FDB39CC1F9EA59CD88F9CD071D470C86C4647FDEDDBB1CDAB81DA94034747A779F4CED497CFF817348F69F52E55490840E48840BA72DB71
310
F3E84F6DA2F4717AA928F153DA6E4C7E8E00363CEC9A2E1C8E65F298FC4A52F087FCDEE5CBA38A80CBE11FF7BC2AFF249203FFAB77A128A001B1987BD334AD9B901890A8C2005B6B248196AD09C0025ED841325B31845032E327C531C839E66DBAB39566B631C2FF0A1DA5A3CC47E665AD8751B47CFE33899DF047C9F3C365
310
E3B11278D49DF939298E09002F6430F9958803309827A7C791048CA070061B7E9A64C557D235F83EE24822E5EAB805F9862F20FC58F483DC0EF02181F572930205107E00E523861895A2811309808F2B6C14B2AA579E893753C155D2F54302007E9FF36AC5FEDBCAD47E182D91A73920CFA5C18E01F8FFF4C3F1FF553BCAD0
310
E58DEF85DD63B91BE38ECE1A9FFC4AD4A1FBA30D462C328C5A0340DFD393D3D3D3C0659195C96990F391EFF4175213BC74C020922D4830FE215E76940962BC0713A3B82784C0CB6623DC40D6E1485BAD454F6892200B225096127FBD82D2B12006BAE2E329C771E25FEBC0DAB3B5395289D56D7A8A89081B34EE06F80F819E
310
FE75C67DEEE95D227E283FE98A7B9F1C97D2D05B4D07A469153C3DA3048EA68FA667A6D90E291C7D7E2D063E4D044964D055F2DBF3E31BB851AE9F78A0A7314F0AD24901F581D74A6929142039C65AF5830D1C809536CDC05E4BA51038F79D713DA930CF18BA3010E385351CF47F74D439BCBC793556A1F99814926AF12835
310
E251C59BEA3C083EC2B2760FEBDF4304C9EB87B35769E1EB24B648542CFA4EBA9EF93CD42F03C08F249A2C98897D8E2225E90077823F4A52171A61219998CED6FA050992B6B0A74A2220ED12123004FB977084208F8E2AFC80F456CB110BCA647A3A0F854085D84FE0052BE31FFE7F925610BAFEC06FC33F9931BF063F39DB
310
3D1BB20EE357F594045F4226131578582CB055A59A073AE0413989D215019B6EB8A21CF154D71164E0D8F4E730C2CD382D098DA5261456A425643686BC8301710F2C50665881399156AA2B4C3191BC555728384800CE10040F746A3D8A80A5F0E500A93456FEC52833BBB45203DACCA37FE1D3EE4B9BF0EC27ED47D89B8266
310
F11EA2DB8B5A8BB93EAEDF0C06B7AD0402B9EAC6E787365535AF19F15158308A9D9785C1BC1C01377F8C6B4D07B50DAD25649764A91DC9812C7B34CA98184084F7C01055466B48058CD44085AF26648520C85C41C67805462D8425680425559F4440F3ABBE1F3F81B1EC72708767DDC8FFB6465796C8FE310FEABE0C9B242A
310
74137EC3E0427091967023299BE5D6D4D0C6D15747DC2AEA4ECC57C72856E827D33CBD319D70FF854369EB841282F84B7CA4881447ACFCB257E252E00FBB3272120A75B99119840858486615636E0E0334031AAA8C08A62E080053A0AAA4158431EC727A084021D41CF5D630C94184F6FE7432E8F5F9A4FCDF3EA7CF136FC2
310
988093F98ED622E38E4976E1BF0CF49D2889E6DF3566719FE1F9B47A2D3BF89C69155DCF24F88C609EE551160F0415900B4C48FB013D8900A9192A700748002924771A3686A0A580FE4009E00ACC090253E280B90AC15048E047020483A038A60ED232831F2CC90498648690D960C48E439F18F4DDBEB0B6F5AC7B7B89F623
310
0243B4FA160A7B9327F3AD5D937C8BFFE5FF8B3A5E64283BEF8EAB9F71159514CFED62DBC880614AA1F7994CCFAE7D8C87057F451733699B8DF87056E1F0654B5021E38097E4E23221B810DE20559AD183A61C2C88A648DB096081E9801CA00BC1DA0124E08DAAC15FD2936905CA8DA1C40E42B13F1764E0C4015EAD7F8BFE
310
C99A310B1B7C0BCC7746D3C0702759C89EAD57122092122D1F857067684A578F1DAB7EAC400841F493A468113282FFE42316CC74C756B1C880FE78795C692813CF4644480EE9B02991BCA257A71861F00666D9410288487618D120D0E80D7773E2B7DD180E100EC98B221C94BFC4FF531A09B986230F1CD08378A8E4D0FDD7
310
D9B1BC75F5C12EAD7FF83F3ED19EB018620303C217A6A35D826E72ABF2D8E2BB1B783F6E48D2E3F360806E1D192085D022103473A10375B63853EC54F500B5B064DBC20945B88160DCF7E4F83A0200BF6FAEAC88E9F54D22D898E43F378D20B51B5D6B1457000922202800DD401A9266483029C0D6D57ED80D42A0E6E08835
310
F0F3AC73D7FAE6D56185F04FC44472B854EB7D9CBF7134DF3DDC35A9F6B38417DD6F508B37C1A718B0D054124176F7222F62DFB327F34D451799D56216880193254FF782D7DDE26C271BF38C6E422E271CE4AB8823C9510F021126A7A944E00DB4031D013C88EA0746C96D4574069BD5439C4110403B40020C30B07A604F1E
310
41D19C21A93FD9002DFC35F23B1E7B98E95E38387E3603FE7393680410D702FF9ED5A3C5E5CE68B5827D721FA78F3A9A0C08A79722D9C9B418F46C0057BB1640C70AA4A03D29CECF33987596D53CFB27B32C3BE304C540E14BF8464E080918268D254838C91A01F0FFB99154FD8A9C0495EAA6534A6C464440B4A71E16100E
310
7405088122A35F7A511DC003D002E6C8E7E15F6D1D2FD09014139EC11FDC89394621F77B9F88EB5A583C41E2FEDBC8F82334494C0BFA97FF3C3A34ADE60385B60E5A30CF036E5E75370BE3B83AE73B3B7DC0BB337DA0045299ED0C66681E4AE223D01B1BC3BD4C921E2005FEB5114739040758189BA8A320067B62A3995E47
310
20055065AC2B4A8006BF8CFCC907C0063EACE41813C5F017065AD46CFDC6FF1BFEE052932CA3478C8E5A6F25DC8503D40F61FC1B047E4DFFE8E84407C81F1AC7B5C79DA358551CD0D13785A9AEB38D6EB68A0A8087FC6543E7471082873CDCE5CBEA1EFC5CC0579469E225428E9A43D6A6000B4219DE52E8DF00A55F4BF503
310
5960661C2DB88AC1F67C2890A93FC420193C8326409E7B595FBBBA9AE1D1511B3F6D65B09AC10A71C2317201A603E88C56CC68C91279E83F5C147787EFE6C675F00941D23EF092920330982DF38C65EDFCA89DA98E8ADDECCD77CB86D85118F3DD9884820B1128010D02F1060F582871CC8FF42024C02239273A1CC3BF71E7
310
70DFB7E96081682803188118B50310BD620234F230B12711B063E0F0490FCDA9248B580D3D3DE944A30CFCF2A1E0F6E59E8FBEA289CCCC943785BB8880ADA9C2FD70F6A13F5418444E3A669273C006C4B4EEEC067827539FFBEA9CFF04D84E7F170480037005AAC8829084329899F90B5E013927F8E646514B4824B01D11F7
310
2C012CEACD163B6358A4454A4221D06E68A71062520649BF9E9127D0772D6E5EADED52FF216BC2FC513C7D3C5CC4C8AF009811826AE20203B076A2AA66D8D32E317DEE0EFC000FCE16D9E0BEB17C74AB009256C5D8AD1CBABBDA61402612C675FBD72D07E633B1A42F2421208CE01397560811204306617A5141706105C9F4
310
984C459F2D0F6C392FA05BED808512B0B9A8A9FC6CED89640EA347D31F0DF76D3D9E61E800FE9F7601BE4C9614A1C58E6C839F13A12D0EB426DE6386B82369A9E6A7F1F9146EB578A2EF4289AA109B4F6CEFEC0463E0072A05CC9DEDEDFE08407B173B8AA65399C80B2911252E6290C82CC1B8909140C11B7AE161B42B9390
310
5045D017E00CED6D27AAA15F2C2179F1E83D411A7020B9408D202381E7E5DEE5A9E7E5CDE3B186433F488AC81554BEC09BC579018ADD1DCB3D9D70F02B14BF9159A4DA376225FE43DA224FED327941705DA582B2FD1BB5DC0540667B650BECDD1D5DDFB0C7F36DEE2B94F6EE2EE4E426F20A1174C31DF153321A24114C4FFF
310
25E505475F6906D4149B21F1BD9D9DF7B059F8E0FD83323CB97991FE80EE131A9003B81C491B218B1D42C0C0D593D9D548003839DC29A740298B0C23F0CE14BB167BD61989AEF0B985C8FAC8F923A73F31953989F0F6C96CA6C4D0A9A88184BEDBBBDA3BBADE77CD8E2FFEDEEF46184A86671D7DDC51417477BE9F04804F30
310
5AC82C2D018A21EA903866A0F959FBD4139916D036635EE03DDB7408BCF0627A03027AD314C09B0A27F0A79490D53839D0DAF1416995CAB24101FA63F75029D57A4CBBA9FB4D120ADB17FB5A999FC9420DFE04FA670430B90FE7F589F7FE8D50A4B5F004CE5F07EB4EA007F8AEAE8E8EF7DB3BE2F81F42166C7246FA9E62D0
310
2C8209BA1024414C483498B50229FD923F2414040B2081390AAC353B5283EADA12A30B1080866D746B9ABF5BC107F33C2A015B275480759334B83AB02175EFD0DEC785DFC505E0064F4EBA5A97073A74C5C9FEC97BD25D819E28AEE661FD2732B8BBFB1BF13441B3C1F45E8AC1752BBF80C113DE960E0AC7D9D02C58C80505
310
A19BA0E84B14402601A590A4AE00A825E98C3212342302EE10FC5100681F86834A2804BC409D70270A2091DCE874B16BE0706C974EB3D26EFEDFFCA6C4579AA4DB781708469F055532A7046C6BEB0CF39F3ED2EC4FBCA3D00EA91CA68FD2B87B5C191E0EB2C300F00A1C9881F263571C6CFD83D079D09F176FAD839340CF03
310
0F70458F81F09AEE1329505150CA0A00576B56C06D58070B23086F685E44232D9D53DE3FC3731044F286D19F459351863F749F1104198D6E14BBC68E17CAE70D7AFD958E350BEBBC70C9C4DFBA075240DA27D40AD7DB063A097DD3F041EDB3E4B682A7A12A548F3393DB01945547175879989302521EEB1431B08759B632B1
310
74E0F700E774FCA1BB83F95029ED1A084288C8893520E49415E00DA080AE8027C34206D35491D050A4C6B080F6A20889A2FF82379AB6234F6710C05F9080ADF002B9C9F9C583AB220F45D618D7E7F7547FB27CED8A8B7A7D24EDA4988B0C1C2A1AFB53FDC61BF3DE50D63C560F0120B0372F0839DDDAF13E583B868717C1CB
310
8CC71D1D7F440CC82184803144196EFD58BBE00B7EE77DE8C015942357FB06FC906A5E2B8882CCF9FFE184B0035A5CF186A962A63F84B3AAEE3D5A2C830008807568B6A9F424086D2095A3E262DBF124350082C4B5DF4704A9D2C93553DE47BD6766B69349610716999FA25854F759CA9792599D3837ACF6247CE8597B0F96
310
0FA3EC45B61715050260C5844FCCFEC9666BC71F875B17E3BCB4CB151405D7D08F846B4CB952248B4603CC402B609E90F0044A007FA800EC46D07A51232B00E5683C55D5096E1374DA4FCBBDE2C25A5B8D26008227CA7758033D7D70DF12CAF7F247939F93F1CC63047D63ADA0B7CC8771B234D8095FCDB577B586D1834062
310
035670E204B245EC093FCBE15626C10D210CB38A13F50E10A0D5C0814B0C4B30AA9858516001669002229618F100767AA3D6D2528595FE7A398C2D2300ED0013A0AE60B91644A057327BD3C36BEBF48C91279B45F8BD145494674AFB211A91977CB838DF35DCB3D6D6AA2FB2784B591ED785DFD7DB77747DAC9D2F7674810E
310
FC2895F9ED8007EC7885101679C06F21E4B1C8A6120956F80518D1DAF1717BEBFB5803E20C6F2A11B2E48AFF4AD2810A70054623E341B3D1ACD92DA91150DE631EEB2C28882D092049C0DD38E262A7BD6F98549930C9D44B7C37028AEA9F8C5628A2BEF5704C0DCB2B428181B1BE766F43014498D2E57791E4C8DA6BD2ABF5
310
003F0C40202E2E32EDFB02852D16C30B7F646B98FDF86C7891690043128B0A0DE6B4EA27F08C30CA34C9D0AA0852A5997F8D11A6EE84E040B20472020256F4AFEBBB74E6705A12083B249089218E6452C8E5A69717E904A3F5EF3D5D08EC1F4D4E85086B238CFFC11AB9AE972CB775616C6D1DE04DDF073B4DE3747C41FBAE
310
6072901CAD0237100670C5A00C2C3CE063610ED824826C1F6650700E88C00B62468903A0D71D3A390255AD7040048348C56C4647413C2C2561216E0C469203EF06A5B101AD40D0E207F78B124747DB5B4BBB4E88B1C373C114E0470B345156EDDBCE1B4DBDF81DBC400746B0B54E05F693707B89A5E430982C2AC7D10DFF11
310
D5B102B9505034B35D07E8E5F585757F088B390F2D4C85CF7218E8418BB4F25B885053D07D5A908326809F31D6CC6B77CC948413B28664484439D118DBAC27DB5AC40C1AD166F25E6A2F0AE82100C0BF220405323E1FF80DFC518CACA8DE1003F3C9FAE9C7B2D60703A0004F8EAEAD2DE0F5485452D15B77B4B67F4C2403B8
310
D8F9C533558ADE058A9E177A1698F75DC0EB4C800F74C0270178C8579C1FACD025F0560844502D2BBC01E620030CB93636C1041636A693949CD80139FD15BE107F905590A292840F8860706D07E2970A2F15E5B13B87C3143CB2930374CC46A6F9B9D7A5CCCC14E11B9E879A49FBE27ADBD6DA82410FBB94FAA8487D61B51F
310
4BE0A03FD08743C31020D6628ED20305A22C2C2FAFA7ED1E7881C438AA5B9035F20759E243C51F34D0D5F02F11403B9E204CC1686C0B6C9000470561519CBE1B0E4FBEAB37A39EE4B84C05F023858779341991F36D9D9F351E7BB3B5ADF00148D9D05784F9AD8B037D48C01BFA83D4247F03BB768BEEF973A14E610090D4B9
310
6B1EEC5C5E66928F28EBEB6CF578B067DD83086081579848E60DFC7684044D8174993C39F886043481F6A2B743B18749E52447CD4D230513032D20D20206E536E15BCF7B7D211634F98FF9986287F33F9A94615A5A0A7CACF8DF5DCC1AC6EF9AF1945EB78E0A2FED1DA2ACC00EF983F9A012260BD722EF61C9DBCDD8719703
310
ECF839029010CA0B9F100B1D2842153E01A1A3837AB579516A31982FD2908A09100DAE591016CBCD4B011A2F4DE299E1338CE065DC4841BF9895D8C81714800CD08F5AD39601BC929B55D291F6CDCEF2AB40DD5D98F4E6F107C47AEE4A09A079C05316F479DAF4C2BAB83221BCC0CE23FE3D3D4C7BC9AB673D89A3677D6020
310
F6E182332028012FA0FBE0B2668FB85485902A8E7FA0BA2105C213E20BC2169211A4BABA7D693C3F1DA961F203694853137073AD5CD25F1C017DE0477626D7BA55B88F83B5EE513C41D814639FD1BF759171F4577D3CAB0C3DFF68B2D3B1F8478C18F67BEBB2598FA76A4545E9E961BACF657E0791D2373030E0EC9FAEDD17
310
BEA7703A738185D08236C407448A4CB504CBF01FF43859D3115488EA01B55078000DF085911805790DE1B41B6F8CB2889C3834FE02AFE07D85143C6C008438A944EA63E047023A7EF37E13B0903AFEA7BBAB9579330FAFDAACD540022980B65A75FBA17D388F1E6576405CCE7032D95BDA420E7DC0EFA320879E5F8B3B04C1
310
D2D9C1114210C19FCC49DC6A855E12010184DB8968109ED016E4683CD552A36B3AFA13BFC2114068935A7E774CD2C7225642B73325938052D8634ABC18DC9442BF9E0402E85B42F9F3273672DA8E8F1070405D1DC3248487574CD98092B8B956E6AFE1566530B78FAE05B4A0DE51FBAF85DD075C7E11939F80E015A58D1F87
310
E400CFFD2306C4D1D3C634380A201545A92BE01F445800BE12302AB477BD6F62600D211232EB061448A0D2B877BB940D63D059C37E0569A83DE93E214F4BD86209FF6F479C640AFF8AF6D1BFD987D029A94DB7C329B4184D4BB013BF912FB88FEEF913071A8D82B651BC10DB067A7EC52FE1B421883144C00F64FA23A11CF7
310
08BF16CA59F18D4C04B8085964B2D8DA4A855187000BE440BC816FFB13374640B0EB1D0998AF38A1AEF503F14302E2811081FC12EA6CD38A63B33035125F40F170C0B0AA45E9FCA38FC6D688D48563B5C4B4B7C359D3C7AE0EFB16ACD5E2FAA47EF8307044B4EBE1C71E84E742D81431FB06B90B600B9C239E277A57C94C42
310
7EE10E7826980C0136600D916A06058CBE8604DB4D314FBC014EDAACD0820F14BF75449B70339490FE5A0491221BF95F949DF1235380E969AABDBE2D32EB4403D3FDF17F42F9A0A7C28ED75BE86BDB7C7EC80C76F86B8800F77B305EB88F00A4352E0F8089EF811EA02A3DF08F7DA008F803BE4B4EF5F41E56087099E92070
310
8C3D720916444440FDFA013D4E1201414123A09290F5BD7AB729298209C4306D007BB0829FD4EC3A6D7E4F00B67DF38CA0764F832F0448E58439B952CB4F70DF964AFA74CCFDBABBDF273E2FF4F56D3DBFF2A78D42FFF2755DF307066497F44062AADFC0CC546F6DCCFECECFA232E14F408F05477D311B683A35BC245FCF8A
310
5CD2AF20022C21022266905A5BCC8B20235D6FF04019CC04058AC80023662E25F342063165956320BE50370F2A657BACC817DDA3DDD3EFE04028645780A768FE38DBA88BF2EF3ADADFC7FEACA952E5A77568ECF0C971DF32BF1D24F8486B22A649EC81B1B60315CBEFC026091CA45F858D7D04C1B437079431E63E38F88075
310
8842E780A9E03791C0FAAFE10012588C3C592FE35461A6047802BA18686887023A422A49599399893103942CF6DA53A8E387825FA0678B261F139F801E2B17C901D0F5217E07AC2401A87D0480F753FBED44FE949C93A1D042B879FCE499B3D861AEB23F9C1F372F0C24D0B7D6E70FE1AAF60F84BAE642D82F0A9F53E22783
310
915518494FDBC0AFAE7DA282E5050B703570E06319A015E00D693A6BEFFAE493941C3B08C13B96BD20D0115A9565701DC58568A3009DA13E965765C03091F0FF339F7309D44F6E61F837F1B1FF920450EB8FC48F9B40158BE89C81A597CFB0DAF5F5755D3886DC13D4479599B583758CBF35663AA234F133F91D3BCCFCE0A7
310
94367F385C59B19431780F1C099131384056616E15A1563B50021D369C593FB292685A68A8B2A50A0A2085CF05434617E05FC24A6B077B990014421A68401AC4D65788EE25F737EB780D08A6E38F060F2ABD889E1B889C44852C2FF368C1E3E710D73B6589EA83F7417B341ADA1F639A23D15298F087AD0326410E116C3A1B
310
325218433C71AE62C07C1480F1C045629724A076A4BB8D622D24690486727F56108D07046DAB065000678E04C4F8C342DE27F4AC102D854F2D08D59B4ED0E4F697B0FF62F113646BC5B7F3131D4EA8BF8B265EA3F2026E7061B96F6DF3D993276B2180B8E57067587428579460551049049B074CF8B1066C7E14C705F0B392
310
98C0997C17F701097023BAC31081390196801FB0C2A12380042927503D5A01CA127F9841B460310639C674BC8CDF1A320501448E0068905B07F6E5602F8C1F07786253438CEC51AE61FDB25FF71B09893AC026A9EAE3F30F369F5D5EAEA5801FBAD3C98B38C13EE017B054F81A56F05259DBDA64FE270B1FC4C77200FE276F
310
E814B916E222575ED717A62A92956504605268408CFE13FD61F84252228376060206802B9550F00B9D47E6AF1022538A752CF4FFF1F5931384A9FF8700EDD4FFA2B93FCBFABB3EA6C607FF714B0B8B04EBBE83B52B246092AB018C0D0002FC490849F1E214AE6FC42009D6D86616C835B65DB9862EFC4480C14137603C3089
310
D0A5588FA27E693DD184131BA4E88C35045ACEF1CDE1A82323C20B842F2419604821196EE8185BC834AD44F8E9B7549A32900196E9ECBBE20FFB4706861AACADBBFD9B56A23FFD3AB8BFACC18B1B5AC0ECD7B6AE2E2E9CCD2BE8AF1B1BC3A813B94107E82DE67A42E7CC7D4A6116700B5B2EE3C338A09B840F07C40A64800D
310
7C605AC42B72227C4C7020AB1F20056E26F542717F56534261DE3766AC10A6ED2D006DD03BA9DBA507AE0510A8B385C92363B9154167F1230C40D76AF6F3BE0CA08F8BA2FFBBCEFB09D0986550E0F0EAE2F2780CDF850CB0F88CFC2815FE87BD83909F474F45DD47F1C821DB2107A8817FD45384F57891B65F2543D0C1E20A
310
89B4A8DF806862AC27C60F6A054627FD344250718AC0FA21CDC4E28DBF2650D1B39D8B8A420C348A4F846E2BE824BF8C45E1DB8EEB52F576F47A75FF95F90FCE0FD3A7A08D48D5B9AFBE3EA658E1676FE3372FB57F0AD8D70ED4AEBA3D4C2BE0AAF1C3AD63A6004D12900CFC481A47430C9EACB390038642C8C41B13303166
310
614210592736B8603AD4FAB17189DBB32F3915F0C380795A089A15228460BDE8E52203527D41B5470901B088D84FF8B3FE2BA7F4FD30ACAB3DE0B7E2FF95807AB0010FFDE3A048F7360F9F3FB9380EE537F16F8673131325D3351A3F664022020811A0FE8C019CA17370725CBFF64132025DA1BE2555102212E80A907FB43E
310
D80A991A8AAC183932C19AE17524B06590B6AD286EB99BAD18FF4BD64BAB519202F992A963648ED30E7521F909F090C0213E367A77D8836BEB6F34D92EDA624183070248351F1A079E5D3E7A9EE81F2CE6678F92E299EE312B6C0572C0A7B5EEE07853612403813152C7125E2022A20C18F855DBAFA399817FC97FB6E1CDCA
310
31D348434ACD0012F0D32A5456B4007E6E92D72B1A4E9971223A42C1042819E4049C0C5801300C0013FA48F8944FBAE71DAFC27F1826FA2304ECDF3F6C10FF47D5C7E49748DDD687DE8E91C09394EE0682A4F84CFD6067EEDF43E67EA46CB2F4070160439245F00343D03BF25D7E2F26FC400A896DBF19FB8D4D0A66DA669C
310
3D608F9CD048A0533621B25690EE19D5D15248E390F042B12C682511B02BFE3E5700E4C9A9B2107A8F45248FA48234FD23005ED1F4EFE80D1320836F04003BF42856D478D1DCA3ABEEE3C68F9F30C3A16E5C238EA5DE3FF37DACC2F8B7980033F47FAC34421EF0418A045394802CE032D61C70023D788136788613887C0011
310
A4EA316E005718AE191F8D0D841B9C679CD2FC478442D005429166F5A24403B1E6ACF3298F388B6D0BA933D92339D48969A5C11F09B4FF017A9900A4F887010C474717E10F36468032FF33F4AD610517777104CD920C3CD15FC5F3B3A0C75BBCA3B00F2724863C10BCD4A0E00736C7981F2F72E4B001438B99714FCFAF713A
310
2603BC710376A1715FC602022202E06FDEBBC680A3DF1C4C095A12C50B554FE7623B50374FB2129DDEA4C392C9188077658C87F55FF92FFA507FF03FC8DFD3F31BDAB46DD51AEB03F7E1B38B8B87CFF47EA1479C3EBAD5C6B382C221C0F1B358B39D76D9D3142C4A20935F541E492E0EF081BA41B3620A8E172B584EA14856
310
32E22A8221CEDAC6110AFA4B6D43E2B76A18AB240BB24337721C9321D2C033B2D3E2641A55A400A28403C12D1DADE39AD23FC5FC08C47A64DC3FF6DFF76B5235124022D7E6D6D5F3CB870F9F31C96FE477FAFE54100068A3A87FA5908A2C08011CF31309C10025B089FEF9C510522B8DC07C30AA469841723A10C08E27F00F
310
7FBC181C083F2809EC3B2B328E294AEAD5A071B3A95C81D2DE3F930372D022C9C793535B92FDAD5426E90490C3C81D000017C6494441544698C416520C1C40C71FC204B22448FD9303782FBA67089A1A7D4CE38E89050FEF5F1E078A4DCCFADA058032C34C1CBC2E1202B1F8962B1A8024F0EB7A11F209E96FB369D4B64202
310
FE7BA230AD24C46413536EAE955B341B726C593B5D4630C0BE822480908522B0D85430230352618DCD4F7BA6D568BF4343801480006658EA3EDCBFFA9702B4FDE9022163C43F9B72B58001A23FCE6F0B3FF0E4E1DDFB9801A6FC42FD0132CC1F2224F89933107AD30B6C9131A53818AE944BE25A70810821C38F098411980E
310
46D108F483DC63F49B91B852351604091D60546702F58A3872A1716411B642C7629C267E64E77719F46B0548FD6BFFFC86A38DBFADFCDF700228C124C8664FAA02BFB1F92B09800876FCE4F2D1C3FB4FD0A44E0106A8DB8079751CBF0BD9340066C3D52BC64706467C05B5A54401BE4A1B0132A55EAC1CCCB10D378A3DFEB9
310
812022327745EF2102886A9142C812A1A2C9708027BB55B7006357459F9C2080E0BC34489FC629510F3017B62D5073E2A2C64048A0A42580E413BA9E08274091A398EA80B5BF31C87BF5ECF8F1C5DDFB4F22AAC181F070AAFDDAE5650C4000516440D8806786D874215149E69ABEC43FF0EFC820FEA112B0522003C84BE03F
310
B76623513B6D840820358B084119B0CEC8C00AE888826339A54091F5FCA513AFE147975BB1A86FC50618D9D74502F0C7C8815AA306602FEE3A5E79E0D7DED1B221001118B73182CD439A092FF801105D1AA14E1918EC282F6260869D55108065988BD67F68E5581720A708051F7C8070F582389C682BE53F2AFD85853F2A01
310
3D21564028E06E79B7A71E43212180A81541EBC88F451E02385100491AB0C4A3BC5309A95911E66D04C0B448366988ECD204C2FC930F8CEE8FA410EE4C25B58DD1B6EBAD83F6196670F7DE635282C0A56A851AB035831725F0471A10FE52097089C80495804100318405F0DFC2136004B4C40705EC9154315129205EC35793
310
0035688F61AC02188250CFA9A980233925F16A117A48CA54DAB6400221976B75D863330942E20EE3B00B08FBB71AA813B0E502FD2B023DF70114E0D7DF2E2EEEDE7B789504200112075478F2FBD6897835C91F0C20782401E801A2F9142700B74805703426023A81CC0BE88B537D0003E0C5181D29EB8D83050964DD258091
310
0A1E7A8138F76253DC01DC2F3824391AD748276C0B0CDF12366625D038603D0003E0266CB42704C8CE7FA7F11B4D59C0BF454A78F8FCF1E50513715D469607031272358F04E0003C90107223A581218F10008B10247CD20D860FF0BF48801040B361808148714764028EAC137E871501EFDD97C89B52107FF1235B0928C562
310
530082573CE137840EFEF82A0BDC602736C595912FBEC69E6A3A26903B3A300C5A098A9E3F1810CDFFBA019D97B4E7A7A075850F2E92569BD960CA7B8304995FD006FC4213BB1448A6F4BFBB3A9F9FC4962D0A1369129B10073771FEDA38B1737B663A71C088D8848027FC3008DAC4E4397A6F76271DFFFCF77D6BD7F1F67D
310
A51E0E08875A6BAFBD6BD7AE52CC04A0B4A2206F650EC412841A48258258E8662C3838FBE21E25172C2A15A4F78D82DCF68A005DCF07047C183E1CE47731BBCCB5469D9169E0D588945BEB637E87802A03D88FB82486210D28FB3B858D13DC7CE75F5E6F3B03C1744D30CC58C7C7A256146853A05243060B850072A7010CA4
310
7CFBF9A1E24F414037B8781E8E9F219A774B36481CB43E48A79819D638C8760D672FAC19FB9D3FC5EA9158DBD0159C27860409682E8FF2595652FE189D2CC2D7C023E944158355806FC320087CC74116030CC376C559C098B93A041C5DDA48AF33827D2327DC761D19C17CC62780D82A170E6CE7415A5E7FE825E053048F88
310
D2AC2A561CA4D4C60098DA28EF1A01382772484698F60C8DD24BF396EA76260542810A625978C03580A9CAB91D10249BE579B0377A3DD15749A45F24C4D81FF3D7D7996F6A1690288008C0FF6CC186DA9D5FC95BB09B1301004B016E707FDFED306A1BE8FA208828F00BF342186839839F1F6FA338DC5A0200FF383DE92614
310
C03A4508DA18F4D85F9354F7E867AA77A42FF49BBE6757A1A7454448D0BFC3C220714FE43A3D8F1547BE10F0BC5A05985AC3C28829A06FE24CD062700601F4AF12AF99099B08E7071DC4626A97C920C3FF96E190C9D1FD7CB6163E800D79E5F3F10A9306C02B799E80F1AB380E0571A584C0370A220C3125000B500900D96F
310
EA40409F980E2083E4EDF4D8D2480AE5667222E020BCDAD4EF19682120818FE18EC7FD6AAD67C03F7DF1955E697456F517AC4F24700C30171C67E9168B109A4F60AFA60F98BE30941BF776DBC7C70792A2FBE98AAA97224F8BEA39B47BFD14A8CD03320DA2B676E3AA397E652E30A42CE2987B7DA1EF7F75242413800A04C0
310
270C62A13372400B435ACD84B8B5009208F5AC73EB149FFF3508E21C2201E0338BE07E50EB47E7FF6D97724A601028C5519073E7978EC88834410450E074DD58AD13A4900103A6444A9CB99103229F0EF8C0C78161EBC68137240734CDCFC349807851E0EB46CE864D2E405ED341B71A390CF2DE20CF5193189E1901E866D0
310
230409684B193D17E2928534D04240937D3C84477494FC5E0FE0B448E35AFC19007926C1C6A6E622FDB8A12E30993C6710E070397C4B26304C0AE38218D19F01FFB15BAE1C0E7E74DF75F2406E373C414E848FF8E500EFAF3C1029C9C0ADAB2313A7426CA9B2C1B9E30032C84EF31A09A88A386F136E8C2F1D582EA0459207
310
015F10F1F001F0B1B7DF7222011EA2001F00BFD36BAEE0850928B08C077030FE3806C880EAA74BCE0863A952812E6008B3A89199C1EE918AF96AF583F1A073B0A355B9D861AF1460DCFB3BFC6B7EFDC834B09700CBED3510E48DC7129041C991F06BA5006CA6B5B34EE21501374E8DFC910042036111EC9C7CFA1C05D48A72
310
70F7F835BF04A4194DA4CF76CEC66718C84CD020D04C412AC848F03E3C61A1C8D50D0EA6838A00376054D3DF61A0E393E1F8B058A6C994093476D601A4A06F0CFD3C0A6BFA910E75CC10400A80FDA93AC9B5EA4303F6C0D188B559086091CC5910137772E14F2376D03181B5CFE74C0EA38440D0AC256D6C4D104CE05302FC
310
C00B60B9CD4D71E08BD40C144A025E60D4C1F45FE846A2105D717EEA84808A5DD90A168E133640311CF05DD870768683F5D2F1800F485AEBE5CABD8FFA3C0BEB33702493AEB551B1EB035EF5C8E5757FA7832141F88E8578A363802B560007AF93D7D470B478C4D00B412D634C9140C4F9275C00DCE8DFE3C7F8C0AFBC5B2C
310
E82E3C3BDF393D4375D50C43CD1C17E3777CD2C170725B7B42B41DF15BFC344DAD089C1E9118522B4A2C60B794E4E8F33081BB7C8CFCEEA0B2015E49D586429C6C78646180B7710E06018A3082243C275F077FBE412C17DE80D3E6B9462C5204C5D980D1DF84A864401C483CD01B143F4A4868087A0F780F37230200A4FBF6
310
AED325114C367C22512750A5C7C3E32D545CE20A0904183BA10015DCAD89864B3E1EE97EBAE8B204266A48E010511838E2FE413FB116E60880C2D8440AC3880DDA6DF6618C138CF1CB2A09637E18D00F80CB0DC05322E31EADB8081C29410903F06BFCDF5AB46024E4A75828056440503C707856EF0C037623DD4922A400E8
310
A6BD75E4D2800905F18450A00CEE88860C8964C7B3F90F56528BA18F71CFBBBCD2D05797E168FC37DB26DBE0DD2EAEF39686C18440820013C1444055402A541400DD362A0A402F1FE51246404E098249FEE30708C10CA0B54601053159480C00BAA9B1223A773234FE72FD5C3BD81804D8D196FE3D5315A0C981D88D04FA01
310
DFC185CA93F9120E1F480B08063364A0A318F08DF95056E4C91F1150D31B011200383502E079EE43CC18603AE2F88FD139C802A739F208E88D06DC78267C448C27C4113C19B0F51B0E9C1C021CF8F9167C6B1F2E10E461002910105D1042792D1CA303F469714C018C23D72179E165049C40E801CB96CF334562E5807291D1
310
E0C70FE6CAD91656715F0E5C5E70F8D7F83290549B1BAA6F781D25180EBCA93EC84E72A74081CE3020789B3790E1A9E478E658C099BECFF01E530E80EC5FE31204ACFF70AF8177A03059240CD074978A002A878BF883FEEC81DD684E406CA630ACFDE87292822A11953710F000885D6F68A67ED40CD772B0828359B753F7CE
310
23D9479AB9845771B389D6A77130F8C134EFC83947392029B10E4425440A84AF0E54825228FC1634D369874739C837A9DDC83C20D320C36042610ECDFA750303710224D01202488012CA847424F8D53F78AB6BECE9B3B35A7F32396AC6B7444566327DBB4DF06FD9616744F4D3A397EB3B0A3FBA8D763702883ED742FE5CD2
310
4146D8E353ACCF811C806AE09914D8446E93840FF4D6C963FF32BFB6AB015D1D3B0C9A0968776F021F21404B6260CF84A14F35180CE20B5E85BDA2EC91FD5A7DBA7E5705F4F0F97AF26CE18E3BA078138202400A62930FA6CC7882F911A92F33E547E64990B0F27323D73B6222863F86425153FA8009361C675554C25382CE
310
148420C8DCC47A20122806CA178A0918C14CBD33440289078A00EC6070184CA9907FD0A1270478E0B325B67C2193694EDB7DD0F3C238447C8A11485562FB4902134E6AC952FD5320A4F7C780882DA9684285CD81D278C0E8FF8DEC9F45D22DC3C2CA99C2728110888799575B6834BF22B0F01EDE72D7F21B672C40F0A97299
310
9E2200B7C91403F9BB3D09C01990819238CBAE5E7510D7D57450507E3DB04AAA0A3C280064E0775380C8C16EEA4834346A04BF0CE847B4B3AF760D06D24BBB267C32E2C9257DE5EB748AD101AF1FD33265E2B674EED8C01A0AC901392211011AC810560F77778E85B13BAFE3E25C95B70919A4862C15928BD8989664AD8638
310
101D009A80F00BDC41AF27602A4BDA0C077E550048E7F1011410F01405045E1C140B4D0E70E0F6E034171C3D6FD12004FCC1FA304312518910356628A4A326EC9ADF5DFFD1B2C0399503F14B4F8E3E0E4E39A06ABCB56A8014687E86E462BDDE5124615ECDB412B7314F62E6E0C76ADEC0F717B360E741960104CF1706CFA1
310
8E0605004B01AE007869B095ED92144A807841EFF2811C047889A04901C809062057192688C92346F97F279449F89B113500BAD282D1DA80A55C27EFFE02C8D4F395003F285B617BBF0831F49B055342DDDD414378E8888E92C16789F269A27C9A221FAA4A0DFDDB9F935B2ECC04DC51481558A69301E0460B02665AC4DD30
310
C03D480866C3409400051811876014C0F294C542821AB045011A3E3F09001FF304E3A0BED05CC11A811B865001769507FC01ADC611F400CF68C7B093606E30F3C7E0F00C1D10C31951C1E2D7252181DA00345842A19130715C736EC9ECE686A712FDB31E4D3E50AB336E5666D7B212C0113C4A4406029709B43D0228F3FBAF
310
49921B19CA0C82A2D5BC4A2079809240F37D3E10F9637607C3983F0458508A98B8B4EFC92AC13530180CF55359500080061DF59B98BB3FEACEE881DC8127F182A885A86FB12B43C590A4380504E32305E3148BBEEB2D2782029765428092545BA5C2C681FC5F8E869C0EE1034A822FF09A12C94084505AA868080303473F81
310
61F7AA0A6610745E280BE4427FB770106F8800EADABA19F453210435BDB2348471B13B65F2FCB554827632C4C44467333E4127095D22092ED492009930413251B5408345065065E415266E20279A40B3F520370BE2050C8360E6BB4601C1673B9BFE007EF5200B6483CD195400A783E6DEA0653515B0FCE8E86D1618FC1EFC
310
15C2E727F24F2A2DAB57326D8D0877D4E298894E7A0C3C7D9CE8A0E2D17AA2020FA1097D6372F2A9F955060FDD467AD0426368C24A8340FD0D6687A76316DEF5179ED9042005A2BF02A5DD810A4DEFA4A8F700EFC50FF4FB8C06410F0303C106ADF8852ACC6A2CA9046E9ED070739339857222CC009E206479886EA26227BF
310
7A341A15C351A8404A6C10080A2140FA4B4E8D9B9A11645899332363FD69887F436A660566964250FD752E787B64BCF8E6C8190DF8EA0C854C062D8A5A1346F810414313E606ECA0AC3A01D6928544029D5F42E202C0CB386F880F7842A31287061F32F3CBE09F2950783394F2F2B23D85386C6F51943E99DD10C8A0000BA9
310
569A14805693274BD0E4F4DC3F28E331EEA91C4F33ABE057889BFB92819187840A08E57A276A8BFCB75B0342668C70C565C8059996D209C2800941A21FB82B2F520BC2E6FE6F1A8827043DE17000DACC8193E78BBB8DF1467978C06F6AFE986123E3A95272CAC122046F4C65C4B88FED2F1CD1D918F7CDBF8903BF1A90057D
310
42F4DC133AF804ACBB58446A0DB78806FC053FA1E45D0AF1112613CC0DD976C5E70AD3282F42725C0D02AC8588DE451B1C01ABF063E7748A3882F0DD484BB78D037F9812240EB88B6034C0AD53E5116D4C6D920C6A89F084E6D0598AD7EB6930CC7B293E27A666E5CDFE9A3FA52FEB3C97976FDAAE9A60008FCA6B33099CF9
310
880D35D419FC687D424378E3099441E110C5B3C6DC311E6653514A67A530D863326C4D8430E0C28024803B5B069B0E60C10EDB6DF087034171DF01F1F3404B27B1056D8C0E56E7CA6056E7798147BE4C2F01CED5987E413AC6A724876DE3F599E0601CE7B9CEF3BEB3671E12DCE8AF9631B8031D3F360B6955DC2342B2A0E4
310
632A00264C0DA002220CFEC3E10D9BADC8904D88DC51928593AA16C91DF6FFF82B3234404C7214D0F8608E0052283EFB2B0563F1D072936C4017706010BCF1B16CDE0C1FA9C777E44E1F5259B0C9BBC8794A82A6C182A3AF56B16921405351FDDC91B5BAAA617860E8D76C97C377FE701A4EB4378FA97C2C8E3CC8950886C6
310
FD93AF70A1F5F676B7ED16CBC56AF5D09110EEB8607CC08A795882358280DDB98AFFE7087C6EB593D62F041CDB4018935238E73F1098100D0C8769818F777057F64C703C6530E142FDF5C837AE1CF66C94C4887D3A3726AB990DEA248F73B5D32C8E04F6714B1E67C53FC52040252E605B322407CBF8C7F05453462A295ABF
310
4D95592DDD76AC23512E9A2DF964715C80DD752CA8E263AC36F02C3C28A133EB22AC8D099BDEFDE28C3E8FFEE3815D5D00C17C00511058354D62443C1A546280E43572A9C661A34FA5891F8E7570608C8DF21DF51DF9D2A84D4501F41B8CD4F4C9DEB2F901E810C0E4CEB6EC08DFB06341C864CF8D0EEE779A606545E1E64A
310
AF30A4324C20FDD3BD558BD966BA994FA915CD162B1978642AD01694E533EC190368A68234657085B5F88E27A0805E04B8BB6A00A51646EE3C10A50FF007FF410F1963CA69BE2002F0F902E701AEC995FD41F83A3F0C3809A3288A083003A6CC2A20E6D703EE48E3777AC07ADD51EB6101603A9FCF17B3D5928F6D742EE7E4
310
CF38AE2B03C5FB39C81D7B2978FAFE85AF3D2710B0582C970F0FEB0E4D1103B8BE2B4D560CA10002FC8F334C891C07B44FE06B2E3ACE5E1E2D1FC32203110ABF9CA0E8381F68EC3C06701328E5A38278A5FCD944CEA5283DA933DF2A2448BD23F1C5D8BE04CC2DC3B43B3EEC29F8B5FF926D11D3E97EBF7FA1BD1E5E5F5FE6
310
D3D972F548547783146ECD84873F377C5820F7F9FCE5E07378D6CBCB7E036DF7F7104079A05B77C6942D1BA95D47424BFC3DB6411009A42E207871B7EE9B06614BBD20F22F7523FB985F3F7068E37600273A3ED0C1CCC380F6EC4AF01CC1CF95E4848B7BF950AD14C44F10460221E02D21D01DAE800F323704C00035DFE97C
310
B37F797D3D1C0E4FBF35EE1E5E9E0E879FBF3DF6F474780A01FB3DAF01FE0C0798218007C2090A3008BA7682A338F4A8804A06CBFE6A80CEC766F49853F15B2F45FCEA3F8250012841315016E75E797EFEEC4ACA6C79F515CF1738F7C36E2406071051043817C9E8C5888D49D0332E800062FF54FA562BF7446CC0BFDFBF86
310
03D1FEFCC9F7FFB5A7F000430755C2D3F72F2D02A022820897ABDD44594475BDCCA4A10AF34C06B08B4AB58BBFAE30999DC66C7CE903A83CF8EB006EEEAA063430F84B05F0ECF644825F5E95073870E72A0771AB89B080022A0C5A9FAF34C89286257FB7BEA000EC65B59750C68E0815B0D9834B15606328F80709DE09018A
310
C2A7817F83F96DB3D562C10A0A31300230CD4200B87F85808BAF64D04600254047F9C14DE93464009E7F5AABB4FDD6D55142A2C0BF1541FCE19C20C899BF4F76AB54B84CB97F88F48ECC029FD253F0C70DF4816B9AC94BCBD653B1A283C4001A0337955E4AFED3FB790B6B1F5EA0B5514074103A38D84280EE0F5F9BE974EA
310
B2D16AB1EA969684B6E4166CA28264B300474C7308D20013B204A65F82970718D05678B3315D442E1C0A327E2F56556040C005D2FAB1326A68A07507C9E46A3648555A7080F5F50219A00E6222E3E0862CE95B5680930530742F1D041805E69B788161F015944D041182B861A2C17F3AF01CF5BFDF6C343F9171F5B004BF59
310
C016719164B888EA206A02AD05E8464D06B48E4381A0E9345FD171625AC22198F57C003BEA5510F81FF78D31C9B033D0030000000049454E44AE426082504B0304140006080800A582275D51464CB48900000043010000360000006662782F34313841323044412D333131322D343939322D394143412D3436454533444136
310
443231322F6469726563746F72792E786D6C9D8F310EC2300C45AF127987122606C71DD918B841D4B851A43646695A717C52A85029031293A5A76FBF6FACEF7DA7264E43906840EF0FA03836E242F406C6DCEE4EA06AC22492573150D1F66C60C640E8938CB705396EEDD86DE9B5042FE27813D640EA63BB001C722AF6E55C
310
B61E4863F58284D5D3F53DD715CE1C3985E63FD7F1B7EBDD617E9F1E504B0304140006080800A582275D2A096CC5340700004B1C0000340000006662782F34313841323044412D333131322D343939322D394143412D3436454533444136443231322F6F626A656374732E786D6CDD59E96FE23814FF57A2ECE79C40A71951
310
4614DA0AADE6D0A059EDB7C80443BD750ED9498FFDEBF7D9B1439C0648E790464BA5121CE7F9BDDFBB5FA61F9E536A3D62C6499E5DD981EBDB16CE927C4BB2FD955D953BE7D2B63ECCAC29CBF3B2B5CFB63294E22B5B2CDBB3E99EE555A196B678872ADA5DBDBDFEDBE209CEB06D2514717E65F3E41EA7C84555996F317F70
310
B7A844EE7EF7EC066EBDD124BB67A8B8EF1C552086B3125885F50CA8280E02F32788E4CDA69ED8606C1B0DDB169ED8E649C14D4649C64B9425AFB8EA1C171EE1AA73DC28182F6FC249E44CC6E39133BE0803E7FAF67AE904EF46FEE262B188E637916DCDA69B3CA78D020A9C6D418B2FF62C987AE24E23BE42A18FEF24CF32
310
9C2834FB366CB1A24B30EF6262001B48D15A0AA9656D2D8C060A7F64DB20500C960CB4B570FABB6DBDF9E61F00810FB152C6B1B0725E32D0B5C2BEF6077FEAD5AB865E08B75254624610B528D930C44041B0B556904146788B206509CCA41635BD36AF60D8E77DA98FCB5D45A9F05F7B263D2D067FC425979C917F313B70DF
310
3E0D7802692B9295974AD8F2A50012D1D4938BF5BD51A86ED6405A3B8AF6602D20A6D8340A3B782D442C582DEDD99FB79BE7B5880FFD87172C2F302B85E54967567EA735D8322D30BE01A0D4B89ABA3BA0F215A0FF04C837BC5853D01C23CFE3E7B1969DA18CEF729682762CDF727CF8E75BE2F2D5D5D46B1E9E5996112B8F
310
610A6EFB933035C430CE6E413A9B3E82D1E76CA4845B2788824D7F2499F07330148BE6B004F17EB779B6672B08A6B0084F210AD2C3DFD41397167CD57420DE7434D4177E07284A3B4CD7CF0EBABA039B6124695465C8780CDFC94FC177BE5CFFB9AED80E25F8A372EC25DE918C94904CFB193240375CFEDBEA93F4C83B9A6F
310
103D3C6D6C4AE0987D2EE2468F5AD64A2D96D40B7022D270AD19B9F29180B7538A329C575CADF7C5A924A7398B372F71EDC2BD67FDA56DA03E4C19406F2C83E49E3052084CEC99D2561308DD96A0606188290BDCD75A8D37555AC428CDAB4C84DAD7A6D8E503E28CB044A02AA969C3D65EABC96EC96E5771085EBD24170690
310
CA9F35E1DAC2C710C7FAF86578C71024D13C8B09E4607096DE138C031AF04EF3CC31DDC584D22A8D7784421E8953541CA13F508276E67AC02F4F39DBF612342D4BFBA4B62101B8025683A4B3551DF3954E197E24A2CC94F94C67036387AA43EDD9F848BA1099A207506D8CD2CCA371B40896E31B27F4271367FCEEDA77E6B7
310
B7D7CE6D74B98CFCEBC922BC38588944E010ADDAF90E5429CA1CC3FFCAFB2ADD648850B821C446DBE2FD07993DAF3C088DDE38B89C87FE72EE8C822074C651143AD17C3187BAEDE666B49C5F2CC320F418E679C512CCBDD0F3636D9245B6EFA2773E864259733ED9697D7585F91FC7D06E4E3094F8BB06D1C62A7B0AC2A141
310
543CDA0DA1287910292A4EA0EAEB759F4E10EDF2D117E7DE18977D77E4CB4F1044A11F8597D1643230ECC9937E38D2F5C99040E75995715EA08494FD29B583CC4096DF945DDC5130A9B1D1FFC3D002BC06AF364C9DCE4C8AA998A4688FE31D127D454F283D27716FD6DBD39C7392612EFBC257F56287A6EF42F96566E91EB3
310
253C4E7189BEC76265A3D1F10288E634860EB6143384B37544E302AA67394651F4CB90EAA5FC2F31476941EBDEF81C0641A8215027F4E22A9816473C827DC6A88CFD2D96A38E73D41BF6754531887AF4DDE48FC0A32BA15F088F3E6278B1E54E82487C2E210C5D4C82D1C5BB4615E7D0D28795A2F7A31574ABC94BFC84C9FE
310
7E50713A4C2BAD32AF2EC44B9C42EB8BCA8A0DF2D80B8826DAB6B4402A32745CA275D21B0B4AD9F3E9AE0F0E934DDFB192B8750CD4AE2483D9D820415E49D16BC45217720E28C65D6FF06C8DCD59AA3F1C317F7995DD76BF540E8CCEE30015761D8255FC31EAF0DE4ADDA8A1F8132A1308A56BF9ED5C83476CF1F6D0CC19E4
310
FACA7A5DDB9EABB85722A4A630E54522D27E1417F42B025543C7CDBDBBBAD0F3EAF595486D2E0CB40F7C184C9BB43EDFAD3B546065F0D35F0446F8A94341AD2E44077D82D4B7D5614ED0A1A024FAB63AF1F86FD1856805B6466F3041E6392530C8C75B6B8F73C8DF30AA18D0A1B014739997C1785590D26F11063CFD58CF61
310
4BB4A1FAE9E41EC1309BAAFEAD4A60900A39F3CA56EBD61F303A15D34B39D0721FA0755331CCB62A46AE6CB0D8924087E66E600426078E927A67C4098E8DB2BDC8F8F553CDEFC363021D884A07B99A3D4370519219CE04A57021DF2D40DD57DF984DBF5F74CD8E854AB8DC546523CC61E1208D0241BF44A8858349E18382F7
310
190A96D37205AEDC634032689A7FD20E6AAA4E89D85E8EE45B78CF975F3C314D5F7DB60A5AED853A4F75CC06254774EAB4AA275753300C2566814415B978EF7D6139BC964AAD5B0246E02DF234CD33F563AE5E6B59EB7B7849B5F5F480907B634F0E0CD41B8078833876D1963FC0026894113146AD9135F4DE04D196DEB522
310
840AE03163FF6A69A9A2A8354C69475B818A1CFF5BE03FE2B58FF096F686D6AC125C00B892370F177A61EA319897CFFE03504B0304140006080800A582275DA847847CE1000000550100003C0000006662782F34313841323044412D333131322D343939322D394143412D3436454533444136443231322F7265736F757263
310
65732F322F636E782E786D6C4D90CD6EC32010845F0521F5680C3EA46D84C94BE4D44B44F086A2D8ACC54FD5BE7D96944A3DED6AE6D36A76F4E97B5BD917A41C30CE5C09C91944874B887EE6B5DC8637CE4E4627C4F20FE32CDA0D66DE646EB44F58F72E2D70B3756DEA1AE2BD8BF2E221420AEEB247CF995B6DCE33CFEE13
310
362B6C2DB840BE8BC5162B944890B1260774A2840DFA0997C01658B899E47418E4FB205FCFEA709CD451A90F3D36D2E82BE2DAF9100B24DC5F26E990D64889A41E1B60744DA153ED0D32FEE2098AA747B28DCE2551071D2B3F3B6161B31EC627F2EB1A3DB627693C1BA0D90A310F504B0304140006080800A582275DFF15A4
310
A45D000000800000003A0000006662782F34313841323044412D333131322D343939322D394143412D3436454533444136443231322F7265736F75726365732F636E782E786D6C4D8B3B0E80201005AF42B6F75B59F0390B113044D83508C6E30BC6C26AF226F3B8BA6360974DA7271430F523308B2B198F9B80925DB70053
310
9227A2FCCB80A18E5640D320F996A81C9F32D6E9129A0D1EF74FCE750E6D57BC7165FBCA07504B0304140006080800A582275DC6844D194201000056050000300000006662782F34313841323044412D333131322D343939322D394143412D3436454533444136443231322F636E782E786D6CCD94C14E032110865F6543E2
310
71D9650F551B96261E7C020FC61BCB4E572C0B1B188C7D7BA16E5B8D69F4D0A4BD91E123F9FF999FE1AB8FD114EFE08376B6258CD6A400AB5CAFEDD09288EBF28E142BC1BD73F80D23859523B4249789E08377719A4B3DAC6534B96AB4DDCC4589E87517110229949121B424A857182595115D0F61437B899232EA21B8E815
310
A4F7A84798DF2B0F12A127A2A99B4559DF97F5ED135B2C1BB664EC85579914BC73CECCBCB608DE4D374DAD5C3ADA24A7E65506048F5ECF54F640C4511BEDB4E555BA173C24BD769839DC4E999B26A395C4D4A8CA29042C130472E4D5172C78951DFFF0FDF8F07CD4904EBDF6A0D0F9EDC5DAC04EB5E1208DA644FCAF0B3BF0
310
2FF3AE7B4B962F37F79386676167B3BB4F6E48D1FD9D8494276907738D1FE020EDFCF94F8B05B5BA46D37B6567F25CED56601A7CDE88E213504B0304140006080800A582275D1A723AE67D000000A30000000B0000006662782F636E782E786D6C4D8CD10A832018465F45FE7BB734890435247B90581632D3E132F6F8D3D1
310
C5AE3E387CE788E1B37B74DAF476314820B706900D8FB8B8B049C8C78A7B40831229C6E3EF0628CCBB95503128B1A5985F175AEC3A675FA977E17941467A4D1BA3714B08C58C738AB91E3566DD34B5467786125A8C7B55CAFC7A656B5E7D01504B0304140006080800A582275DA6D797065F0000008200000007000000636E
310
782E786D6C4DCB3B0E80201045D1AD90E9FD7516806B51190811670C8A61F982B1B0BAC9C97B72CA7B1037C6D3332918DA1E04D2CAC69353902EDB8C20262D23F3F59B81A079470595414B17391D1F19B4730A5583A7ED43BBE4025D9592775E5ADFFA01504B0304140006080800A582275DECFD112DA80000002601000013
310
0000005B436F6E74656E745F54797065735D2E786D6C7D4F4B0EC22010BD0A61DF525D18634ABB506FE00510A79458060253536F2FD89D5197F3FED3F68B9BD80362B21E25DFD40D6780DADF2C1AC9671AAA3D677DD75E9E0112CB5A4C928F44E12044D22338956A1F003333F8E814E5331A1194BE2B0362DB343BA13D1220
310
55543278D79E6050F344ECBC6478EDCD76CE8EABAE5449AE4298AC56946789C28AAFBEABC53F3EAF09A84A1441B91F0101CD4780756578C173A578FFDDBD00504B0304140006080800A582275D3DEE336E64000000790000001B0000006175746F6465736B2D64657369676E2D7061636B6167652E786D6C35CBC10E83200C
310
00D05F21DCA56CA76D41FC96062B120735B69A7DBE268BB7777961F8D5AF396893C2ADB70FE7ADA196782C2DF776D7A97B5933C430F15651E5469C55D70F80A4992A3ADC954792C525AE70A1E4D6AD9816CC044FEFDF01FE3FDE907802504B0304140006080800A582275DA706DF00F30000008E0100003D0000006662782F
310
34313841323044412D333131322D343939322D394143412D3436454533444136443231322F7265736F75726365732F322F636F72652E786D6C8550CB6EC4200CFC95C8779240A384AC08ABA68F2FE8A937046C8A7603118FAA9F5FD8A4527BEAC9D678666C0F3B7FADB7EA53FB609C9D00D72D54DA4AA78C5D2648F1822854
310
67CEBC73F1170D2A2B563D418181B3C5BBB41D9074366A5B50EB943E4011828E50C95B6E2608F243AFA216296646B8D69B9057B1E81AD73B8FB3948C3AA44665377331DA03A7031DE79E7688E219A38E3CB7689CC9885E5F06429FC6797EEC3BD6143167D1AC3FDBA5D7226A059CB4A447ED88DAE10DF727824F18BFB3A630
310
390BD1E79F8FA5E5BB4C67CD8EFE714B9BFADF2D191B1FC8E1B62B02709C8FBB0F386B4A3AB9DCA3CBB524C9BF01504B0304140006080800A582275DF9BDE866F8000000960100003B0000006662782F34313841323044412D333131322D343939322D394143412D3436454533444136443231322F7265736F75726365732F
310
636F72652E786D6C8550CB6E84300CFC15E47B80A488C72A6455FAF8829E7A8B829746BB24288FAA9FDF64A1527BEAC9D678666C0F3F7FADB7E2139DD7D68C40CB1A0A34CACEDA2C23C470213D1467C19DB5E1170D0A23571C21C320F8E26CDC0E485913D064D4D8190F507A8F010A754BCD085E7DE02A4B194362F86BB949
310
75950B96B4DC7982C7A8E743AAE7E4A62F1A1D88BEEB87A9ED1BD2D38992863DD76498D8405E5F3AD63F0DD3F4D836BCCA62C1835E7FB62B8732E00C82D5AC25F540EAEE8DB627464F94BEF32A3305F7C1A59F8FA5F93B100EBD8D4EA1E7D53EFDE31AB7F97FD7A84D786087EBAEF020683AF23E10BCCA29A5728F30D59CA8
310
F806504B0304140006080800A582275D1BACA09BF1000000B1010000310000006662782F34313841323044412D333131322D343939322D394143412D3436454533444136443231322F636F72652E786D6C8D50CB6EC32010FC156BEFD8065B6E1C6122ABCE1FE4941B02E2A0C460F1A8FAF985D895DA5B4E8B666798D9A1A7
310
EFE5597C29E7B53503E0B286421961A536F30031DCD0018A13A3CEDAF0870685E18B1A20C3C0E8EC6C5C7748581394C9A8B152ED20F75E0528C4333D06F0E2AE165EF21812C33FCA958B079F5589CB8DC768D0CBAF5438C58392C0484D3A54F7A8FEB8E0EE48F011E32BAD3293D118B5DCADB44CEEFAA69503D6E2C348EA69
310
440DC604B57D4F503F7E8EA8EDCEE7661ABB896042AB2C66D407976EDE3FC9D7BD2BDF84FF32C755BE91599BD090DD7053786038E5792D18AD728169BCDA4D3397CD7E00504B0304140006080800A582275D2F5F178753010000DD0200000C0000006662782F636F72652E786D6C8D52DB6E842014FC15C33B2AD4B8BA4136
310
B5972FE853DF58642D59058360F6F30B5E62F7A1DBC604C99C7366CE4C20A75BDF459330A3D4AA02284E412414D78D546D059CBDC00244274A8CD6F6471B8814EB4505020C28698D76C30A71ADAC500155BA112BC8C6515810F1CE5F2A30F22FD1B39839EB3BC66B3C307E65AD8851BCF451E29C6CD651D978367991C2005A
310
1C8AB2CE8B0C16A84630C3AF292C6B5CC2F7B7032E5ECABA7ECE339284614AACEC37756E04B3A20114A738876909D3C307CA8F181D11FA2449E8A464B4C67B5E45833B402FE71B4916FC8ECF0DCDDF7C4E2AFB8457BE65620414F9F5E6022549C8C7FFE6F0EE33F4C23E3FCBCEDD66E1EAA14970AB4DE62B8D767B69629D13
310
9E3A8DE68F244BD533CF04BFF1E0073C8F397C504CB57E3566FDF5EC6C50BFDF6910064EF616296D7AD6EDCB2D2BEEE72E7467691BE7BAD3E63FD39BD52DCC243C4CFA0D504B0304140006080800A582275DF5A46F1107010000B201000008000000636F72652E786D6C8D50CB6EC32010FC15B4776C432D1B4798A8EEE30B
310
7AEA8D0271506CB00C8EDABF2F24AED4DE7A5A3433BB330C3F7ECE13BA9A3558EF7A204505C838E5B575630F5B3C6106E828F8EA7DFC2503E4E46C7AC830083EAE7E5B764879178DCBA8F3DAECA00CC144406A4A8F1E823A9B5916728B49112EC522D5458EA620C55D2778B4F3CFAA5A8D8C4683A0156D70D5E1AA7D23CD81
310
920321EFBCCC4AC1B7CDEADDCAEAE46E4FD6AC2058CBBAA16135666420B8A6CF15EE06DAE1D79796B2A76E181E9B9A977959F010D7F4E7FD48CA195190D7ECCBCB3B25F887F7D32E48A134F26EFA0251F132137F426F8BFE4768EBE203DD0FDE3702089202DD88649C1B4CE3566F9AB96DF10D504B01021400140006080800
310
A582275D0000000000000000000000003700000000000000000000000000000000006662782F34313841323044412D333131322D343939322D394143412D3436454533444136443231322F617474726962757465732E62696E504B01021400140006080800A582275D00000000000000000000000035000000000000000000
310
00000000550000006662782F34313841323044412D333131322D343939322D394143412D3436454533444136443231322F76657274696365732E62696E504B01021400140006080800A582275DF270F13306000000040000003600000000000000000000000000A80000006662782F34313841323044412D333131322D3439
310
39322D394143412D3436454533444136443231322F747269616E676C65732E62696E504B01021400140006080800A582275DB5A795FFE3790000DE7900004200000000000000000000000000020100006662782F34313841323044412D333131322D343939322D394143412D3436454533444136443231322F7265736F7572
310
6365732F322F305F67656E657269632E706E67504B01021400140006080800A582275D51464CB489000000430100003600000000000000000000000000457B00006662782F34313841323044412D333131322D343939322D394143412D3436454533444136443231322F6469726563746F72792E786D6C504B010214001400
310
06080800A582275D2A096CC5340700004B1C00003400000000000000000000000000227C00006662782F34313841323044412D333131322D343939322D394143412D3436454533444136443231322F6F626A656374732E786D6C504B01021400140006080800A582275DA847847CE1000000550100003C0000000000000000
310
0000000000A88300006662782F34313841323044412D333131322D343939322D394143412D3436454533444136443231322F7265736F75726365732F322F636E782E786D6C504B01021400140006080800A582275DFF15A4A45D000000800000003A00000000000000000000000000E38400006662782F3431384132304441
310
2D333131322D343939322D394143412D3436454533444136443231322F7265736F75726365732F636E782E786D6C504B01021400140006080800A582275DC6844D1942010000560500003000000000000000000000000000988500006662782F34313841323044412D333131322D343939322D394143412D34364545334441
310
36443231322F636E782E786D6C504B01021400140006080800A582275D1A723AE67D000000A30000000B00000000000000000000000000288700006662782F636E782E786D6C504B01021400140006080800A582275DA6D797065F000000820000000700000000000000000000000000CE870000636E782E786D6C504B0102
310
1400140006080800A582275DECFD112DA8000000260100001300000000000000000000000000528800005B436F6E74656E745F54797065735D2E786D6C504B01021400140006080800A582275D3DEE336E64000000790000001B000000000000000000000000002B8900006175746F6465736B2D64657369676E2D7061636B
310
6167652E786D6C504B01021400140006080800A582275DA706DF00F30000008E0100003D00000000000000000000000000C88900006662782F34313841323044412D333131322D343939322D394143412D3436454533444136443231322F7265736F75726365732F322F636F72652E786D6C504B01021400140006080800A5
310
82275DF9BDE866F8000000960100003B00000000000000000000000000168B00006662782F34313841323044412D333131322D343939322D394143412D3436454533444136443231322F7265736F75726365732F636F72652E786D6C504B01021400140006080800A582275D1BACA09BF1000000B101000031000000000000
310
00000000000000678C00006662782F34313841323044412D333131322D343939322D394143412D3436454533444136443231322F636F72652E786D6C504B01021400140006080800A582275D2F5F178753010000DD0200000C00000000000000000000000000A78D00006662782F636F72652E786D6C504B01021400140006
310
080800A582275DF5A46F1107010000B20100000800000000000000000000000000248F0000636F72652E786D6C504B050600000000120012002D060000519000000000
  0
XRECORD
  5
27
102
{ACAD_REACTORS
330
22
102
}
330
22
100
AcDbXrecord
280
     1
270
     1
271
     1
  0
XRECORD
  5
26
102
{ACAD_REACTORS
330
22
102
}
330
22
100
AcDbXrecord
280
     1
270
     1
271
     1
  0
XRECORD
  5
28
102
{ACAD_REACTORS
330
22
102
}
330
22
100
AcDbXrecord
280
     1
270
     1
271
     1
  0
XRECORD
  5
25
102
{ACAD_REACTORS
330
22
102
}
330
22
100
AcDbXrecord
280
     1
270
     1
271
     1
  0
XRECORD
  5
DDC
102
{ACAD_REACTORS
330
DDB
102
}
330
DDB
100
AcDbXrecord
280
     1
102
DISPLAYNAME
  1
Imperial24
102
FLAGS
 90
        0
  0
XRECORD
  5
DE0
102
{ACAD_REACTORS
330
DDF
102
}
330
DDF
100
AcDbXrecord
280
     1
102
DISPLAYNAME
  1
Metric50
102
FLAGS
 90
        0
  0
CELLSTYLEMAP
  5
DD1
102
{ACAD_REACTORS
330
DD0
102
}
330
DD0
100
AcDbCellStyleMap
 90
        3
300
CELLSTYLE
  1
TABLEFORMAT_BEGIN
 90
        5
170
     1
 91
        0
 92
    32768
 62
   257
 93
        1
300
CONTENTFORMAT
  1
CONTENTFORMAT_BEGIN
 90
        0
 91
        0
 92
      512
 93
        0
300

 40
0.0
140
1.0
 94
        5
 62
     0
340
55
144
0.25
309
CONTENTFORMAT_END
171
     0
 94
        0
309
TABLEFORMAT_END
  1
CELLSTYLE_BEGIN
 90
        1
 91
        1
300
_TITLE
309
CELLSTYLE_END
300
CELLSTYLE
  1
TABLEFORMAT_BEGIN
 90
        5
170
     1
 91
        0
 92
        0
 62
   257
 93
        1
300
CONTENTFORMAT
  1
CONTENTFORMAT_BEGIN
 90
        0
 91
        0
 92
      512
 93
        0
300

 40
0.0
140
1.0
 94
        5
 62
     0
340
55
144
0.18
309
CONTENTFORMAT_END
171
     0
 94
        0
309
TABLEFORMAT_END
  1
CELLSTYLE_BEGIN
 90
        2
 91
        1
300
_HEADER
309
CELLSTYLE_END
300
CELLSTYLE
  1
TABLEFORMAT_BEGIN
 90
        5
170
     1
 91
        0
 92
        0
 62
   257
 93
        1
300
CONTENTFORMAT
  1
CONTENTFORMAT_BEGIN
 90
        0
 91
        0
 92
      512
 93
        0
300

 40
0.0
140
1.0
 94
        2
 62
     0
340
55
144
0.18
309
CONTENTFORMAT_END
171
     0
 94
        0
309
TABLEFORMAT_END
  1
CELLSTYLE_BEGIN
 90
        3
 91
        2
300
_DATA
309
CELLSTYLE_END
  0
ENDSEC
  0
SECTION
  2
ACDSDATA
 70
     2
 71
     8
  0
ACDSSCHEMA
 90
        0
  1
AcDb_Thumbnail_Schema
  2
AcDbDs::ID
280
    10
 91
        8
  2
Thumbnail_Data
280
    15
 91
        0
101
ACDSRECORD
 95
        0
 90
        1
  2
AcDbDs::TreatedAsObjectData
280
     1
291
     1
101
ACDSRECORD
 95
        0
 90
        2
  2
AcDbDs::Legacy
280
     1
291
     1
101
ACDSRECORD
  1
AcDbDs::ID
 90
        3
  2
AcDs:Indexable
280
     1
291
     1
101
ACDSRECORD
  1
AcDbDs::ID
 90
        4
  2
AcDbDs::HandleAttribute
280
     7
282
     1
  0
ACDSSCHEMA
 90
        1
  1
AcDbDs::TreatedAsObjectDataSchema
  2
AcDbDs::TreatedAsObjectData
280
     1
 91
        0
  0
ACDSSCHEMA
 90
        2
  1
AcDbDs::LegacySchema
  2
AcDbDs::Legacy
280
     1
 91
        0
  0
ACDSSCHEMA
 90
        3
  1
AcDbDs::IndexedPropertySchema
  2
AcDs:Indexable
280
     1
 91
        0
  0
ACDSSCHEMA
 90
        4
  1
AcDbDs::HandleAttributeSchema
  2
AcDbDs::HandleAttribute
280
     7
 91
        1
284
     1
  0
ACDSRECORD
 90
        0
  2
AcDbDs::ID
280
    10
320
73
  2
Thumbnail_Data
280
    15
 94
     1102
310
89504E470D0A1A0A0000000D49484452000001000000007808030000002AAADC4C00000300504C5445F2F2F2FFFFFFF2F2F20000000000000000000000000000000000000000000000000000330000660000990000CC0000FF0033000033330033660033990033CC0033FF0066000066330066660066990066CC0066FF0099
310
000099330099660099990099CC0099FF00CC0000CC3300CC6600CC9900CCCC00CCFF00FF0000FF3300FF6600FF9900FFCC00FFFF3300003300333300663300993300CC3300FF3333003333333333663333993333CC3333FF3366003366333366663366993366CC3366FF3399003399333399663399993399CC3399FF33CC00
310
33CC3333CC6633CC9933CCCC33CCFF33FF0033FF3333FF6633FF9933FFCC33FFFF6600006600336600666600996600CC6600FF6633006633336633666633996633CC6633FF6666006666336666666666996666CC6666FF6699006699336699666699996699CC6699FF66CC0066CC3366CC6666CC9966CCCC66CCFF66FF0066
310
FF3366FF6666FF9966FFCC66FFFF9900009900339900669900999900CC9900FF9933009933339933669933999933CC9933FF9966009966339966669966999966CC9966FF9999009999339999669999999999CC9999FF99CC0099CC3399CC6699CC9999CCCC99CCFF99FF0099FF3399FF6699FF9999FFCC99FFFFCC0000CC00
310
33CC0066CC0099CC00CCCC00FFCC3300CC3333CC3366CC3399CC33CCCC33FFCC6600CC6633CC6666CC6699CC66CCCC66FFCC9900CC9933CC9966CC9999CC99CCCC99FFCCCC00CCCC33CCCC66CCCC99CCCCCCCCCCFFCCFF00CCFF33CCFF66CCFF99CCFFCCCCFFFFFF0000FF0033FF0066FF0099FF00CCFF00FFFF3300FF3333
310
FF3366FF3399FF33CCFF33FFFF6600FF6633FF6666FF6699FF66CCFF66FFFF9900FF9933FF9966FF9999FF99CCFF99FFFFCC00FFCC33FFCC66FFCC99FFCCCCFFCCFFFFFF00FFFF33FFFF66FFFF99FFFFCCFFFFFF0000000D0D0D1A1A1A2828283535354343435050505D5D5D6B6B6B787878868686939393A1A1A1AEAEAEBB
310
BBBBC9C9C9D6D6D6E4E4E4F1F1F1FFFFFF000000000000000000000000000000000000000000000000000000000000445C159F000000E34944415478DAEDDA510A82401885D1D9C1BFFFEDCD4A2A345444687C889A7B0E8431E1831FA30D6A6B000000000000007CAA3F555FBCB7A781E30F7305A8F5D376DBD3406D5FAA4D
310
16A07F610F01660A5065060820800093AD03462E81D601CB1EEBCA5000015C0405104000012C84CC000104104080FF0D30705B7CC200E90F4600000080E30D82FD0D819800AFBB3F751EAC9C1930341C11A02A3C40FC0C080B7071A80208101D20691D70F1CA446F33BD1B77F31410203D807F010104880D601DE014104000
310
0102036C6F0E8605580F7CFF802028C0F640A4010000000000FC82073E36E8585E5930F10000000049454E44AE4260829F4F7FC10A0000000049454E44AE42608200D97E3580071F4DD20000000049454E44AE426082
  0
ENDSEC
  0
EOF
